id,speed_condition,difficulty,resp_deviation,rt
1,0,3,-0.26955,1.2595
1,0,2,0.16484,0.86939
1,0,1,-0.15329,0.8009
1,0,2,0.079275,1.0019
1,0,1,0.0036187,2.364
1,0,3,-0.62848,1.0521
1,0,2,0.19988,1.053
1,0,2,0.88469,2.3029
1,0,2,-0.062807,0.88762
1,0,3,-0.32651,0.94328
1,0,3,0.72711,1.2994
1,0,1,0.064997,0.83046
1,0,1,-0.093198,0.76012
1,0,1,-0.27316,0.92477
1,0,1,0.049746,1.0294
1,0,1,0.094181,0.96602
1,0,2,-0.21549,1.091
1,0,1,-0.011638,0.72233
1,0,3,0.047528,0.89741
1,0,2,0.13111,0.80081
1,0,1,0.11865,0.69319
1,0,3,-0.64701,0.88181
1,0,3,0.58311,0.92763
1,0,1,-0.11628,0.84309
1,0,2,0.11568,1.1492
1,0,2,-0.17985,1.1168
1,0,3,0.26182,1.4275
1,0,2,-0.19704,1.0922
1,0,3,-0.72385,1.1208
1,0,3,-0.43072,1.7964
1,1,3,-0.36965,0.80825
1,1,3,-0.12169,0.54978
1,1,1,0.0090484,0.534
1,1,3,-0.52937,0.67777
1,1,1,0.01438,0.52983
1,1,1,-0.046911,0.52596
1,1,3,-0.5073,0.61252
1,1,3,-0.53957,0.6136
1,1,2,0.11281,0.60186
1,1,1,-0.15697,0.5176
1,1,2,-0.015959,0.65095
1,1,2,-0.056143,0.67273
1,1,2,0.70644,0.60214
1,1,3,-0.25887,0.67163
1,1,1,0.031373,0.51689
1,1,3,-0.3638,0.84933
1,1,2,0.06063,1.1763
1,1,2,0.22631,0.55891
1,1,2,-0.013788,0.70509
1,1,1,0.099318,0.69624
1,1,1,0.12554,0.57531
1,1,1,0.035566,0.66634
1,1,3,0.36914,0.63089
1,1,2,-0.26404,0.61821
1,1,1,0.018514,0.64379
1,1,2,0.35776,0.76403
1,1,2,0.073075,0.64741
1,1,3,-0.1577,0.68394
1,1,1,0.066748,0.68297
1,1,3,0.85457,0.60664
1,0,3,0.17666,0.73904
1,0,3,-0.43518,0.79204
1,0,1,0.022048,0.76228
1,0,2,-0.73076,1.7495
1,0,2,0.045427,0.92531
1,0,2,0.12967,0.68294
1,0,3,-0.22149,0.69859
1,0,3,-0.052538,2.2989
1,0,2,-0.049908,1.0594
1,0,2,-0.042035,1.0111
1,0,3,-1.0787,0.68237
1,0,1,-0.0538,0.84342
1,0,1,-0.0105,1.2653
1,0,2,-0.275,1.0834
1,0,1,0.041992,0.9002
1,0,2,0.083603,0.97414
1,0,3,-0.078977,1.166
1,0,2,-0.097529,0.82511
1,0,2,0.097143,0.81511
1,0,1,-0.068468,0.71711
1,0,3,0.019856,0.93055
1,0,3,-0.20803,0.94921
1,0,3,-0.87454,1.6071
1,0,3,-0.0091924,1.1798
1,0,1,-0.0441,0.85932
1,0,1,0.12938,0.84354
1,0,1,0.19676,0.88485
1,0,2,-0.10019,0.83895
1,0,1,0.013425,0.92471
1,0,1,-0.11951,0.76782
1,0,1,-0.02141,0.83433
1,0,3,-0.1603,0.78513
1,0,2,-0.12144,0.7862
1,0,1,-0.13281,0.74393
1,0,3,0.40701,1.3683
1,0,1,-0.021445,0.85042
1,0,3,0.24179,1.0414
1,0,1,0.027202,0.83993
1,0,2,-0.0076163,0.72283
1,0,1,0.073258,0.71671
1,0,1,-0.23925,0.72213
1,0,3,-0.50735,0.86203
1,0,3,0.10172,1.002
1,0,3,0.1883,1.4932
1,0,3,0.33636,0.96195
1,0,2,0.51124,1.2178
1,0,2,0.21746,0.95258
1,0,3,-0.29944,1.2346
1,0,2,0.27461,0.99877
1,0,2,-0.12973,1.9994
1,0,1,0.10429,1.8597
1,0,2,-0.23742,1.4478
1,0,1,0.065711,1.0362
1,0,2,0.41627,1.5352
1,0,3,-0.30539,2.2114
1,0,1,0.028037,1.6321
1,0,3,-0.57504,1.2626
1,0,2,-0.049786,1.7317
1,0,1,-0.12858,0.80619
1,0,3,-0.48625,0.72319
1,0,1,0.76307,0.43798
1,0,1,0.06628,0.58089
1,0,1,-0.14428,0.65925
1,0,3,0.19757,0.91567
1,0,2,-0.23374,0.67345
1,0,1,-0.0081501,0.61993
1,0,1,0.1034,2.33
1,0,3,-0.10871,1.2509
1,0,1,0.14606,0.95676
1,0,2,0.024799,0.8957
1,0,3,0.18503,0.88417
1,0,3,0.33824,0.83532
1,0,1,-0.17626,0.75589
1,0,3,-0.44167,1.2926
1,0,2,-0.047323,1.0964
1,0,3,-0.51901,1.0804
1,0,3,-0.25376,1.3086
1,0,3,-0.99074,0.84205
1,0,1,0.024140000000000002,0.71824
1,0,1,0.057169,0.74261
1,0,2,-0.0031175,1.0792
1,0,1,0.022942,1.1661
1,0,2,0.26175,0.84729
1,0,2,0.11999,0.84522
1,0,2,0.32164,0.79006
1,0,2,0.20741,1.1186
1,0,3,0.04186,1.2284
1,0,2,-0.13699,1.1803
1,0,2,-0.051165,0.87483
1,1,3,0.15615,1.1183
1,1,1,-0.27989000000000003,0.50882
1,1,2,0.1871,0.49423
1,1,3,0.048804,0.54599
1,1,1,0.084662,0.55375
1,1,3,0.77431,0.62615
1,1,1,0.030679,0.49406
1,1,3,-0.15263,0.55783
1,1,2,-0.10996,0.5678
1,1,3,-0.92235,0.64245
1,1,2,0.17294,0.5331
1,1,1,-0.23965,0.51398
1,1,1,-0.24641,0.56502
1,1,3,-0.17619,0.57603
1,1,1,-0.41709,0.53066
1,1,1,-0.087199,0.52107
1,1,3,-1.1325,0.5928
1,1,2,-0.030041000000000002,0.60827
1,1,2,0.080093,0.63496
1,1,2,0.20651,0.71624
1,1,1,0.011702,0.54155
1,1,1,-0.072339,0.5138
1,1,3,-0.4593,0.54741
1,1,3,1.5116,0.69941
1,1,1,-0.066193,0.68555
1,1,2,0.27896,0.7345
1,1,2,0.53261,0.67543
1,1,2,-0.23972,0.55288
1,1,3,-0.74072,0.54899
1,1,2,0.20089,0.55694
1,0,2,-0.27101,0.65183
1,0,1,-0.22647,0.68628
1,0,1,0.042734,0.80525
1,0,1,0.13642,0.78217
1,0,3,0.17134,0.75224
1,0,3,-0.30717,0.94644
1,0,3,0.49711,1.1129
1,0,1,0.12286,0.74406
1,0,3,0.45924,1.2966
1,0,1,0.11715,2.499
1,0,1,0.065069,0.72515
1,0,3,-1.4777,1.0725
1,0,2,0.28534,0.75221
1,0,2,0.26784,0.75538
1,0,3,-0.17043,0.75981
1,0,2,-0.012221,0.73794
1,0,1,0.17242,0.71869
1,0,2,0.094467,0.70503
1,0,2,0.09211,0.74686
1,0,3,0.35515,0.80741
1,0,1,-0.14794,0.65018
1,0,1,-0.037712,0.71816
1,0,1,-0.04573,0.78421
1,0,3,0.7551,0.98081
1,0,2,0.1818,0.8244
1,0,2,-0.052596,0.98068
1,0,2,-0.082125,1.0454
1,0,3,-0.1997,1.4945
1,0,3,-0.51045,0.76525
1,0,2,-0.16785,0.71442
1,1,2,-0.20366,0.58965
1,1,1,-0.017976,0.59683
1,1,1,-0.011466,0.55987
1,1,1,0.38571,0.57397
1,1,2,0.066807,0.62402
1,1,1,0.083961,0.61168
1,1,1,0.056565,0.58488
1,1,1,-0.099665,0.69403
1,1,3,0.69548,0.57397
1,1,3,-0.07505,0.73303
1,1,3,-0.42916,0.55707
1,1,2,0.1283,0.62686
1,1,2,0.12505,0.64706
1,1,2,0.29046,0.57815
1,1,3,-0.56982,0.82132
1,1,2,-0.17063,0.65297
1,1,3,0.60383,0.58697
1,1,1,-0.064389,0.60028
1,1,3,-0.13463,0.63893
1,1,2,0.10748,0.70498
1,1,3,-0.58734,0.64032
1,1,2,-0.05933,0.63499
1,1,3,0.11394,0.65986
1,1,1,0.039019,0.67591
1,1,3,-1.3287,1.2736
1,1,2,0.1469,0.99555
1,1,1,0.13449,0.65155
1,1,1,0.0050323,0.70899
1,1,3,-0.68039,1.2013
1,1,2,-0.29438,0.91109
1,1,2,1.5079,1.1184
1,1,1,0.088618,0.56409
1,1,1,-0.13223,0.61279
1,1,3,0.54612,0.7508
1,1,2,-0.18391,0.55798
1,1,3,0.052345,0.67061
1,1,1,-0.28949,0.63766
1,1,3,-0.15601,0.79595
1,1,2,0.064008,1.1781
1,1,2,0.15257,0.67118
1,1,2,0.15986,0.6309
1,1,3,0.88872,1.1603
1,1,3,-0.75561,0.58583
1,1,2,-0.68324,0.59355
1,1,3,0.38969,0.60996
1,1,2,0.079166,0.64063
1,1,2,-0.73157,0.6362
1,1,3,-0.67804,0.67478
1,1,2,0.21913,0.60813
1,1,3,-0.23512,0.5997
1,1,1,-0.032187,0.66298
1,1,1,-0.012514,0.67989
1,1,3,0.12648,0.70166
1,1,1,0.20789,0.61988
1,1,1,0.51505,0.61604
1,1,1,0.10376,0.74884
1,1,2,0.044148,0.61785
1,1,1,0.37715,0.58062
1,1,3,-1.078,0.57403
1,1,1,0.23989,0.47462
1,0,1,-0.041933,0.8322
1,0,3,-1.1022,0.98241
1,0,1,-0.07004,0.69957
1,0,3,0.13088,0.92901
1,0,3,-1.5521,0.8178
1,0,1,-0.13422,0.87869
1,0,3,0.06073,1.5244
1,0,2,0.46882,0.97981
1,0,2,-0.12186,0.83005
1,0,1,-0.1251,0.76489
1,0,2,0.25062,1.1796
1,0,3,0.2126,0.8581
1,0,2,-0.24373,0.87665
1,0,3,-0.26148,1.067
1,0,2,0.19142,0.93439
1,0,1,-0.14055,1.0322
1,0,3,-0.049223,0.92771
1,0,3,-0.43513,0.99831
1,0,1,-0.26978,0.84183
1,0,3,-0.10081,1.5617
1,0,2,-0.13938999999999999,0.93976
1,0,2,0.11496,0.95155
1,0,1,0.16139,0.81299
1,0,1,0.13121,0.72273
1,0,2,-0.2188,1.0543
1,0,2,0.010638,1.0675
1,0,2,-0.33571,0.89567
1,0,1,0.1112,0.87799
1,0,1,-0.0027156,0.81452
1,0,3,-0.52888,1.0966
1,1,3,0.83796,1.0105
1,1,1,0.14898,0.65084
1,1,2,-0.0024344,0.55813
1,1,1,-0.2314,0.59568
1,1,1,0.2546,0.56688
1,1,1,0.077997,0.71327
1,1,2,-0.026727,0.75105
1,1,2,0.17466,0.67373
1,1,1,0.11013,0.65633
1,1,2,-0.45074,0.62099
1,1,2,-0.20624,0.62497
1,1,3,-0.2483,0.5986
1,1,1,0.25949,0.62979
1,1,3,-0.28418,0.67974
1,1,3,0.071672,0.54232
1,1,3,-0.13663,0.54779
1,1,3,-0.056297,0.71057
1,1,2,-0.17138,0.58968
1,1,1,-0.14562,0.5667
1,1,2,-0.14227,0.68644
1,1,2,-0.0056246000000000004,0.51271
1,1,3,-0.38497,0.55488
1,1,1,0.054568,0.62685
1,1,3,-0.17625,0.58247
1,1,2,0.25612,0.65183
1,1,3,-0.49502,0.68034
1,1,2,-0.11427,0.66993
1,1,3,0.19493,0.53626
1,1,1,-0.13941,0.56344
1,1,1,-0.27664,0.63451
1,1,1,-0.01486,0.68177
1,1,2,0.23566,0.77756
1,1,1,-0.047107,0.55646
1,1,2,0.11264,0.54216
1,1,1,0.071422,0.54733
1,1,3,0.26073,0.57101
1,1,1,0.0084521,0.53473
1,1,2,0.020263,0.57589
1,1,3,1.4207,0.61373
1,1,1,-0.043602,0.58475
1,1,3,-0.5411,0.67957
1,1,2,-0.13277,0.54212
1,1,1,0.03753,0.55076
1,1,2,-0.014049,0.60302
1,1,2,-0.58713,0.57697
1,1,2,0.10836,0.65779
1,1,3,-0.18054,0.60115
1,1,1,0.1176,0.56436
1,1,1,-0.017393,0.56987
1,1,3,-0.88605,0.63017
1,1,3,1.3,0.55186
1,1,1,0.028109,0.58492
1,1,2,-0.1601,0.53099
1,1,3,0.67642,0.61417
1,1,1,-0.38937,0.56063
1,1,2,0.24951,0.548
1,1,2,-0.46519,0.56537
1,1,3,-0.42684,0.68223
1,1,3,0.088904,0.61502
1,1,3,-0.51805,0.58877
1,1,1,-0.14929,0.66196
1,1,1,0.16326,0.5833
1,1,1,0.032673,0.64557
1,1,2,-0.050268,0.58428
1,1,1,0.023063,0.54382
1,1,3,0.38245,0.5701
1,1,1,0.18915,0.66868
1,1,2,-0.2217,0.59675
1,1,3,0.048572,0.65021
1,1,3,0.97411,0.60896
1,1,1,0.16849,1.5917
1,1,1,0.47711,0.60197
1,1,2,-0.571,0.65903
1,1,1,0.10201,0.59509
1,1,3,-0.23993,0.69721
1,1,3,0.84597,0.71795
1,1,2,-0.33238,0.64744
1,1,2,0.31753,0.70007
1,1,2,0.036239,1.159
1,1,3,-0.04298,0.59898
1,1,2,-0.027917,0.551
1,1,2,0.11248,0.59041
1,1,3,-0.49866,0.66874
1,1,3,-0.19339,0.70571
1,1,2,-0.14585,0.84507
1,1,1,-0.054264,0.62133
1,1,2,0.24854,0.61772
1,1,1,0.06541,0.64269
1,1,3,-0.25887,0.69533
1,1,3,0.0055977,0.59396
1,1,3,-0.085127,0.9648
1,1,2,-0.21683,0.59521
1,1,2,-0.29315,0.6596
1,1,3,-0.49444,0.68697
1,1,1,0.098419,0.61598
1,1,1,0.12326,0.62123
1,1,1,0.2497,0.67714
1,1,2,-0.064183,0.68298
1,1,2,0.30144,0.64858
1,1,2,0.2051,0.61105
1,1,3,1.257,0.68594
1,1,3,-0.71374,0.67104
1,1,1,0.15344,1.6939
1,1,1,0.11763,0.65686
1,1,1,0.19342,0.61203
1,1,3,0.39518,0.70322
1,1,2,-0.017287,0.6509
1,1,3,-0.31397,0.81247
1,1,2,-0.175,0.74196
1,1,1,-0.36836,0.98415
1,1,3,-0.18371,0.72005
1,1,3,-0.89139,0.8325
1,1,2,-0.023733,0.8074
1,1,1,0.068605,0.61033
1,1,1,-0.12563,0.6539
1,1,2,0.10055,0.65494
1,1,3,-0.87611000000000006,0.70521
1,1,3,-0.20837,0.62097
1,1,1,-0.045704,1.1673
1,1,2,-0.043495,0.57875
1,1,1,-0.13544,0.74796
1,1,1,-0.31087,0.60724
1,1,2,0.26167,0.68859
1,1,3,-0.16204,0.65126
1,1,1,0.11677,0.70989
1,1,1,0.15079,0.6287
1,1,2,0.060403,0.66007
1,1,3,-0.25806,1.1117
1,1,2,0.88928,0.64576
1,1,3,0.18736,0.74223
1,1,2,0.15991,0.57084
1,1,2,-0.031675,0.59905
1,1,3,0.9701,0.65777
1,1,3,-0.8314,0.71388
1,1,1,-0.12254,0.56182
1,1,2,0.38974,0.62703
1,1,1,-0.081436,0.55352
1,1,3,-0.63056,0.52779
1,1,1,-0.17058,0.61705
1,1,2,0.33805,0.54575
1,1,1,0.0036107,0.62472
1,1,2,0.40014,0.61972
1,1,1,-0.13732,0.63209
1,1,2,0.18624,0.62446
1,1,3,-0.54162,0.64618
1,1,1,-0.40025,0.56181
1,1,2,-0.087436,0.56355
1,1,3,0.070585,0.78563
1,1,3,0.10583,0.68215
1,1,3,-0.0014634,0.61284
1,0,2,0.61181,0.65704
1,0,2,0.0362,0.77872
1,0,1,-0.11132,0.77885
1,0,1,0.086115,0.72494
1,0,1,0.24456,0.56104
1,0,1,-0.064469,0.59311
1,0,2,0.2818,0.64573
1,0,2,-0.35885,0.62444
1,0,1,0.10837,0.66197
1,0,3,0.39639,0.80336
1,0,3,0.51417,1.1704
1,0,2,0.057022,0.97221
1,0,3,0.23519,1.0094
1,0,3,0.13098,0.79516
1,0,2,0.15206,0.88973
1,0,1,-0.14626,0.77991
1,0,2,0.73966,0.74198
1,0,2,0.0092956,0.86054
1,0,3,0.099175,0.76743
1,0,2,-0.10962,0.68585
1,0,1,0.011366,0.75693
1,0,3,-0.88281,1.1684
1,0,3,-0.20318,1.1454
1,0,1,0.030629,0.78725
1,0,1,-0.030397,0.81834
1,0,1,-0.0015874,0.72318
1,0,3,0.66073,0.74184
1,0,3,0.16663,1.3769
1,0,2,0.35884,0.89385
1,0,3,-0.18907,1.1293
1,0,3,-0.16446,0.73035
1,0,3,-1.192,0.69706
1,0,2,0.099848,0.61814
1,0,1,-0.2015,0.69019
1,0,1,-0.11519,0.60987
1,0,1,-0.10825,0.58535
1,0,1,0.1238,0.603
1,0,2,-0.056931,0.66816
1,0,2,-0.034164,0.67244
1,0,1,-0.10272,0.69294
1,0,2,-0.25709,1.1204
1,0,2,0.029847,0.76298
1,0,3,0.67168,0.68911
1,0,1,0.005058,0.67665
1,0,1,-0.015474,1.5376
1,0,3,-0.26193,0.95004
1,0,1,0.085409,0.8116
1,0,2,-0.38794,1.1393
1,0,2,-0.49827,0.80071
1,0,1,0.22965,0.76508
1,0,3,0.48615,1.2153
1,0,3,-0.079426,0.81058
1,0,3,-0.2606,0.74917
1,0,3,0.23716,0.87274
1,0,2,-0.40961,0.71462
1,0,3,0.16562,0.78127
1,0,1,-0.040003,0.72846
1,0,3,0.35256,0.71398
1,0,2,0.065309,0.61764
1,0,2,-0.049806,0.69118
1,0,1,0.30508,0.60764
1,0,3,1.0635,0.57146
1,0,2,-0.11291,1.0695
1,0,2,0.098544,0.7176
1,0,1,-0.093096,1.4253
1,0,3,-0.27896,0.79196
1,0,1,0.10795,0.72655
1,0,3,0.062226,0.776
1,0,2,0.13312,1.5062
1,0,3,0.081684,1.23
1,0,3,-0.52839,1.1912
1,0,3,-0.13496,0.93058
1,0,3,-0.42564,0.90297
1,0,1,0.076421,0.80631
1,0,2,0.2316,0.91097
1,0,2,-0.16541,0.84392
1,0,3,0.42502,0.90802
1,0,2,0.22426,0.65443
1,0,1,0.12274,0.59905
1,0,2,-0.061681,1.9197
1,0,3,-0.31838,0.93119
1,0,1,0.16563,0.81591
1,0,1,0.15047,0.81523
1,0,1,0.10443,0.83107
1,0,2,0.064589,0.82584
1,0,1,-0.063663,0.65887
1,0,2,-0.73361,0.85701
1,0,2,0.030409,0.805
1,0,1,-0.088942,0.71541
1,0,3,0.20963,0.88628
1,0,3,0.29746,0.76033
1,0,2,-0.14265,0.7806
1,0,1,-0.030214,0.76365
1,0,2,0.32158,0.77887
1,0,2,-0.0053235,0.656
1,0,1,0.014639,0.77347
1,0,1,-2.2827e-4,1.148
1,0,3,-0.62758,2.2779
1,0,3,-0.85697,1.2887
1,0,3,1.3601,0.94548
1,0,2,0.058765,0.78514
1,0,1,0.072756,0.80003
1,0,2,-0.041714,1.4033
1,0,2,-0.32807,0.86811
1,0,2,-0.037132,0.99859
1,0,2,-0.019172,0.86017
1,0,3,-0.0080966,2.0704
1,0,3,-0.28912,1.0689
1,0,1,0.21018,0.7759
1,0,1,-0.050735,0.81603
1,0,2,0.47322,1.0693
1,0,2,-0.10517,1.2574
1,0,1,-0.092623,0.71496
1,0,3,0.22013,0.93215
1,0,3,0.54257,0.823
1,0,3,0.15053,2.043
1,0,1,-0.015644,0.98888
1,0,1,-0.14269,0.86343
1,0,1,0.01629,1.3045
1,0,3,-0.071864,1.4824
1,1,1,0.078757,0.64482
1,1,2,-0.16591,0.59287
1,1,1,-0.28602,0.60632
1,1,1,-0.054282,0.61462
1,1,2,-0.84186,0.67699
1,1,3,0.021604,0.64195
1,1,2,0.33405,0.59426
1,1,3,0.40937,0.72347
1,1,1,-0.20914,0.62742
1,1,2,-0.79562,0.592
1,1,1,0.067822,0.66866
1,1,3,-0.47513,1.4824
1,1,2,-0.20656,0.61005
1,1,2,-0.22173,0.70694
1,1,2,0.79698,0.72449
1,1,1,-0.072584,0.75051
1,1,1,0.035173,0.71106
1,1,3,-0.062926,0.8322
1,1,3,-0.47361,0.93386
1,1,1,0.16682,0.73116
1,1,2,-0.40984,0.69253
1,1,3,0.042051,0.73064
1,1,1,-0.32365,0.66436
1,1,3,0.073964,0.86863
1,1,2,-0.18988,0.7503
1,1,3,-0.10235,0.93505
1,1,1,0.17226,0.80018
1,1,3,-0.082953,0.85624
1,1,2,-0.38529,0.80798
1,1,3,1.161,1.3949
2,1,3,-0.21648,0.94388
2,1,1,0.0074978,0.67311
2,1,2,0.088021,0.73423
2,1,1,0.1645,0.65818
2,1,2,-0.10183,0.66894
2,1,3,0.15405,0.67216
2,1,1,0.0011643,0.67455
2,1,3,0.079658,0.80714
2,1,2,0.16657,0.7062
2,1,1,0.31772,1.0077
2,1,1,-0.12839,0.75003
2,1,3,0.37617,0.71981
2,1,1,0.24303,0.60195
2,1,1,0.11884,0.62509
2,1,2,0.094514,1.1015
2,1,2,-0.25987,0.65917
2,1,3,0.73797,0.60143
2,1,2,-0.01132,0.60648
2,1,1,-0.08888,0.63411
2,1,3,-0.75902,0.80909
2,1,3,0.7546,0.56398
2,1,3,0.5078,0.66563
2,1,2,-0.11343,0.68105
2,1,2,-0.30519,0.62588
2,0,2,0.14816,0.99629
2,0,3,0.18564,1.2304
2,0,2,-0.13839,0.80233
2,0,2,-0.099418,1.1921
2,0,2,0.1683,0.98514
2,0,3,0.16248,1.953
2,0,2,0.13238,1.1774
2,0,2,0.14205,1.5603
2,0,1,0.068552,1.1176
2,0,1,-0.14695,0.78009
2,0,2,-0.14124,0.87689
2,0,3,-1.21,1.1293
2,0,1,-0.12559,0.95105
2,0,3,0.39662,1.1728
2,0,1,0.0085909,0.7711
2,0,3,0.94085,1.8676
2,0,1,0.20369,0.858
2,0,3,0.63028,2.119
2,0,3,0.64054,1.18
2,0,1,0.11966,0.93343
2,0,2,0.11815,1.1638
2,0,1,0.083639,1.3036
2,0,1,0.13028,0.93833
2,1,3,-0.095242,0.68224
2,1,3,-0.31976,0.73919
2,1,2,-0.35264,0.74993
2,1,1,0.087308,0.7832
2,1,1,-0.05452,0.67042
2,1,1,0.22068,0.62898
2,1,2,-0.2416,0.97713
2,1,2,0.22633,0.73002
2,1,1,-0.26714,0.68185
2,1,3,0.076138,0.71228
2,1,2,-0.1153,0.73378
2,1,2,0.23121,0.675
2,1,3,0.2373,0.68113
2,1,2,-0.083729,0.67605
2,1,3,-0.79129,0.65725
2,1,2,0.43294,0.62263
2,1,1,0.073671,0.71675
2,1,2,-0.33178,0.65093
2,1,1,-0.056354,0.71558
2,1,3,-0.38501,0.78722
2,1,1,-0.28173,0.72918
2,1,3,-0.15475,0.70474
2,1,1,0.14884,0.76891
2,1,3,0.46486,0.82
2,1,1,-0.11856,0.66501999999999994
2,1,2,0.068832,0.5937
2,1,2,-0.025233,0.66519
2,1,2,-0.20035,0.74575
2,1,2,-0.043466,0.78419
2,1,3,-1.2207,0.74027
2,1,3,1.0356,0.79375
2,1,1,-0.011414,0.59694
2,1,3,0.40675,0.64994
2,1,2,-0.05167,0.76916
2,1,3,-0.39449,0.70438
2,1,3,0.58175,0.96401
2,1,2,1.2375,0.80254
2,1,1,-0.081583,0.56014
2,1,1,0.11211,0.59404
2,1,2,-0.33395,0.71482
2,1,3,-0.26822,0.83801
2,1,3,-0.77181,0.65368
2,1,1,-0.14625,0.59367
2,1,1,-0.075598,0.68998
2,1,1,0.090659,0.62997
2,1,2,0.25836,0.67378
2,1,1,-0.055888,0.66686
2,1,3,0.0034158,0.62335
2,1,2,-0.16303,0.67192
2,1,2,-0.13613,0.65393
2,1,1,-0.23253,0.73766
2,1,2,0.7239,0.67366
2,1,1,-0.1684,0.76477
2,1,3,-0.023512,0.86066
2,1,1,0.083707,0.58249
2,1,1,-0.15064,0.56871
2,1,3,-0.075765,1.4471
2,1,3,-0.35995,0.66096
2,1,3,-0.6145,0.48595
2,1,1,0.10522,1.0316
2,1,2,0.29043,0.81785
2,1,3,0.56409,1.2483
2,1,2,-0.32579,0.67521
2,1,1,-0.10983,0.68613
2,1,1,-0.15181,0.68831
2,1,2,0.10984,0.58862
2,1,2,-0.29361,0.68269
2,1,2,-0.041092,0.6011
2,1,3,-0.34579,0.84723
2,1,3,0.0085529,0.61308
2,1,3,-1.5313,0.7434
2,1,1,0.11376,0.62467
2,1,3,0.044399,0.64059
2,1,1,-0.4333,0.56808
2,1,1,-0.24558,0.62761
2,1,1,-0.36159,0.65615
2,1,2,-0.8007,0.73706
2,1,1,-0.018788,0.6391
2,1,3,-0.46238,1.0524
2,1,3,0.080184,0.60998
2,1,3,0.0028323,0.6889
2,1,2,-0.24681,0.97738
2,1,3,0.054632,1.132
2,1,2,-0.75776,0.57177
2,1,2,-0.19744,1.0891
2,1,3,-0.87968,0.69093
2,1,2,-0.069405,0.58815
2,1,1,0.0064211,0.56191
2,1,1,-0.097548,0.59582
2,1,3,0.59591,0.72005
2,1,1,0.057096,0.5695
2,1,2,0.55389,0.65608
2,1,1,-0.014194,0.69878
2,1,2,0.29466,0.61747
2,1,2,0.14246,0.66139
2,1,3,-0.75968,0.68501
2,0,1,-0.1628,0.68169
2,0,1,-0.10357,0.75991
2,0,3,0.35789,0.94306
2,0,3,-0.32687,0.74814
2,0,3,0.468,0.71884
2,0,2,-0.32885,1.2095
2,0,2,0.31366,0.73031
2,0,1,0.0036401,0.67333
2,0,3,-0.44169,0.97539
2,0,2,0.25197,0.71913
2,0,2,0.29881,0.68109
2,0,2,0.14743,0.98537
2,0,1,0.037882,0.72466
2,0,1,-0.047625,0.79321
2,0,3,-0.0022754,1.0003
2,0,2,-0.47743,0.97215
2,0,3,-0.42361,0.85811
2,0,1,0.017201,0.76384
2,0,1,-0.028199,0.78607
2,0,2,-0.38503,1.1167
2,0,2,0.037242,0.80032
2,0,1,-0.21086,0.74095
2,0,3,0.18678,0.86464
2,0,3,0.26743,0.65491
2,0,2,0.043577,0.72661
2,0,1,0.002477,0.73086
2,0,1,-0.016341,0.70595
2,0,2,-0.11423,0.82439
2,0,3,0.42053,0.8891
2,0,3,-0.071006,0.8743
2,0,2,0.095044,0.64137
2,0,1,0.14843,0.58397
2,0,2,0.06444,0.66711
2,0,3,0.36475,1.4255
2,0,1,-0.29222,1.1456
2,0,2,0.098927,0.8304
2,0,1,0.10751,0.69321
2,0,1,-0.16455,0.60878
2,0,3,-0.61284,1.095
2,0,1,0.085029,0.72655
2,0,3,-0.41268,1.2376
2,0,2,0.14226,0.77728
2,0,2,-0.22097,0.63942
2,0,1,0.02477,0.77225
2,0,3,-0.137,1.0139
2,0,3,0.14751,0.68522
2,0,3,-0.44428,1.3602
2,0,2,-0.26191,0.99585
2,0,1,0.0081081,0.61931
2,0,1,0.28234,0.52432
2,0,1,0.10932,0.59498
2,0,3,-0.69285,0.61681
2,0,2,0.068592,0.69018
2,0,1,0.049924,0.70206
2,0,1,0.034074,0.70603
2,0,3,0.8181,0.61545
2,0,3,1.0715,0.34049
2,0,3,-0.68491,1.2299
2,0,3,0.99833,1.4355
2,0,1,0.16389,0.69936
2,0,2,-0.041492,1.9455
2,0,2,0.034677,0.7339
2,0,2,-0.074566,0.8841
2,0,2,0.4086,0.60748
2,0,3,1.4492,0.62985
2,0,2,0.20367,1.0186
2,0,1,-0.17967,0.70953
2,0,3,-0.28802,1.3103
2,0,2,0.097017,1.0752
2,0,3,0.21075,1.5324
2,0,1,0.10466,0.73924
2,0,2,0.050063,0.73279
2,0,2,-0.19713,1.3183
2,0,1,0.082645,0.72414
2,0,2,0.051074,1.3613
2,0,2,0.057952,0.97393
2,0,2,-0.54022,0.70912
2,0,1,0.16298,0.63862
2,0,2,0.0055752,0.94892
2,0,1,0.10923,0.76378
2,0,3,-0.22228,0.79451
2,0,3,-0.060105,1.4854
2,0,2,0.042574,1.0834
2,0,3,0.25315,0.82795
2,0,3,-0.3942,0.73191
2,0,1,-0.025253,0.61727
2,0,1,-0.10781,0.73584
2,0,2,-0.085874,0.63708
2,0,2,-0.4236,0.59611
2,0,3,0.15926,0.92514
2,0,1,0.29558,0.55283
2,0,3,0.23366,0.55198
2,0,1,0.011154,0.64005
2,0,1,0.13144,0.6438
2,0,3,-0.47557,0.67545
2,1,3,0.23034,0.6452
2,1,1,-0.037245,0.58236
2,1,3,0.26693,0.88312
2,1,2,0.014836,0.73867
2,1,3,0.77582,0.93523
2,1,1,0.03272,0.58697
2,1,3,-0.14963,0.70251
2,1,2,-0.41046,0.74353
2,1,1,0.11034,0.64207
2,1,2,0.23539,0.95422
2,1,2,0.2325,0.80041
2,1,3,0.26472,0.82515
2,1,1,-0.12899,0.70436
2,1,1,-0.050322,0.81015
2,1,3,0.40818,0.75353
2,1,1,0.02729,0.66055
2,1,2,-0.018934,1.5975
2,1,3,0.078982,0.63285
2,1,1,-0.013409,0.79645
2,1,3,0.18873,0.94936
2,1,1,0.0023371,0.69598
2,1,2,-0.10049,0.98592
2,1,2,0.18865,0.97526
2,1,2,0.05479,1.2543
2,1,3,-0.12052,0.76623
2,1,2,-0.24517,0.54915
2,1,1,0.015718,0.54778
2,1,3,-0.061726,0.60081
2,1,2,0.017875,0.52861
2,1,2,-1.0785,0.514
2,1,2,-0.38306,0.71214
2,1,1,-0.29577,0.593
2,1,1,-0.069345,0.59395
2,1,1,-0.052736,0.61361
2,1,3,-0.012127,0.72407
2,1,2,-0.024086,0.78109
2,1,1,0.077394,0.72616
2,1,2,-0.19479,0.74227
2,1,2,-0.34429,0.58585
2,1,2,-0.20996,0.64557
2,1,3,0.27583,0.55573
2,1,3,0.39642,0.64846
2,1,1,0.039534,0.72385
2,1,3,-0.75834,0.64452
2,1,3,0.3327,0.60007
2,1,3,0.40781,0.70932
2,1,1,0.013774,0.6066
2,1,1,0.12579,1.0354
2,1,2,0.23524,0.75216
2,1,1,0.076468,0.63876
2,1,2,0.28441,0.65122
2,1,3,0.40295,0.64787
2,1,3,-0.27135,0.63716
2,1,1,-0.31622,0.65753
2,1,2,0.47807,0.79527
2,1,2,-0.11291,0.61715
2,1,3,0.42213,0.73978
2,1,2,0.15913,0.60756
2,1,1,-0.030258,0.58589
2,1,1,-0.23927,0.55555
2,1,1,-0.15411,0.56899
2,1,3,-0.96149,0.55316
2,1,2,0.099764,0.60777
2,1,3,1.5492,0.55871
2,1,3,-0.44152,0.70064
2,1,2,-0.012312,1.4553
2,1,1,-0.095351,0.67223
2,1,3,0.51104,0.60131
2,1,1,-0.043063,0.58542
2,1,3,0.59427,0.5579
2,1,2,0.041948,0.63111
2,1,1,-0.03411,0.50092
2,0,1,0.0046904,0.71463
2,0,3,0.2114,0.80777
2,0,2,-0.026077,0.67701
2,0,2,-0.53764,0.93621
2,0,1,0.086905,0.59836
2,0,1,0.077413,0.66949
2,0,2,0.38276,0.67088
2,0,1,-0.036474,0.7114
2,0,2,-0.45853,0.8158
2,0,3,-0.031561,1.4495
2,0,2,-0.16969,0.66472
2,0,2,0.030429,0.61086
2,0,1,0.036927,0.6751
2,0,2,0.094067,0.78629
2,0,1,0.32386,0.63501
2,0,1,-0.14098,0.64323
2,0,3,0.43502999999999997,1.1995
2,0,3,-0.0037063,0.70385
2,0,1,0.074098,1.6666
2,0,2,-0.063106,1.0834
2,0,3,0.50295,0.82124
2,0,3,1.1338,1.1349
2,0,3,-0.41023,1.1889
2,0,3,-0.64033,0.93304
2,0,2,-0.33091,0.74528
2,0,2,0.15637,0.64169
2,0,2,0.15496,0.67944
2,0,1,0.081934,0.61259
2,0,3,-0.40391,0.94318
2,0,2,-0.13611,0.73894
2,0,2,-0.13799,0.80526
2,0,3,0.53923,0.72506
2,0,1,-0.012029,0.75219
2,0,1,-0.2723,0.78184
2,0,2,0.13552,0.75416
2,0,2,0.19445,0.69823
2,0,3,-0.57787,2.3844
2,0,1,-0.080953,0.70795
2,0,1,0.14382,0.79099
2,0,3,0.0013559,0.83229
2,0,3,0.068173,0.77536
2,0,2,-0.34211,0.72892
2,0,1,0.061368,0.66398
2,0,1,-0.02947,0.70219
2,0,3,0.31364,1.4572
2,0,3,0.18267,0.85806
2,0,1,-0.054126,0.84014
2,0,3,0.75644,0.97741
2,0,3,1.1411,0.68762
2,0,1,0.10780000000000001,0.8242
2,0,1,-0.011084,0.93664
2,0,1,0.1024,0.72465
2,0,2,-0.010205,0.96624
2,0,3,0.37717,0.78178
2,0,1,-0.2604,0.73688
2,0,2,-0.39246,0.86805
2,0,1,-0.13309000000000001,1.0835
2,0,3,0.81444,1.2477
2,0,2,-0.50597,0.79253
2,0,2,0.067639,0.68737
2,0,1,0.18458,0.67899
2,0,3,1.5088,0.64395
2,0,2,0.22168,0.67949
2,0,3,0.24545,0.68394
2,0,2,-0.31951,1.3237
2,0,1,-0.014478,0.64439
2,0,2,-0.30805,0.64642
2,0,3,-0.40994,0.90197
2,0,3,0.42943,1.5874
2,0,3,-0.22591,1.6859
2,0,1,0.021737,1.005
2,0,2,-0.28028,0.661
2,0,1,1.4147e-4,0.70458
2,0,2,-0.21891,0.94767
2,0,2,0.22868,1.1135
2,0,2,0.18874,1.0269
2,0,3,-0.61706,1.3791
2,0,3,-0.57442,1.0171
2,0,3,-0.97402,1.2901
2,0,2,0.23025,1.3716
2,0,1,-0.19855,0.73017
2,0,3,-0.16035,1.3888
2,0,2,0.31582,0.75801
2,0,3,-0.28507,0.71416
2,0,1,-0.076079,0.67583
2,0,1,-0.072148,0.76003
2,0,3,1.3649,1.4318
2,0,2,0.15732,0.91663
2,0,1,-0.011303,0.78078
2,0,2,-0.3267,1.1319
2,0,1,0.10361,0.89461
2,0,2,-0.2854,1.1181
2,0,1,0.14453,1.1568
2,0,3,-0.28116,1.2484
2,0,3,-1.0017,1.0769
2,0,1,0.06447,0.91206
2,0,3,-0.16321,0.69809
2,0,1,0.23963,0.60307
2,0,2,0.13181,0.76156
2,0,1,-0.087839,0.70072
2,0,2,0.11652,0.64981
2,0,3,0.39712,0.64476
2,0,1,0.013658,0.56956
2,0,2,-0.53041,0.62819
2,0,2,0.28811,0.53186
2,0,1,0.16894,0.57347
2,0,1,-0.21274,0.50938
2,0,3,-0.38327,0.54276
2,0,3,-0.37736,0.58085
2,0,2,-0.23361,0.55146
2,0,1,0.16269,0.55446
2,0,3,-0.68971,0.53078
2,0,2,0.062483,0.48445
2,0,3,-0.3987,0.61405
2,0,3,0.81408,0.60641
2,0,1,0.15363,0.64167
2,0,2,0.19692,0.78145
2,0,3,-0.68278,0.57661
2,0,2,0.10965,0.599
2,0,1,-0.017857,0.81416
2,1,1,-0.060101,0.65857
2,1,1,0.23994,0.62814
2,1,1,-0.36516,0.57959
2,1,3,-0.19096,0.74594
2,1,3,-0.37165,0.53297
2,1,2,0.14865,0.6959
2,1,1,-0.17306,0.55958
2,1,2,0.011859,1.0527
2,1,3,-0.55153,0.57891
2,1,2,-0.094009,0.5679
2,1,1,-0.12837,0.50249
2,1,3,-0.16104,0.49042
2,1,1,-0.047554,0.88344
2,1,2,0.60099,0.60769
2,1,3,-0.15283,0.95641
2,1,3,0.27608,0.61139
2,1,3,-0.2609,0.63957
2,1,2,-0.21268,0.51138
2,1,3,0.49738,0.52176
2,1,2,-0.24549,0.59547
2,1,2,0.12394,0.79699
2,1,1,0.069281,0.6444
2,1,1,0.10033,0.74587
2,1,2,0.13986,0.66559
2,1,3,-0.53524,0.60076
2,1,2,0.20782,0.71703
2,1,2,-0.51421,0.62306
2,1,3,-0.88603,0.77524
2,1,1,0.27718,0.59239
2,1,1,0.23701,0.5658
2,1,1,-0.15794,0.53686
2,1,3,0.079246,0.60055
2,1,1,-0.23891,0.56099
2,1,2,0.082682,0.58489
2,1,2,0.064796,0.65768
2,1,1,0.029807,0.53597
2,1,1,0.1857,0.63806
2,1,2,0.095282,0.56687
2,1,1,-0.20425,0.55367
2,1,3,0.72052,0.61482
2,1,3,-0.73722,0.66086
2,1,3,-0.24292,0.63811
2,1,3,0.25768,0.60017
2,1,2,-0.26683,0.58886
2,1,3,0.26288,0.62922
2,1,1,-0.22713,0.60051
2,1,2,0.43151,0.72228
3,0,2,-0.50407,1.753
3,0,2,0.15255,1.345
3,0,1,-0.13205,1.2786
3,0,1,0.23178,1.3922
3,0,1,0.016081,1.3483
3,0,2,-0.068669,1.2464
3,0,2,0.20624,1.2605
3,0,3,1.225,2.1035
3,0,1,0.090619,1.439
3,0,3,0.27126,1.1946
3,0,2,-0.11009,1.935
3,0,3,-0.024433,0.97042
3,0,1,0.68333,0.85857000000000006
3,0,3,0.0033031,1.5801
3,0,1,-0.14354,0.79261
3,0,2,0.027689,1.2052
3,0,2,-0.096675,1.1812
3,0,1,0.26517,0.74951
3,0,1,0.084945,0.75498
3,0,3,-0.21582,2.2101
3,0,2,0.28816,1.17
3,0,3,0.13302,1.5371
3,1,3,1.1229,0.71564
3,1,2,-0.16135,0.52016
3,1,2,1.5014,0.74393
3,1,3,0.22115,2.3023
3,1,3,-0.41136,1.0306
3,1,1,0.063733,1.1437
3,1,2,-0.31937,1.4427
3,1,1,0.19673,0.6137
3,1,2,-0.12404,1.1951
3,1,2,-0.40845,1.0954
3,1,1,-1.3251,0.53645
3,1,3,1.1362,1.0873
3,1,3,-1.195,1.0195
3,1,2,-0.7938,1.707
3,1,3,-1.1932,0.93056
3,1,1,0.51143,0.8606
3,1,2,0.36886,0.83555
3,1,2,-0.176,0.7707
3,1,3,0.34547,0.77693
3,1,3,-0.13218,1.2985
3,1,1,0.12255,0.99958
3,1,1,0.11262,0.80937
3,1,1,0.24022,0.71844
3,1,1,0.43864,0.67361
3,1,1,0.29685,0.61085
3,1,1,0.011799,0.61836
3,1,1,0.22847,0.58679
3,1,2,-0.39949,0.61338
3,1,3,0.69738,1.2477
3,1,1,0.24433,0.46073
3,1,1,-0.038417,0.5444
3,1,2,-0.18395,0.53982
3,1,3,-0.1034,0.87038
3,1,2,-1.5475,0.81535
3,1,3,-0.38591,1.0201
3,1,2,0.37661,0.70305
3,1,2,-0.065186,0.62871
3,1,1,-0.015832,0.59318
3,1,1,-0.091519,0.54618
3,1,2,-0.72112,0.57147
3,1,3,0.13451,0.66655
3,1,2,0.10832,0.73342
3,1,1,0.28574,0.49582
3,1,2,0.0025697,0.60537
3,1,3,-0.47655,0.86341
3,1,3,0.12985,0.92003
3,1,3,0.8792,0.92192
3,1,3,0.66931,0.54934
3,0,2,0.0075616,0.75873
3,0,2,-0.46133,1.9403
3,0,3,-0.36108,0.8892
3,0,2,0.3837,0.95902
3,0,2,-0.12701,1.3221
3,0,1,0.20244,0.79221
3,0,2,-0.27121,1.0574
3,0,3,0.14144,0.84789
3,0,1,-0.17971,0.75945
3,0,2,0.91008,1.7208
3,0,1,0.28153,0.79857
3,0,3,-1.4029,1.1299
3,0,1,0.10659,1.6544
3,0,2,-0.18192,1.0937
3,0,3,0.23596,2.1847
3,0,1,0.095871,0.68915
3,0,1,0.19877,0.94092
3,0,1,0.021498,0.85327
3,0,2,0.5408,1.2535
3,0,3,-1.2126,1.9801
3,0,3,1.4915,2.075
3,0,1,0.31826,1.9784
3,1,2,-0.15996,0.68673
3,1,2,-0.007397,1.1292
3,1,2,-0.18627,0.64294
3,1,3,0.16456,1.0077
3,1,3,0.40703,0.81144
3,1,2,0.018188,0.58932
3,1,1,-0.11149,0.56816
3,1,3,0.52701,0.55519
3,1,3,-0.26369,0.76905
3,1,2,0.35354,0.58586
3,1,3,0.16013,0.85283
3,1,2,-0.12042,0.64815
3,1,1,-0.0012112,0.79347
3,1,1,0.17695,0.69663
3,1,1,-0.0079252,0.6914
3,1,3,0.54054,0.96055
3,1,3,0.71651,0.67774
3,1,1,-0.076789,0.57893
3,1,1,0.077655,0.56788
3,1,1,-0.26994,0.54187
3,1,2,-0.50509,1.186
3,1,2,-0.68391,0.57182
3,1,1,-0.10035,0.53349
3,1,3,0.73412,0.61902
3,1,3,0.069252,0.44564
3,1,3,-1.1948,0.67902
3,1,3,0.033861,0.52462
3,1,3,-0.69722,0.60873
3,1,2,0.035455,0.52976
3,1,2,-0.19978,0.40784
3,1,1,0.46647,0.53541
3,1,1,0.046918,0.92191
3,1,1,-0.019173,0.81436
3,1,3,0.46043,0.58074
3,1,1,0.023706,0.46951
3,1,3,-0.80665,0.60137
3,1,1,-0.18292,0.52546
3,1,1,0.057225,0.59688
3,1,2,-0.21053,0.53862
3,1,1,-0.63427,0.68288
3,1,2,0.55105,0.53217
3,1,2,-0.031019,0.64515
3,1,3,1.1656,0.81077
3,1,2,-0.071041000000000007,0.46619
3,1,2,-0.068908,0.54721
3,1,1,0.47598,0.55275
3,1,3,-0.19299,1.0042
3,1,2,0.08348,0.61312
3,0,1,0.16129,0.7696
3,0,3,0.9731,1.0727
3,0,1,0.14553,0.65954
3,0,1,-0.15031,0.83892
3,0,1,-0.03666,0.57476
3,0,1,0.21205,0.82781
3,0,1,-0.0051846,0.72201
3,0,3,-0.053466,1.3651
3,0,3,-1.2741,1.5717
3,0,3,0.40136,1.4259
3,0,3,0.1649,1.0095
3,0,2,-0.61756,0.95632
3,0,3,-0.52954,1.5031
3,0,2,0.071009,1.0184
3,0,1,-0.218,1.5672
3,0,3,-1.39,2.1563
3,0,2,0.059617,1.0846
3,0,2,0.21291,1.7228
3,0,2,0.4881,1.0088
3,0,2,-0.49565,0.791
3,0,3,-0.96217,0.77503
3,0,1,0.079666,0.74693
3,0,2,0.28634,0.96796
3,0,2,0.29447,0.66802
3,1,1,-0.29601,0.48186
3,1,1,-0.37475,0.61735
3,1,3,0.62391,0.57847
3,1,3,-1.3299,0.63217
3,1,2,-0.24153,0.94202
3,1,3,-0.42607,0.69779
3,1,1,-0.014028,0.63895
3,1,1,-0.21537,0.61394
3,1,2,0.027214,1.1237
3,1,3,0.21759,1.0649
3,1,3,1.0471,0.81603
3,1,2,-0.28822,0.5887
3,1,1,0.31892,0.68616
3,1,2,-0.22002,0.78576
3,1,3,0.88631,1.1598
3,1,1,0.36256,0.65443
3,1,2,0.092863,0.58469
3,1,2,-0.4252,0.57371
3,1,2,-0.25871,0.71487
3,1,3,-0.11254,0.49422
3,1,1,-0.13475,0.59737
3,1,3,0.27053,0.58028
3,1,2,-0.18551,0.58797
3,1,1,-0.37586,0.62247
3,0,1,-0.078597,0.69708
3,0,2,-0.33877,1.0769
3,0,1,0.038533,0.596
3,0,1,-0.16587,0.56931
3,0,2,0.42106,0.57325
3,0,1,0.10782,0.50737
3,0,2,0.32418,0.75014
3,0,3,-0.15699,0.60441
3,0,2,-0.087191,0.78671
3,0,3,-0.40669,1.3375
3,0,2,-0.13202,1.4938
3,0,1,0.19842,0.91856
3,0,1,-0.036602,0.66666
3,0,3,0.17282,1.2461
3,0,1,-0.33651,0.71985
3,0,3,0.63553,1.358
3,0,3,0.31754,1.4817
3,0,3,0.64784,0.86318
3,0,2,0.9149,1.0349
3,0,3,0.96083,1.3325
3,0,2,0.044587,0.93128
3,0,2,0.11051,0.79219
3,0,3,-0.55104,0.80959
3,0,1,-0.28792,0.9293
3,1,1,0.5516,0.84429
3,1,1,0.043816,0.53278
3,1,1,-0.2691,0.51335
3,1,2,-1.1361,0.42376
3,1,1,-0.13999,0.53657
3,1,1,0.19928,0.51041
3,1,1,-0.30578,0.4708
3,1,3,-0.61255,0.58271
3,1,3,-0.36079,0.54883
3,1,3,0.21336,0.64028
3,1,2,0.49049,0.56415
3,1,3,-0.44791,0.54435
3,1,3,0.38394,0.66298
3,1,2,-0.28257,0.62051
3,1,2,0.090755,0.49091
3,1,1,-0.32881,0.58864
3,1,3,-0.74902,0.93638
3,1,3,0.46637,0.63396
3,1,2,0.15011,0.68739
3,1,2,0.49222,0.94146
3,1,2,-0.8033,0.82118
3,1,1,-0.45749,0.53831
3,1,3,-0.22286,0.56073
3,1,2,0.026228,0.49554
3,1,2,0.050003,0.69093
3,1,2,0.14436,0.72896
3,1,2,0.29763,0.89639
3,1,3,0.42507,0.67131
3,1,3,0.26309,0.57081
3,1,3,0.78029,0.54671
3,1,2,-0.0034945,0.52087
3,1,2,-0.40826,0.67629
3,1,3,1.2584,0.88038
3,1,2,-0.73618,0.81249
3,1,3,0.85417,0.78006
3,1,2,-0.027121,0.53909
3,1,1,0.19909,0.56957
3,1,3,0.65391,0.7784
3,1,3,0.68436,0.4491
3,1,1,0.18791,0.50758
3,1,3,0.52992,0.5446
3,1,1,0.094712,0.49779
3,1,1,0.25724,0.47895
3,1,1,0.22546,0.53944
3,1,1,-0.035841,0.54448
3,1,1,0.1028,0.57301
3,1,1,0.039169,0.54962
3,1,2,-0.7392,0.58976
3,0,3,-1.4846,0.74112
3,0,1,0.49914,0.64263
3,0,3,0.144,0.77114
3,0,3,0.085845,0.92354
3,0,1,-0.15192,0.66333
3,0,2,-1.0959,1.1745
3,0,3,-0.17452,1.0718
3,0,2,-0.21755,1.0296
3,0,2,-0.083244,1.439
3,0,1,0.059602,0.77742
3,0,1,0.27062,0.81092
3,0,2,-0.4097,1.0485
3,0,1,0.26987,0.5832
3,0,2,-0.54008,1.5026
3,0,1,0.060423,1.1372
3,0,3,-0.86019,1.192
3,0,1,-0.058811,0.62118
3,0,3,-0.0010189,1.199
3,0,3,-0.60537,1.222
3,0,3,-0.93063,1.3316
3,0,2,0.41001,2.4684
3,0,1,-0.072626,0.67201
3,0,2,-0.70883,2.0162
3,0,2,-0.38636,0.85309
3,1,2,0.93894,2.397
3,1,1,-0.096871,0.565
3,1,2,0.45571,1.2158
3,1,3,-0.43715,0.48056
3,1,2,-0.5183,0.47581
3,1,2,-0.19948,0.58847
3,1,1,-0.01686,0.6067
3,1,1,0.069837,0.39874
3,1,1,-0.21312999999999999,0.58767
3,1,3,-1.1274,0.55698
3,1,3,-0.35324,0.50945
3,1,3,-0.10203,0.49203
3,1,3,-0.010864,0.47622
3,1,3,1.3001,0.93659
3,1,2,0.44205,1.0251
3,1,3,-0.19414,0.54126
3,1,2,-0.035752,0.50657
3,1,2,0.018983,0.5278
3,1,1,0.11675,0.56435
3,1,3,0.97143,0.46458
3,1,2,0.98842,0.50684
3,1,1,0.60133,0.50579
3,1,1,-0.024992,0.53928
3,1,1,-0.19116,0.41794
3,0,1,-0.13212,0.444
3,0,3,-0.10984,0.70483
3,0,3,0.60693,0.60365
3,0,1,-0.0081946,0.50873
3,0,2,0.63491,0.57147
3,0,3,0.21282,0.56537
3,0,3,0.45921,0.50573
3,0,3,-0.71431,0.52326
3,0,2,0.79058,0.54596
3,0,1,0.23593,0.56398
3,0,1,0.3182,0.53886
3,0,2,-0.25603,0.57829
3,0,1,1.089,0.56214
3,0,2,0.54958,1.0663
3,0,2,0.79302,1.7261
3,0,2,-0.11239,1.0713
3,0,1,0.022573,0.56111
3,0,3,-0.28005,1.1535
3,0,1,0.045379,0.66061
3,0,2,0.11669,0.92741
3,0,1,-0.48072,0.52526
3,0,2,-0.59496,0.54274
3,0,3,-0.64024,0.56581
3,0,3,0.051034,0.80426
3,1,3,-0.0052629,0.58815
3,1,3,0.26126,0.99346
3,1,2,0.14455,0.48115
3,1,2,0.87171,0.60535
3,1,1,-0.24088,0.47288
3,1,1,-0.23506,0.51402
3,1,1,-0.27906,0.59619
3,1,3,-0.26401,0.50789
3,1,1,0.30221,0.52866
3,1,1,0.065373,0.51185
3,1,3,0.05321,0.94197
3,1,2,0.076104,0.51655
3,1,3,-0.87925,0.78699
3,1,2,0.52035,0.74512
3,1,3,-0.57908,0.7985
3,1,1,-0.67603,0.68725
3,1,2,0.062443,1.0121
3,1,3,0.18842,1.2065
3,1,3,-0.25432,0.86312
3,1,2,0.43389,0.69828
3,1,2,-0.51242,0.69609
3,1,1,0.21416,0.55516
3,1,2,0.53819,0.64082
3,1,1,-0.55464,0.74873
3,0,1,0.12847,0.83999
3,0,3,-0.53261,0.58125
3,0,2,-0.246,0.53861
3,0,2,-0.22921,0.69877
3,0,3,-0.20703,0.83154
3,0,3,-0.63368,0.57333
3,0,2,-1.6912e-4,0.55152
3,0,3,-0.68585,0.8023
3,0,2,-0.0059078,0.99169
3,0,2,-0.043564,0.70856
3,0,2,0.58880999999999994,0.75962
3,0,1,-0.32419,0.57939
3,0,2,-0.046462,1.1442
3,0,1,0.039109,0.63295
3,0,1,-0.0081059,0.62545
3,0,1,0.15842,0.8339
3,0,1,0.20962,1.2057
3,0,1,0.24062,0.6227
3,0,3,-1.0461,0.82734
3,0,3,-0.2331,1.7996
3,0,1,-0.10128,0.64791
3,0,3,0.21441,0.79318
3,0,2,-0.19672,1.2442
3,0,3,0.53505,0.7666
3,0,2,-0.16199,0.69502
3,0,1,0.60204,0.57156
3,0,1,0.15262,0.56003
3,0,2,-0.063329,1.103
3,0,1,-0.2956,0.67947
3,0,1,0.27877,0.59033
3,0,2,0.7435,1.0963
3,0,3,0.83248,0.84844
3,0,3,0.40214,0.77769
3,0,2,0.36155,0.61914
3,0,3,-0.23315,0.57883
3,0,2,-0.11169,0.5116
3,0,3,0.16141,1.1773
3,0,2,0.048559,0.75421
3,0,1,0.072778,0.57793
3,0,1,0.12639,0.66337
3,0,3,0.58658,1.6319
3,0,3,-0.99003,2.0936
3,0,1,-0.34247,0.54795
3,0,2,-0.14655,0.72489
3,0,1,0.34429,0.67298
3,0,3,-0.033256,0.54276
3,0,2,0.45041,0.72887
3,0,3,0.36234,0.58267
3,0,2,-0.027277,0.81636
3,0,3,0.54162,0.61183
3,0,1,-0.15163,0.75704
3,0,1,0.19078,0.55506
3,0,2,-0.52551,0.8662
3,0,1,-0.046873,0.5359
3,0,2,-0.015026,0.53749
3,0,2,0.4026,1.1688
3,0,3,-0.82131,0.58906
3,0,1,-0.22711,0.54531
3,0,3,-0.52644,0.65227
3,0,2,0.24436,0.51367
3,0,3,-1.3155,1.0287
3,0,1,-0.46089,0.58958
3,0,2,-0.065172,0.58606
3,0,3,-0.55646,0.88777
3,0,1,0.16704,0.54441
3,0,1,0.068638,0.50709
3,0,3,0.50402,0.78181
3,0,3,0.67555,0.64549
3,0,2,-0.16856,0.57421
3,0,1,-0.061264,0.51387
3,0,2,-0.20891,0.57817
3,0,3,0.81916,0.55422
3,1,2,-0.87816,0.64282
3,1,1,0.035026,0.47325
3,1,3,-1.0011,0.48244
3,1,3,0.17361,0.495
3,1,3,-0.58342,0.84067
3,1,3,1.3258,0.61122
3,1,2,-0.24545,0.42934
3,1,1,0.42975,0.50987
3,1,2,-0.12157,0.62252
3,1,3,-0.84678,0.68339
3,1,3,-0.043462,0.51128
3,1,3,-1.4089,0.6606
3,1,2,-0.16334,0.4472
3,1,1,0.01363,0.50464
3,1,2,-0.79965,0.65834
3,1,1,0.15435,0.42215
3,1,1,-0.027853,0.50506
3,1,2,0.62661,0.4412
3,1,1,0.50613,0.49731
3,1,3,-1.3885,0.85941
3,1,2,0.08298,0.75023
3,1,1,-0.10362,0.53707
3,1,1,0.26629,0.5046
3,1,2,0.69179,0.53857
3,0,1,-0.52046,0.57203
3,0,1,0.15821,0.77591
3,0,2,-0.30062,0.50234
3,0,2,0.75657,0.50614
3,0,3,1.4436,0.80853
3,0,2,0.2525,0.53585
3,0,1,0.45462,0.54657
3,0,2,-0.1663,0.66568
3,0,1,0.36627,0.5081
3,0,2,0.026784,0.50082
3,0,3,-0.53019,0.61809
3,0,2,0.39622,0.74451
3,0,2,0.2657,0.64508
3,0,3,-0.017389,0.94373
3,0,1,0.24391,0.55615
3,0,3,0.019651,0.76877
3,0,3,1.0691,0.65776
3,0,3,0.61937,0.56503
3,0,1,-0.76546,0.44736
3,0,2,0.64051,0.5372
3,0,1,-0.066306,0.45649
3,0,3,0.23954,0.51648
3,0,1,-0.053022,0.51095
3,0,3,-0.45121,0.58543
4,1,3,-1.2324,1.0496
4,1,3,-0.65802,0.71271
4,1,3,0.45719,0.55382
4,1,2,0.45802,0.66999
4,1,3,0.51756,0.58134
4,1,2,0.25124,0.7927
4,1,1,0.099958,0.74443
4,1,1,-0.055068,0.56966
4,1,3,0.88649,0.73169
4,1,2,-0.29789,0.62514
4,1,1,0.29053,0.60945
4,1,1,-0.1674,0.57589
4,1,2,0.092108,0.85306
4,1,3,0.6846,0.61014
4,1,1,0.19451,0.65054
4,1,2,0.43134,0.66543
4,1,1,0.060907,0.72119
4,1,2,0.15699,0.88948
4,1,2,0.25434,0.58594
4,1,3,0.67549,0.72933
4,1,1,0.15171,0.6713
4,1,2,-0.3022,0.72514
4,1,1,-0.085284,0.55147
4,1,3,0.2028,0.89519
4,1,1,0.061978,0.53821
4,1,3,1.0858,0.69012
4,1,2,0.055322,0.66444
4,1,2,0.27977,1.2493
4,1,1,0.25098,0.49637
4,1,2,0.34718,0.55172
4,1,2,-0.041247,0.53653
4,1,3,-0.40283,0.78925
4,1,3,-0.024068,0.62059
4,1,1,-0.079659,0.58671
4,1,2,0.45793,0.86255
4,1,1,-0.079517,0.62872
4,1,2,0.3002,0.63857
4,1,3,0.55682,0.97272
4,1,3,0.18439,1.2427
4,1,3,0.68059,0.63004
4,1,3,-0.22984,0.67384
4,1,3,-0.33306,0.64065
4,1,2,0.026888,0.74377
4,1,1,0.27194,0.92197
4,1,1,0.14792,0.54462
4,1,1,-0.17426,0.62309
4,1,1,0.059181,0.51929
4,1,2,0.41615,0.79377
4,1,2,0.32958,0.82183
4,1,3,1.0789,0.62978
4,1,3,-0.42021,0.50776
4,1,3,-0.41788,0.62678
4,1,3,0.17767,0.67692
4,1,1,0.16561,0.5214
4,1,1,0.047328,0.63918
4,1,3,-0.84274,0.64229
4,1,2,0.86292,0.93262
4,1,3,-0.88926,0.66933
4,1,2,0.2898,0.62997
4,1,1,-0.040946,0.63188
4,1,2,0.13708,0.55436
4,1,2,0.65996,0.65887
4,1,2,0.33322,0.58694
4,1,3,0.2422,0.69898
4,1,1,-0.28784,0.57815
4,1,1,-0.011389,0.60829
4,1,2,-0.46288,0.7056
4,1,1,0.11367,0.63247
4,1,2,-0.015845,0.60779
4,1,1,-0.12329,0.59966
4,1,3,-0.50079,0.74132
4,1,1,0.063887,0.71057
4,0,2,-0.32034,0.67083
4,0,1,-0.28486,0.54127
4,0,3,-0.25749,0.73708
4,0,1,0.001267,0.78802
4,0,1,0.025762,0.86627
4,0,3,-0.75871,0.98965
4,0,1,0.21859,0.72619
4,0,1,-0.20909,0.77663
4,0,2,-0.39801,1.2617
4,0,2,0.33237,0.79719
4,0,1,0.17774,0.89559
4,0,1,0.18176,2.0644
4,0,3,-0.13477,2.4762
4,0,3,-0.4225,1.2494
4,0,2,-0.746,1.0704
4,0,3,0.62609,0.64486
4,0,1,0.13672,0.63759
4,0,3,-0.59419,0.75273
4,0,2,-0.24548,1.6685
4,1,2,0.81172,0.76494
4,1,3,0.018782,0.6122
4,1,2,-0.56548,0.54929
4,1,2,-0.36314,0.62432
4,1,1,0.14036,0.56983
4,1,2,-0.24773,0.5427
4,1,2,1.0478,0.48264
4,1,1,0.069099,0.80078
4,1,3,-0.067609,0.85436
4,1,1,-0.10736,0.57518
4,1,1,0.12485,0.54722
4,1,3,0.055761,0.59959
4,1,3,-0.31136,0.64935
4,1,3,-0.79189,0.78881
4,1,1,-0.36747,0.62456
4,1,1,0.074396,0.6306
4,1,1,-0.13549,0.6086
4,1,3,-0.82122,0.85046
4,1,2,-0.22882,0.57864
4,1,2,0.14851,0.63312
4,1,2,0.41888,0.58726
4,1,3,-0.086023,0.58904
4,1,1,-0.20067,0.73154
4,1,3,0.2127,0.63083
4,0,1,-0.22719,0.69147
4,0,3,-0.027264,1.0643
4,0,3,1.4656,0.94767
4,0,2,-0.25237,0.91087
4,0,1,0.079779,0.75361
4,0,1,-0.0083877,0.6766
4,0,2,0.41824,1.0904
4,0,3,-0.29297,1.2702
4,0,3,-0.13482,1.6541
4,0,1,0.21153,1.1692
4,0,1,0.085112,2.0436
4,0,2,0.24445,1.0272
4,0,2,-0.26384,1.8375
4,0,2,0.15934,0.95477
4,0,2,-0.33644,0.87931
4,0,3,-0.5247,1.2319
4,0,3,0.23803,1.3725
4,0,1,-0.15672,0.91009
4,0,2,-0.01942,1.4423
4,0,1,0.19741,0.95639
4,0,2,0.40327,1.9323
4,0,3,-0.33429,1.0152
4,1,2,-0.30498,0.52743
4,1,2,0.73475,0.57677
4,1,1,0.22891,0.52825
4,1,3,0.83269,0.73131
4,1,1,-0.30235,0.72978
4,1,2,-0.37242,0.4555
4,1,3,0.031176,0.70566
4,1,3,0.012578,0.86556
4,1,2,-0.11812,0.54245
4,1,2,-0.22938,0.54271
4,1,3,-0.2366,0.61841
4,1,2,-0.079139,0.65255
4,1,3,-0.59756,0.72571
4,1,3,0.084129,0.60429
4,1,1,0.7894,0.60253
4,1,1,0.12654,0.56995
4,1,2,-1.3343,0.59663
4,1,1,-0.14053,0.66085
4,1,1,-0.06062,0.52587
4,1,1,0.036109,0.67892
4,1,3,0.004836,0.80626
4,1,1,0.42454,0.59688
4,1,3,-0.051749,0.64334
4,1,2,0.25239,0.72206
4,1,1,-0.30473,0.60641
4,1,3,-0.30424,0.73265
4,1,2,-0.44588,0.47644
4,1,3,1.1288,0.85743
4,1,3,0.027722,0.5987
4,1,1,0.35378,0.61792
4,1,1,0.17214,0.59826
4,1,1,-0.44961,0.59384
4,1,1,0.16192,0.79465
4,1,2,0.10565,0.80706
4,1,3,0.43315,0.81516
4,1,2,-0.17131,0.639
4,1,2,-0.59173,0.59353
4,1,1,-0.25586,0.64005
4,1,2,0.7254,0.77235
4,1,3,0.31972,0.46848
4,1,2,0.73119,0.80358
4,1,2,-1.2512,0.84539
4,1,3,0.24231,0.66136
4,1,1,-0.70286,0.71177
4,1,3,-0.47761,0.90895
4,1,1,0.39272,0.72669
4,1,2,0.35894,1.4404
4,1,3,-0.32343,1.0049
4,1,2,-0.54304,0.50662
4,1,2,-0.13486,0.54039
4,1,3,-0.37147,0.4434
4,1,2,-0.75541,0.76011
4,1,2,-0.11513,0.4882
4,1,1,-0.064913,0.61166
4,1,2,0.52339,0.60749
4,1,1,0.1301,0.59081
4,1,1,-0.0052787,0.83255
4,1,1,-0.17444,0.65953
4,1,3,0.27275,0.75419
4,1,3,-1.5043,0.42629
4,1,3,0.64616,0.42478
4,1,3,0.46237,0.51755
4,1,3,-0.19036,0.61918
4,1,1,0.12222,0.44318
4,1,3,-1.065,0.75533
4,1,2,0.022071,0.52509
4,1,1,0.075388,0.63124
4,1,2,-0.092248,0.6987
4,1,1,-0.28748,0.60947
4,1,3,0.06755,0.52157
4,1,1,0.30517,0.97575
4,1,2,-0.53278,0.5651
4,0,1,0.026142,0.55432
4,0,1,-0.36912,0.70444
4,0,2,0.19998,1.3275
4,0,3,1.2236,1.9938
4,0,3,0.2982,0.84235
4,0,3,-0.68294,0.74844
4,0,3,-0.11814,0.78651
4,0,1,0.21117,0.79791
4,0,2,-0.099367,1.7731
4,0,1,-0.19109,0.59851
4,0,2,0.4052,0.75236
4,0,2,0.094189,0.92406
4,0,3,-1.5366,0.83779
4,0,2,0.95082,1.8295
4,0,2,-0.16669,0.67799
4,0,3,-0.61091,2.2089
4,0,1,0.028029,1.1399
4,0,3,-0.1451,0.75759
4,0,3,-0.16204,0.79944
4,0,1,0.11022,0.87269
4,0,1,-0.10452,0.86121
4,0,2,0.27758,0.93182
4,0,1,0.83273,0.79808
4,0,2,-0.57682,1.2654
4,1,3,1.1522,0.41152
4,1,2,0.46836,0.57138
4,1,2,-0.9756,0.4782
4,1,1,-0.0049974,0.55096
4,1,1,-0.093291,0.54948
4,1,2,0.13851,0.5182
4,1,2,-0.19809,0.56249
4,1,2,-0.24602,0.41343
4,1,1,-0.15169,0.62262
4,1,3,0.24323,0.86486
4,1,1,-0.23583,0.71688
4,1,2,-0.14901,0.95287
4,1,1,0.11753,0.48164
4,1,3,0.48401,0.57028
4,1,1,0.037733,0.42123
4,1,3,0.049004,0.40737
4,1,3,-0.70567,0.53279
4,1,3,0.31971,0.67490000000000006
4,1,3,-0.37199,0.50531
4,1,2,1.4108,0.4432
4,1,1,0.5021,0.58638
4,1,3,-0.045986,0.62592
4,1,2,0.332,0.68855
4,1,1,0.36149,0.53618
4,0,3,0.93277,0.57165
4,0,3,0.80945,0.77757
4,0,3,0.40888,1.8155
4,0,2,0.72283,0.61935
4,0,2,0.089037,1.9754
4,0,2,-0.078134,2.1701
4,0,1,-0.044205,1.7126
4,0,1,0.068098,1.7669
4,0,3,0.90351,1.2833
4,0,1,0.21442,1.0501
4,0,1,-0.056893,0.95059
4,0,3,0.13581,1.5704
4,0,3,-0.53932,1.3622
4,0,1,0.043944,0.76071
4,0,1,-0.35712,2.1911
4,0,2,-0.36728,2.2694
4,0,1,-0.15761,0.84802
4,0,1,-0.14242,1.2052
4,0,2,0.16019,0.8199
4,0,2,0.064441,0.65122
4,0,3,-1.4574,0.80199
4,0,2,0.3757,0.59031
4,0,1,0.020108,0.65516
4,0,2,0.3475,0.73229
4,0,3,1.2927,1.0654
4,0,1,-0.034182,0.90653
4,0,3,-0.087084,1.0087
4,0,2,0.98842,0.81508
4,0,2,-0.0066576,0.95757
4,0,3,-0.31862,1.6385
4,0,2,-0.040351,0.79021
4,0,1,-0.21199,0.84023
4,0,2,-0.14136,0.82439
4,0,2,0.042193,1.0799
4,0,3,-0.97184,1.2167
4,0,3,0.70187,1.0515
4,0,3,-0.46943,1.1785
4,0,1,0.2569,0.96213
4,0,3,1.1674,1.3133
4,0,1,-0.054837,0.8272
4,0,1,0.18065,0.78545
4,0,1,0.32443,1.3402
4,0,2,-0.51362,0.90041
4,0,1,0.13595,0.8808
4,0,3,0.24972,1.2627
4,0,3,-0.26644,0.58709
4,0,2,-0.31847,1.0605
4,0,1,-0.14426,0.73085
4,0,3,-0.44312,1.4789
4,0,2,0.078041,1.4275
4,0,3,0.33241,1.0803
4,0,2,0.14586,1.2426
4,0,2,-0.053529,0.89529
4,0,3,0.44894,1.829
4,0,2,0.62814,0.58105
4,0,3,-0.42971,0.66155
4,0,1,-0.26152,0.88194
4,0,3,-0.59871,2.1063
4,0,2,0.25462,1.3769
4,0,1,-0.0068633,0.94174
4,0,1,0.47587,0.73139
4,0,1,-0.4017,0.69017
4,0,3,0.39597,0.93927
4,0,1,-0.21995,0.76227
4,0,2,-0.30812,0.78745
4,0,1,0.089173,0.89765
4,0,2,0.18035,0.77552
4,1,1,-0.039416,0.50387
4,1,2,-0.16154,0.4947
4,1,3,-0.075404,0.46592
4,1,1,-0.29421,0.61236
4,1,3,0.30892,0.79754
4,1,1,0.12737,0.58832
4,1,2,-0.076347,0.64781
4,1,2,0.47034,0.59616
4,1,2,0.096082,0.5458
4,1,3,-0.46859,0.67123
4,1,2,-0.33538,0.56997
4,1,3,0.32816,0.5144
4,1,3,-0.032649,0.77261
4,1,2,-0.078429,0.80492
4,1,1,0.045726,0.53875
4,1,3,-0.39747,0.56145
4,1,1,-0.15717,0.53799
4,1,2,-0.17714,0.77496
4,1,3,1.0889,0.53163
4,1,3,0.79208,0.75781
4,1,1,-0.28704,0.59622
4,1,2,-0.27885,0.72486
4,1,1,0.25872,0.58178
4,1,1,-0.021824,0.58732
4,0,1,0.046489,0.63579
4,0,2,0.37894,0.98903
4,0,3,0.0067143,0.94448
4,0,1,-0.15762,0.66055
4,0,1,-0.088712,2.1455
4,0,3,-0.23602,1.0273
4,0,3,-0.78813,1.0847
4,0,3,0.41488,0.98159
4,0,1,0.18913,0.95633
4,0,2,-0.27325,0.73846
4,0,2,0.21648,0.71286
4,0,1,-0.23918,0.60172
4,0,3,0.40568,1.1766
4,0,3,0.7351,0.6585
4,0,3,-0.041242,0.72101
4,0,2,-0.0297,0.67415
4,0,3,0.20217,0.72121
4,0,1,0.38401,0.74393
4,0,1,0.33347,0.71375
4,0,2,0.5852,1.0608
4,0,2,0.03526,0.69214
4,0,2,0.25475,1.0971
4,0,3,0.77842,0.85868
4,0,2,0.34142,0.75133
4,0,3,-0.35843,0.79484
4,0,3,0.1104,0.83811
4,0,1,0.0095121,0.85962
4,0,2,0.23066,1.269
4,0,3,-0.90207,1.0405
4,0,2,0.027541,0.83081
4,0,1,0.10226,0.77664
4,0,1,-0.17911,1.2934
4,0,1,-0.032452,1.1201
4,0,3,0.18286,1.2523
4,0,2,0.05954,2.0369
4,0,1,-0.11176,1.2398
4,0,1,0.044797,0.72596
4,0,1,-0.21963,0.92572
4,0,2,0.16554,0.83158
4,0,3,0.26742,0.91154
4,0,2,-0.68091,0.78202
4,0,1,0.045363,0.68215
4,0,2,0.075253,0.8006
4,0,2,-0.30332,0.67915
4,0,3,0.14373,0.87946
4,0,2,0.35989,0.5464
4,0,3,0.53977,0.88397
4,0,1,-0.39599,0.66146
4,0,3,-0.22491,0.82607
4,0,2,-0.50252,0.75658
4,0,3,-1.5422,0.93945
4,0,1,-0.15406,1.1514
4,0,2,0.027308,1.0022
4,0,1,-0.31318,0.88786
4,0,2,-0.42715,1.014
4,0,3,0.46831,0.99449
4,0,3,-0.094551,1.7944
4,0,1,0.012748,1.0972
4,0,1,-0.086868,0.84232
4,0,2,0.065374,1.079
4,0,3,-0.15238,1.1275
4,0,3,-0.83376,1.074
4,0,2,-0.48274,1.0203
4,0,2,0.13976,1.3504
4,0,3,1.0083,1.3748
4,0,1,-7.5528e-4,0.92886
4,0,2,-0.2969,0.81616
4,0,1,0.10182,0.78399
4,0,1,0.29578,1.189
4,0,3,0.95645,0.88275
4,0,3,-0.049469,0.89324
4,0,1,0.10771,0.71357
4,0,1,-0.29319,0.65628
4,0,3,-0.70262,1.1735
4,0,2,-0.51447,0.92333
4,0,2,-0.14303,0.8894
4,0,2,0.35975,1.0791
4,0,2,-0.4439,1.0144
4,0,3,1.4262,1.0982
4,0,3,0.052349,0.90734
4,0,1,0.037336,0.94512
4,0,1,-0.2165,0.72345
4,0,3,0.64684,0.68897
4,0,2,-0.88147,1.8552
4,0,3,-0.0055421,0.93159
4,0,3,-0.15547,0.8982
4,0,1,0.2664,0.67092
4,0,2,-0.32415,1.2924
4,0,2,-0.17078,1.3426
4,0,1,-0.070461,0.92567
4,0,1,0.1407,0.6414
4,0,2,-0.46227,1.5541
4,0,1,0.15672,1.1478
4,1,1,0.22847,0.60183
4,1,3,-0.25456,0.72898
4,1,2,-0.036113,0.56764
4,1,1,-0.2305,0.51546
4,1,2,-0.13022,0.95725
4,1,3,-0.24284,0.55631
4,1,2,-0.12941,0.45849
4,1,1,-0.4238,0.51157
4,1,3,0.60095,0.59208
4,1,2,0.50298,0.56956
4,1,2,-0.08656,0.5379
4,1,3,-1.437,0.57428
4,1,2,0.42544,0.5241
4,1,1,-0.11559,0.66114
4,1,3,0.06783,0.66952
4,1,3,1.1938,0.79804
4,1,3,-1.0502,0.43577
4,1,1,-0.08534,0.48725
4,1,1,0.36165,0.59247
4,1,1,0.21877,0.55111
4,1,2,-1.4462,0.79762
4,1,2,-0.55625,0.65033
4,1,3,-0.39742,0.66983
4,1,1,0.1237,0.55321
5,1,1,0.027603,0.6037
5,1,2,-0.40195,0.52352
5,1,2,0.25425,0.50387
5,1,3,-0.19776,0.69179
5,1,3,0.93935,0.57018
5,1,2,0.035449,0.47085
5,1,2,0.22099,0.62713
5,1,1,0.22304,0.50226
5,1,3,-1.5698,0.51897
5,1,1,-0.10266,0.58272
5,1,3,-0.26244,0.55257
5,1,3,-0.72186,0.56171
5,1,1,-0.19893,0.47851
5,1,1,0.13049,0.58223
5,1,3,-0.18238,0.5437
5,1,2,0.24116,0.50813
5,1,2,0.26265,0.43099
5,1,2,0.57516,0.46141
5,1,2,-0.61701,0.50744
5,1,1,-0.23879,0.50995
5,1,3,-1.4284,0.60162
5,1,1,-0.034356,0.53599
5,1,3,0.48883,0.64831
5,1,1,-0.20175,0.5425
5,0,1,-0.20062,0.50507
5,0,2,-0.63547,0.48875
5,0,1,-0.18214,1.0379
5,0,1,0.090025,0.76461
5,0,2,-0.029365,0.66241
5,0,2,-0.83333,0.69399
5,0,3,0.39294,0.78339
5,0,3,-0.0044899,0.57744
5,0,2,-0.47107,0.55504
5,0,3,-0.2783,0.80373000000000006
5,0,1,-0.022611,0.55741
5,0,3,0.30813,0.72948
5,0,1,0.24595,0.5093
5,0,3,0.12205,0.62916
5,0,3,-0.083598,0.64354
5,0,3,0.46864,0.5663
5,0,2,-0.97397,0.6641
5,0,3,0.37064,0.95518
5,0,1,-0.34057,0.71995
5,0,2,-0.50426,0.60416
5,0,1,-0.018448,0.50423
5,0,2,-0.92032,0.82967
5,0,1,-0.24663,0.95681
5,0,2,0.53823,0.68954
5,0,3,0.40213,0.45965
5,0,2,0.65489,0.4603
5,0,3,0.35526,0.44726
5,0,2,0.15802,0.52614
5,0,2,0.74605,0.60126
5,0,1,-0.26627,0.56992
5,0,3,-1.4292,0.42418
5,0,2,-0.037565,0.64821
5,0,2,0.10242,0.60569
5,0,3,-0.37548,0.58692
5,0,3,-0.18524,0.51268
5,0,2,0.056587,0.51582
5,0,2,0.67842,0.55693
5,0,1,-0.014757,0.69167
5,0,1,-0.05178,0.54183
5,0,1,-0.0059193,0.61924
5,0,1,0.0086692,0.49882
5,0,1,-0.027997,0.69684
5,0,1,0.073153,1.0952
5,0,3,-0.41672,0.83879
5,0,1,0.31459,0.65747
5,0,3,0.61175,0.86757
5,0,2,-0.10382,0.69508
5,0,3,0.2305,0.59282
5,1,3,0.4982,0.48202
5,1,1,-0.70701,0.492
5,1,2,0.3856,0.88786
5,1,1,0.008223,0.581
5,1,3,-0.24348,0.46879
5,1,3,-0.065002,0.47252
5,1,2,0.19067,0.54061
5,1,3,-1.1018,0.36988
5,1,3,0.063413,0.54064
5,1,2,0.44829,0.50764
5,1,1,0.094048,0.4725
5,1,3,-0.61729,0.45309
5,1,3,1.0177,0.44778
5,1,1,0.29543,0.35764
5,1,3,0.4099,0.51231
5,1,1,-0.065707,0.35992
5,1,2,0.38278,0.41025
5,1,2,0.83774,0.3561
5,1,2,-0.028559,0.47513
5,1,1,0.15534,0.35683
5,1,2,0.15586,0.39461
5,1,1,-0.53448,0.36976
5,1,2,-0.079879,0.46621
5,1,1,0.29062,0.38336
5,1,3,0.27863,0.42158
5,1,3,-0.94678,0.98833
5,1,1,-0.1643,0.51448
5,1,1,-0.34793,0.45227
5,1,2,-0.48691,0.59765
5,1,1,-0.25077,0.3258
5,1,1,-0.21702,0.45989
5,1,3,0.050405,0.44414
5,1,3,0.32803,0.39349
5,1,1,-1.5069,0.34406
5,1,3,0.17028,0.4846
5,1,2,-0.81462,0.31527
5,1,2,0.43029,0.45314
5,1,3,-1.2488,0.40959
5,1,2,0.076943,0.44042
5,1,1,-0.087138,0.48955
5,1,2,0.11502,0.40934
5,1,2,-0.18683,0.45451
5,1,3,0.4425,0.43966
5,1,2,-0.54168,0.4625
5,1,1,-9.0016e-4,0.3603
5,1,2,-0.41898,0.38071
5,1,1,-1.2226,0.42142
5,1,3,-0.12618,0.49731
5,1,2,0.43161,0.4551
5,1,2,-1.2929,0.38679
5,1,1,0.16917,0.36273
5,1,3,-0.45028,0.53678
5,1,2,0.046818,0.41202
5,1,1,-0.436,0.57403
5,1,3,-1.3727,0.66289
5,1,3,-1.1623000000000001,0.41367
5,1,1,-0.085987,0.50751
5,1,1,0.27683,0.51293
5,1,2,-0.26229,0.57868
5,1,1,-0.44805,0.51832
5,1,3,-0.66227,0.47191
5,1,3,0.7041,0.38934
5,1,1,-0.41771,0.50023
5,1,3,-0.14107,0.45169
5,1,2,-0.44611,0.35328
5,1,2,0.19722,0.6026
5,1,3,-0.95471,0.50417
5,1,1,-0.32338,0.44281
5,1,2,-0.48723,0.433
5,1,3,-0.32777,0.39827
5,1,1,0.1017,0.54033
5,1,2,-0.31594,0.41417
5,0,1,0.15151,0.35788
5,0,1,0.51453,0.41173
5,0,1,0.058092,0.40223
5,0,3,1.3157,0.45034
5,0,3,1.209,0.57983
5,0,1,0.093829,0.50505
5,0,2,0.53975,0.53984
5,0,2,-0.48178,0.58081
5,0,1,-0.081451,0.48765
5,0,1,-0.015547,0.4862
5,0,1,-5.4521e-4,0.46962
5,0,2,-0.0023586,0.53448
5,0,3,-0.95093,0.5422
5,0,3,-0.25727,0.74308
5,0,2,-0.63888,0.60753
5,0,3,-0.91563,0.4813
5,0,2,-0.2775,0.47917
5,0,3,0.13095,0.55459
5,0,3,0.52234,0.5183
5,0,2,0.45607,0.64942
5,0,2,0.15636,0.53357
5,0,2,-1.1276e-4,0.53545
5,0,3,-0.50001,0.47395
5,0,1,0.191,0.43908
5,1,3,0.37937,0.39314
5,1,2,0.68137,0.39115
5,1,1,0.73342,0.33948
5,1,2,-1.2864,0.42732
5,1,3,-0.82693,0.4894
5,1,2,-0.17557,0.45856
5,1,2,-0.21744,0.4722
5,1,1,0.11969,0.42047
5,1,1,-0.66338,0.49628
5,1,1,-0.21273,0.39717
5,1,1,0.03047,0.57425
5,1,3,-0.17815,0.46238
5,1,2,0.45979,0.42159
5,1,2,0.25751,0.44833
5,1,3,0.20133,0.57211
5,1,1,0.37296,0.45435
5,1,2,0.23931,0.42182
5,1,1,0.21512,0.47389
5,1,2,-0.39237,0.43404
5,1,3,0.098985,0.4535
5,1,3,1.167,0.45561
5,1,3,0.83746,0.41708
5,1,3,0.2541,0.50865
5,1,1,-0.007527,0.40772
5,1,1,0.24407,0.3946
5,1,3,-0.70696,0.45114
5,1,3,-0.99638,0.31157
5,1,1,-0.066069,0.40208
5,1,1,-0.26128,0.4161
5,1,1,-4.86e-5,0.51603
5,1,3,-0.32622,0.45321
5,1,3,-1.312,0.38729
5,1,1,-0.75892,0.34938
5,1,2,-0.28799,0.43291
5,1,2,-0.89905,0.45535
5,1,3,-1.0208,0.3759
5,1,2,0.10672,0.45611
5,1,3,0.22753,0.41081
5,1,1,1.3312,0.34159
5,1,2,0.67732,0.45712
5,1,1,0.10409,0.44024
5,1,2,0.38898,0.51372
5,1,3,0.90373,0.44518
5,1,2,0.19105,0.51226
5,1,2,0.098225,0.47251
5,1,2,-0.8101,0.51891
5,1,3,0.0082821,0.45634
5,1,1,-0.44589,0.35883
5,0,3,1.5683,0.3545
5,0,3,-1.5134,0.47192
5,0,3,0.14175,0.48701
5,0,2,-0.051991,0.50682
5,0,1,0.022996,0.45917
5,0,2,-0.48913,0.42508
5,0,1,-1.1424,0.43191
5,0,1,0.10701,0.4207
5,0,2,0.08103,0.43939
5,0,3,-0.019465,0.56669
5,0,1,0.36736,0.46006
5,0,1,0.059071,0.42513
5,0,1,0.43238,0.50169
5,0,2,-0.80046,0.53484
5,0,3,0.0096455,0.55858
5,0,2,0.080735,0.41234
5,0,2,-0.16881,0.47376
5,0,1,0.38311,0.50629
5,0,2,0.68953,0.50453
5,0,3,1.105,0.44056
5,0,3,0.46072,0.52069
5,0,1,-0.32516,0.44288
5,0,2,0.28136,0.47241
5,0,3,1.027,0.47388
5,0,3,0.67677,0.40464
5,0,3,-0.37475,0.41388
5,0,3,1.5579,0.45995
5,0,2,0.42478,0.57807
5,0,1,0.095572,0.42294
5,0,3,-1.4171,0.55408
5,0,3,-0.059395,0.52933
5,0,2,-0.19953,0.47995
5,0,1,0.15729,0.46932
5,0,1,0.16704,0.48293
5,0,1,-0.31174,0.4493
5,0,2,-0.539,0.44217
5,0,3,-0.52619,0.54653
5,0,3,-1.5218,0.59007
5,0,1,0.067389,0.51278
5,0,1,0.23649,0.54601
5,0,1,0.30927,0.51513
5,0,2,0.61746,0.48627
5,0,2,0.18513,0.54012
5,0,2,-0.23473,0.58125
5,0,3,-0.2477,0.42428
5,0,2,0.5858,0.39593
5,0,1,0.23732,0.50166
5,0,2,0.52036,0.44433
5,1,2,-0.25344,0.29554
5,1,3,-1.5229,0.5831
5,1,2,0.34782,0.37035
5,1,2,-0.034563,0.37959
5,1,2,-0.35495,0.47972
5,1,2,-0.15461,0.34716
5,1,1,0.55209,0.3897
5,1,3,-0.097827,0.33118
5,1,3,1.0878,0.42132
5,1,1,0.37419,0.36881
5,1,3,0.59734,0.49167
5,1,1,-0.94665,0.3244
5,1,1,-0.32231,0.41118
5,1,3,-0.14842,0.40236
5,1,3,0.33828,0.43235
5,1,1,-0.33424,0.34919
5,1,1,-0.076419,0.40244
5,1,1,-0.016893,0.4453
5,1,2,1.5409,0.37673
5,1,3,1.4625,0.4382
5,1,3,0.84543,0.51642
5,1,2,0.26278,0.44046
5,1,1,-0.74206,0.38663
5,1,2,0.33999,0.60941
5,0,3,0.16294,0.44021
5,0,2,0.098678,0.42193
5,0,1,-0.023568,0.38322
5,0,3,-0.41786,0.47367
5,0,2,-1.2474,0.40917
5,0,1,-0.18379,0.41243
5,0,2,-0.43549,0.44045
5,0,3,1.4707,0.38461
5,0,2,0.085113,0.45815
5,0,2,0.72454,0.56908
5,0,1,0.24869,0.49123
5,0,2,-0.68838,1.0057
5,0,3,-1.3052,0.50649
5,0,2,0.62513,0.437
5,0,3,0.16659,0.66274
5,0,1,-0.78396,0.51557
5,0,2,0.52518,0.51535
5,0,1,-0.073923,0.45219
5,0,3,0.56239,0.55298
5,0,1,0.35414,0.49246
5,0,3,1.1088,0.45123
5,0,3,1.1322,0.55012
5,0,1,-0.055729,0.55154
5,0,1,0.16429,0.50465
5,1,3,-0.76495,0.37525
5,1,2,-0.26127,0.4196
5,1,1,-9.0471e-4,0.34154
5,1,3,-0.44727,0.49017
5,1,1,-0.11468,0.4197
5,1,2,0.38528,0.41815
5,1,2,1.1057,0.38045
5,1,3,-0.13337,0.47111
5,1,1,0.33191,0.38624000000000003
5,1,1,-0.34329,0.46373
5,1,3,-0.37243,0.45986
5,1,1,-0.13396,0.42744
5,1,3,0.10811,0.36086
5,1,1,0.0051338,0.44321
5,1,3,0.45828,0.44407
5,1,1,-0.06349,0.54016
5,1,2,0.42297,0.40637
5,1,3,0.63897,0.51015
5,1,1,0.036261,0.40392
5,1,3,-0.32183,0.40708
5,1,2,-0.34365,0.48956
5,1,2,-0.73414,0.42136
5,1,2,0.34299,0.41549
5,1,2,-0.3493,0.44499
5,0,2,-0.18449,0.53323
5,0,1,0.40847,0.47129
5,0,1,0.21145,0.84409
5,0,3,0.29084,0.55014
5,0,1,-0.015335,0.50329
5,0,3,1.3666,0.63205
5,0,2,-0.13178,0.53956
5,0,3,-0.19945,0.57832
5,0,3,0.39405,0.5352
5,0,3,0.62019,0.53831
5,0,3,-0.57703,0.47542
5,0,1,0.33495,0.38666
5,0,2,0.41298,0.46639
5,0,1,0.047641,0.46551
5,0,3,0.085224,0.53156
5,0,2,-0.51307,0.43313
5,0,1,0.16269,0.44827
5,0,3,-0.94949,0.56508
5,0,1,-0.091123,0.55055
5,0,2,0.48831,0.56133
5,0,2,0.019315,0.55148
5,0,2,0.080827,0.45664
5,0,1,0.17476,0.45221
5,0,2,-0.64683,0.50689
5,1,3,0.16875,0.40796
5,1,2,0.071729,0.48565
5,1,2,-0.22634,0.4399
5,1,1,0.1122,0.48603
5,1,1,0.22517,0.48699
5,1,1,0.04273,0.4203
5,1,2,0.045745,0.5142
5,1,2,-0.23881,0.41725
5,1,1,0.027384,0.47702
5,1,2,-0.11187,0.43589
5,1,2,-0.97142,0.53635
5,1,3,0.52703,0.47412
5,1,3,0.20287,0.53226
5,1,3,-0.42765,0.54012
5,1,2,0.14954,0.47651
5,1,1,-0.092097,0.51135
5,1,3,0.15621,0.44315
5,1,1,-0.30104,0.44867
5,1,2,0.19425,0.52871
5,1,3,-0.58595,0.54792
5,1,1,-0.10932,0.44943
5,1,3,0.83342,0.52586
5,1,1,0.0029477,0.47026
5,1,3,-0.16999,0.51827
5,0,1,0.16385,0.48329
5,0,2,-1.5236,0.31878
5,0,3,-0.21558,0.57902
5,0,3,0.96256,0.55241
5,0,1,0.31868,0.42281
5,0,3,-1.1035,0.46662
5,0,2,-0.3353,0.46612
5,0,3,-0.33838,0.41691
5,0,1,0.30441,0.41062
5,0,1,0.50481,0.4565
5,0,1,-0.32354,0.42665
5,0,1,-0.43574,0.44183
5,0,3,0.11081,0.4373
5,0,2,0.086827,0.35174
5,0,2,0.6691,0.54186
5,0,3,0.68692,0.61168
5,0,3,0.18484,0.39552
5,0,2,0.64743,0.57759
5,0,2,0.66832,0.48338
5,0,3,-0.75812,0.40184
5,0,2,-0.44479,0.41333
5,0,1,-0.35677,0.65774
5,0,1,0.42937,0.421
5,0,2,1.0711,0.44909
5,1,3,0.26345,0.44157
5,1,3,-0.6713,0.4771
5,1,2,0.72621,0.49582
5,1,1,-0.10902,0.51127
5,1,1,0.057559,0.47417
5,1,1,0.13375,0.52549
5,1,3,-0.35341,0.51216
5,1,2,1.0129,0.56408
5,1,1,-0.44709,0.46765
5,1,3,0.44596,0.63527
5,1,1,-0.40842,0.49145
5,1,1,0.17869,0.39895
5,1,3,0.24144,0.53069
5,1,3,-0.45043,0.46951
5,1,2,0.24287,0.53302
5,1,2,0.3226,0.46281
5,1,1,-0.27466,0.43391
5,1,3,-0.04796,0.44112
5,1,2,-0.70573,0.46122
5,1,1,0.40444,0.52634
5,1,2,0.2974,0.92757
5,1,2,-0.1287,0.47126
5,1,2,-0.084185,0.4871
5,1,3,-0.067866,0.53652
5,0,1,0.43666,0.37918
5,0,3,-0.62127,0.49822
5,0,1,0.11427,0.48437
5,0,1,-0.69804,0.50544
5,0,3,-0.76209,0.70298
5,0,2,0.33393,0.56875
5,0,3,0.28633,0.48722
5,0,3,-0.25059,0.54639
5,0,2,0.40621,0.44773
5,0,3,0.13977,0.60162
5,0,2,-0.025536,0.50349
5,0,1,0.34061,0.52853000000000006
5,0,3,-0.29202,0.52061
5,0,2,0.14608,0.50876
5,0,2,-0.23311,0.44425
5,0,1,-0.19737,0.5057
5,0,2,-0.37486,0.4695
5,0,3,0.68183,0.5193
5,0,2,1.1869,0.5391
5,0,2,-0.029881,0.75724
5,0,1,0.074139,0.62807
5,0,1,0.092494,0.5098
5,0,3,0.71581,0.56001
5,0,1,0.079671,0.74906
5,0,3,-0.097129,0.54293
5,0,2,-0.37454,0.4953
5,0,1,-0.4595,0.79386
5,0,1,0.37279,0.48267
5,0,1,0.048973,0.49771
5,0,2,-0.54098,0.51587
5,0,3,-0.44226,0.50486
5,0,1,0.26059,0.49945
5,0,3,-1.3041,0.61702
5,0,1,0.048826,0.57741
5,0,2,0.33163,0.53526
5,0,2,0.29029,0.54732
5,0,1,-0.14542,0.5262
5,0,3,0.48661,0.6566
5,0,2,1.1957,0.46776
5,0,1,-0.25472,0.5655
5,0,2,0.10428,0.52352
5,0,3,1.2789,0.80577
5,0,1,-0.047261,0.62493
5,0,3,1.1017,0.71302
5,0,3,-1.1959,0.56083
5,0,2,0.082778,0.56535
5,0,2,0.32458,0.52074
5,0,3,0.47194,0.60619
6,0,3,0.15732,1.3838
6,0,2,-0.056436,1.0335
6,0,3,-0.29939,1.1353
6,0,2,-0.040223,0.9793
6,0,2,-0.15601,1.5963
6,0,3,0.57881,1.636
6,0,1,0.068889,0.72897
6,0,3,1.1651,2.4761
6,0,3,0.38303,1.1207
6,0,2,-0.4591,0.87022
6,0,3,0.29615,0.73631
6,0,2,-0.033805,0.62977
6,0,2,0.26515,0.88358
6,0,1,-0.052731,0.602
6,0,2,-0.12424,0.69439
6,0,1,0.12849,0.78655
6,0,1,0.21525,0.69493
6,0,3,0.69564,1.0587
6,0,1,-0.19293,0.68911
6,0,3,-0.12976,1.1825
6,0,1,0.22891,0.69186
6,0,2,-0.96226,0.99405
6,0,1,0.066085,0.66108
6,0,1,0.022949,0.87489
6,1,1,0.015262,0.59645
6,1,1,-0.1264,0.56548
6,1,1,0.032386,0.5376
6,1,3,-0.5947,0.66939
6,1,1,-0.21485,0.61646
6,1,2,0.28636,0.60905
6,1,2,1.1913,0.65539
6,1,1,0.072991,0.52538
6,1,1,0.1596,0.59232
6,1,3,-0.8579,0.55412
6,1,2,0.63616,0.81856
6,1,2,-0.061941,0.49299
6,1,3,0.053293,0.54905
6,1,2,0.28148,0.55621
6,1,3,-0.26134,0.65933
6,1,1,-0.46532,0.52484
6,1,2,0.29467,0.73619
6,1,3,0.099202,0.51837
6,1,3,0.29257,0.6617
6,1,3,-0.021561,0.55586
6,1,1,-0.10415,0.52717
6,1,3,-0.6874,0.56883
6,1,2,0.44511,0.61421
6,1,2,0.14047,0.58863
6,1,1,-0.19109,0.4999
6,1,1,-0.18048,0.92714
6,1,3,-0.40504,0.62973
6,1,1,-0.34644,0.53346
6,1,1,0.062937,0.49504
6,1,2,-0.18732,0.63224
6,1,2,0.035227,0.6602
6,1,1,0.020918,0.60741
6,1,3,-0.22464,0.60141
6,1,3,-0.30243,0.51734
6,1,2,-0.28642,0.6972
6,1,1,-0.081701,0.52848
6,1,2,-0.04223,0.5207
6,1,2,0.10318,0.50476
6,1,2,-0.19801,0.52357
6,1,3,-0.31349,1.0247
6,1,3,-0.40719,0.54208
6,1,2,0.24419,0.54151
6,1,3,-1.012,0.59466
6,1,3,0.46196,0.5855
6,1,2,-0.16652,0.65765
6,1,1,-0.013157,0.56081
6,1,3,0.65089,0.57424
6,1,1,-0.29126,0.68987
6,1,2,-0.027134,0.59812
6,1,2,-0.15079,0.6905
6,1,1,0.19378,0.52335
6,1,3,-0.40626,0.63488
6,1,1,0.13571,0.51058
6,1,2,0.34293,0.68516
6,1,2,0.29606,0.64046
6,1,2,0.018088,0.50425
6,1,3,0.50776,0.54678
6,1,2,-0.25988,0.55886
6,1,1,0.067599,0.59831
6,1,3,-0.24616,0.63941
6,1,3,-0.3642,0.66165
6,1,1,-0.088746,0.57433
6,1,2,0.24118,0.66143
6,1,3,-0.61594,0.68298
6,1,2,-0.25677,0.65271
6,1,1,0.088591,0.65825
6,1,1,-0.021176,0.60902
6,1,3,-0.48037,0.58708
6,1,1,0.10637,0.66706
6,1,3,-1.3963,0.94701
6,1,3,-0.97703,0.89509
6,1,1,-0.25143,0.54454
6,0,1,0.048059,0.58837
6,0,1,-0.0648,0.6262
6,0,1,0.24634,0.6251
6,0,2,0.024436,1.2944
6,0,3,0.41946,0.56509
6,0,3,0.4177,0.60158
6,0,2,0.12045,1.1647
6,0,2,-0.026713,0.72417
6,0,1,0.013453,0.63019
6,0,3,-0.1104,0.94166
6,0,2,-0.14979,0.62208
6,0,1,-0.23191,0.67153
6,0,3,-0.68161,0.58697
6,0,2,-0.38094,0.62842
6,0,2,0.17236,0.68786
6,0,1,-0.085614,0.57133
6,0,1,0.1265,0.6191
6,0,3,-0.3803,0.8722
6,0,2,0.21513,0.7323
6,0,3,-1.189,0.66583
6,0,3,0.32936,0.69088
6,0,1,-0.44503,0.57906
6,0,3,-0.32315,0.5775
6,0,2,-0.35489,0.60256
6,0,3,-0.47869,0.77003
6,0,1,0.32206,0.60183
6,0,2,-0.066978,0.62854
6,0,2,-0.34903,0.51347
6,0,3,0.13481,1.2992
6,0,3,0.40397,0.68286
6,0,1,0.14369,0.58606
6,0,2,0.12845,0.85566
6,0,2,0.26678,0.56422
6,0,1,0.19613,0.68273
6,0,3,-0.75504,0.57314
6,0,2,-0.022639,0.84522
6,0,3,-0.3007,0.53839
6,0,2,-0.35499000000000003,0.6431
6,0,1,0.12815,0.63487
6,0,1,0.4243,0.57139
6,0,2,-0.31465,0.75844
6,0,2,-0.052248,0.68968
6,0,3,0.46594,0.65974
6,0,3,1.3158,0.65814
6,0,3,0.029415,1.3802
6,0,1,-0.025696,0.6667
6,0,1,-0.070923,0.60777
6,0,1,0.1084,0.52782
6,0,3,0.58869,0.86722
6,0,1,-0.27586,0.65233
6,0,1,0.17605,0.54554
6,0,1,-0.15884,0.62594
6,0,1,0.24457,0.59874
6,0,3,-0.65296,0.70348
6,0,2,-0.2087,0.68394
6,0,2,0.15402,0.7151
6,0,3,-0.14924,0.96284
6,0,2,-0.14734,0.54342
6,0,1,-0.0025973,0.61829
6,0,1,-0.030183,0.58899
6,0,3,-0.039645,0.54275
6,0,2,-0.057892,0.54745
6,0,1,-0.14524,0.47168
6,0,3,-0.35024,0.56943
6,0,2,-0.57617,0.79685
6,0,2,0.41669,0.68138
6,0,3,0.18654,0.67612
6,0,3,-0.99423,0.6822
6,0,1,0.0010321,0.55292
6,0,2,-0.024877,0.64306
6,0,3,-0.63176,0.67592
6,0,2,-0.10529,0.57826
6,1,3,0.10458,0.62729
6,1,1,-0.042909,0.58795
6,1,2,-0.049771,0.48678
6,1,3,0.81183,0.97578
6,1,2,-0.05295,0.59965
6,1,3,0.36582,0.53681
6,1,2,-0.078783,0.58124
6,1,2,-0.29995,0.58234
6,1,1,-0.13868,0.67412
6,1,2,-0.34809,0.62889
6,1,1,0.006107,0.47468
6,1,3,0.19131,0.64044
6,1,3,0.42012,0.5192
6,1,1,-0.07577,0.52712
6,1,3,-0.11779,0.53689
6,1,1,-0.10445,0.47324
6,1,2,-0.16716,0.47874
6,1,2,0.11595,0.51816
6,1,1,-0.45954,0.47506
6,1,2,0.1905,0.49176
6,1,1,0.40725,0.54194
6,1,3,0.60073,0.79733
6,1,3,-0.64838,0.72078
6,1,1,0.18785,0.58109
6,1,3,0.81956,0.75525
6,1,3,0.47633,0.63648
6,1,2,-0.20364,0.71142
6,1,3,1.2365,0.66102
6,1,2,-0.084857,0.52466
6,1,1,0.1999,0.50519
6,1,2,-0.11287,0.553
6,1,1,-0.30376,0.49612
6,1,2,-0.1813,0.48256
6,1,1,-0.040202,0.51595
6,1,3,0.6306,0.72156
6,1,2,-0.23704,0.53363
6,1,3,-0.63756,0.78673
6,1,1,0.34004,0.56726
6,1,3,-0.72806,0.70658
6,1,2,-0.35806,0.75727
6,1,1,0.18001,0.54543
6,1,3,0.16175,0.7992
6,1,1,-0.0040942,0.57593
6,1,2,-0.45204,0.61919
6,1,2,-0.17527,0.74482
6,1,3,-0.056465,0.61942
6,1,1,0.046136,0.50287
6,1,1,0.13014,0.553
6,0,2,-0.5019,1.1267
6,0,3,0.16152,0.77346
6,0,2,0.18577,0.78791
6,0,3,0.049379,0.71697
6,0,1,-0.1485,0.62952
6,0,3,-1.2384,1.0219
6,0,2,0.012818,0.72142
6,0,2,-0.051496,0.80031
6,0,1,-0.099542,0.5702
6,0,1,-0.2696,0.60967
6,0,3,0.034736,0.60276
6,0,2,-0.37809,0.63009
6,0,1,0.2133,0.67803
6,0,1,-0.011252,0.68246
6,0,2,-0.088929,0.53902
6,0,2,0.30278,0.59408
6,0,1,-0.15195,0.56455
6,0,3,-0.70626,0.4716
6,0,3,0.41904,0.74512
6,0,1,-0.14474,0.55303
6,0,3,0.38835,0.64562
6,0,3,0.033157,0.60545
6,0,1,-0.045001,0.62995
6,0,2,0.061662,0.69206
6,0,2,0.0058152,0.87718
6,0,1,-0.03093,0.51502
6,0,1,0.011978,0.61827
6,0,2,0.7811,0.48138
6,0,2,0.35933,0.52995
6,0,2,-0.19912,0.59801
6,0,3,-0.62545,0.73748
6,0,3,-0.15377,0.55673
6,0,1,0.10842,0.4831
6,0,2,0.21113,0.5839
6,0,3,0.020315,0.62654
6,0,3,-0.33913,0.76667
6,0,1,0.51623,0.54504
6,0,1,-0.063414,0.52455
6,0,3,-0.21561,0.54935
6,0,2,-0.090666,0.5425
6,0,3,0.71205,0.662
6,0,3,-0.43497,0.51005
6,0,3,0.90321,0.6122
6,0,2,0.26972,0.54863
6,0,1,-0.26897,0.5392
6,0,1,0.13153,0.53219
6,0,1,-0.2625,0.61935
6,0,2,-0.23827,0.64287
6,1,2,0.25913,0.70559
6,1,3,-0.076553,0.61519
6,1,1,0.17868,0.55244
6,1,3,-0.0064443,0.52279
6,1,2,0.78479,0.60626
6,1,2,0.11897,0.50939
6,1,1,-0.046514,0.8793
6,1,3,-0.043104,0.6681
6,1,3,-0.15529,0.75974
6,1,2,-0.15242,0.5365
6,1,1,0.11121,0.52364
6,1,3,0.052541,0.62077
6,1,1,0.10395,0.54302
6,1,2,0.52254,0.49876
6,1,2,-0.0289,0.57888
6,1,1,-0.047447,0.50691
6,1,3,1.3907,0.57669
6,1,3,-0.37355,0.63884
6,1,1,-0.008291,0.56505
6,1,3,0.051903,0.53766
6,1,2,-0.12264,0.64085
6,1,1,0.44479,0.57666
6,1,1,0.1478,0.60136
6,1,2,0.045427,0.62444
6,0,2,-0.13594,0.81217
6,0,3,0.66758,0.72214
6,0,3,1.0389,0.63922
6,0,3,1.1241,0.93158
6,0,2,-0.23963,0.61201
6,0,3,-0.29001,0.58587
6,0,1,-0.043422,0.54951
6,0,3,0.39098,0.88667
6,0,3,-0.032411,0.96109
6,0,1,0.2452,0.58127
6,0,3,-0.15079,0.60403
6,0,1,-0.099176,0.52117
6,0,2,-0.3004,0.58431
6,0,2,0.39931,0.6397
6,0,1,-0.13823,0.52018
6,0,1,-0.23628,0.55135
6,0,2,-0.010586,0.56645
6,0,1,-0.22512,0.48758
6,0,2,0.44181,0.52173
6,0,2,0.97777,0.55019
6,0,3,0.40888,0.52593
6,0,1,0.019844,0.53506
6,0,1,0.16686,0.47222
6,0,2,-0.1761,0.5284
6,0,1,-0.25229,0.59103000000000006
6,0,1,0.11149,0.47444
6,0,3,0.37176,0.51214
6,0,1,0.338,0.5041
6,0,3,-0.3474,0.53887
6,0,2,0.046828,0.56715
6,0,2,-0.18264,0.53981
6,0,2,-0.19934,0.49526
6,0,1,0.024819,0.49366
6,0,3,-0.16455,0.49451
6,0,3,-0.23154,0.49364
6,0,2,-0.20434,0.58709
6,0,1,-0.20907,0.54457
6,0,3,-0.0045082,0.55537
6,0,2,-0.29947,0.60033
6,0,2,0.26302,0.57233
6,0,3,-0.82621,0.74139
6,0,3,-1.3526,0.62784
6,0,3,-0.58842,0.94159
6,0,1,0.016472,0.57046
6,0,1,-0.1734,0.55748
6,0,2,-0.066306,0.55693
6,0,1,0.049091,0.5904
6,0,2,0.15962,0.61152
6,0,3,0.0075721,0.86621
6,0,1,0.035281,0.54135
6,0,3,-0.68309,0.59675
6,0,2,-0.46228,0.55027
6,0,3,-0.16475,1.3656
6,0,3,0.03751,0.70762
6,0,1,0.23922,0.65224
6,0,2,-0.062181,0.64959
6,0,2,0.015792,0.69506
6,0,3,0.11196,0.52545
6,0,1,0.38319,0.59668
6,0,1,-0.19247,0.50483
6,0,3,0.24638,0.41317
6,0,2,-0.01743,0.54464
6,0,3,-0.49524,0.77778
6,0,2,0.24862,0.98654
6,0,1,0.040805,0.58767
6,0,1,0.24502,0.53938
6,0,1,-0.030682,0.54241
6,0,1,0.61954,0.59309
6,0,2,0.5455,0.53715
6,0,2,-0.14134,0.7093
6,0,2,-0.40348,0.53809
6,0,3,-0.44115,0.49185
6,0,1,0.21213,0.57726
6,0,2,-0.11643,0.50545
6,0,1,0.13756,0.69353
6,0,2,0.40319,0.58401
6,0,1,0.1291,0.54445
6,0,2,0.28234,0.72925
6,0,3,0.21221,0.60365
6,0,1,0.012698,0.56985
6,0,2,-0.42912,0.5986
6,0,3,0.58618,0.59041
6,0,1,-0.16555,0.62684
6,0,3,-0.20569,0.63223
6,0,1,0.2347,0.57707
6,0,3,0.12511,0.54682
6,0,2,-0.13806,0.61244
6,0,2,-0.010968,0.62877
6,0,1,0.017489,0.5529
6,0,1,0.062337,0.57038
6,0,3,-1.5638,0.75924
6,0,2,-0.1922,0.62984
6,0,3,0.066556,0.67312
6,0,3,-0.3838,1.0618
6,0,2,0.46425,0.88255
6,0,3,0.28583,0.69101
6,1,2,-0.17495,0.60325
6,1,1,-0.16727,0.53667
6,1,2,0.077285,0.61877
6,1,2,0.24738,0.55528
6,1,2,0.13668,0.66366
6,1,1,-0.080144,0.57208
6,1,2,0.15039,0.59851
6,1,2,0.062344,0.54203
6,1,2,0.22162,0.56551
6,1,1,0.032902,0.50799
6,1,1,0.14809,0.52382
6,1,2,-0.071327,0.57556
6,1,1,0.32908,0.60963
6,1,1,0.012963,0.65137
6,1,3,-0.58014,0.83493
6,1,3,0.69128,0.8743
6,1,3,0.44529,0.6381
6,1,3,0.03653,0.6476
6,1,3,0.37439,0.6853
6,1,3,-0.13854,1.1931
6,1,3,-0.67594,0.49647
6,1,1,0.31576,0.5864
6,1,3,-0.69549,0.79574
6,1,1,-0.087824,0.58689
6,1,1,0.1076,0.58291
6,1,1,-0.21174,0.54805
6,1,2,0.37713,0.63811
6,1,2,0.13792,0.61464
6,1,3,-1.118,0.8027
6,1,1,0.39534,0.65592
6,1,2,0.0050355,0.6786
6,1,3,-0.66427,0.96045
6,1,2,-0.1192,0.56086
6,1,2,0.5219,0.55189
6,1,1,-0.036566,0.65878
6,1,1,-0.17558000000000001,0.6581
6,1,3,-0.81002,0.56407
6,1,1,0.36078,0.53636
6,1,2,0.14275,0.7399
6,1,1,0.021204,0.74223
6,1,1,-0.31983,0.57265
6,1,3,-1.1295,1.2871
6,1,2,0.15304,0.63514
6,1,3,0.28624,0.79602
6,1,3,-0.26325,0.82044
6,1,2,0.28376,0.72288
6,1,3,0.38796,0.69036
6,1,3,0.39242,0.82372
6,1,2,0.15599,0.7498
6,1,3,0.053812,0.88858
6,1,2,-0.10723,0.76601
6,1,3,-0.1227,0.70758
6,1,2,-0.079963,0.64876
6,1,2,-0.11504,0.64718
6,1,2,-0.020325,0.92624
6,1,3,-0.20604,0.78703
6,1,3,0.076716,0.75648
6,1,3,1.2928,0.69096
6,1,1,-0.15019,0.54037
6,1,2,-0.024523,0.57313
6,1,1,-0.25612,0.56262
6,1,3,0.052977,0.8794
6,1,1,0.048517,0.53841
6,1,1,-0.047186,0.51569
6,1,1,0.081955,0.68111
6,1,1,0.18599,0.62598
6,1,1,0.15639,0.56841
6,1,1,0.05591,0.61551
6,1,2,-0.22169,0.66856
6,1,3,-0.31326,0.71038
6,1,3,-0.5762,0.60682
6,1,2,0.32202,1.2372
6,1,2,0.057987,0.70521
6,1,2,0.32904,0.6553
6,1,1,0.046553,0.58344
6,1,3,0.47017,0.7152
6,1,3,0.59969,0.67803
6,1,1,0.16901,0.53842
6,1,3,-0.32293,0.512
6,1,3,-0.68509,0.59611
6,1,1,0.18277,0.51988
6,1,3,-0.58451,0.70511
6,1,2,-0.019367,0.52142
6,1,2,-0.49241,0.64122
6,1,2,-0.30221,0.5731
6,1,3,0.048323,0.63507
6,1,1,-0.30255,0.57696
6,1,1,0.0073829,0.63243
6,1,2,-0.27362,0.6355
6,1,2,0.038715,0.61967
6,1,3,-0.29878,0.62877
6,1,3,0.85305,0.53726
6,1,1,0.044022,0.52266
6,1,2,0.11124,0.73945
6,1,1,-0.022177,0.57317
6,1,1,0.043305,0.57708
7,0,3,0.58765,0.51947
7,0,3,0.84604,0.40368
7,0,2,0.67865,0.41817
7,0,3,-0.45511,0.41066
7,0,2,0.40945,0.43604
7,0,1,-0.37578,0.35142
7,0,3,-1.208,0.89626
7,0,1,-0.89182,0.4042
7,0,2,-0.66677,0.41693
7,0,3,-1.0908,0.41934
7,0,2,-0.11328,0.51945
7,0,1,-0.44216,0.40272
7,0,2,0.5444,0.40736
7,0,1,-0.33134,0.43085
7,0,1,-0.22698,0.48628
7,0,2,-0.33245,0.40908
7,0,3,0.63301,0.44657
7,0,1,0.18586,0.48024
7,0,1,0.16416,0.47036
7,0,3,-0.4385,0.47091
7,0,1,-0.37225,0.42498
7,0,2,-0.3778,0.46424
7,0,3,1.1407,0.5742
7,0,2,-0.30938,0.49801
7,1,1,0.20453,0.6371
7,1,2,0.92561,0.522
7,1,3,-0.34189,0.55614
7,1,2,0.34979,0.5372
7,1,1,0.072872,0.48292
7,1,2,1.0916,0.42086
7,1,2,0.72202,0.55033
7,1,3,0.16727,0.444
7,1,1,-0.054231,0.48721
7,1,2,-0.065227,0.51053
7,1,3,0.22388,0.49037
7,1,1,0.56883,0.4708
7,1,3,0.066988,0.64295
7,1,3,-0.37501,0.47408
7,1,1,0.29672,0.56513
7,1,3,-0.31324,0.64531
7,1,1,0.040115,0.4107
7,1,2,-1.4089,0.56549
7,1,2,0.1108,0.53201
7,1,1,0.34996,0.50937
7,1,3,0.072436,0.50477
7,1,1,0.022831,0.50561
7,1,3,-0.75545,0.57396
7,1,2,0.51358,0.50732
7,0,3,-0.17805,0.59652
7,0,2,0.28812,0.40965
7,0,3,-1.563,0.53019
7,0,3,1.0842,0.46244
7,0,2,-0.32629,0.55886
7,0,3,-0.27727,0.57866
7,0,1,-0.059872,0.60207
7,0,2,0.57172,0.4976
7,0,1,-0.10878,0.51406
7,0,1,0.18996,0.51284
7,0,1,0.26873,0.62884
7,0,2,-0.5749,0.55626
7,0,3,0.29497,0.6874
7,0,3,-0.80228,0.47066
7,0,1,-0.64305,0.46726
7,0,1,0.026684,0.54617
7,0,2,-0.22588,0.5489
7,0,2,0.026279,0.6603
7,0,1,-0.19928,0.6554
7,0,3,0.36807,0.58984
7,0,3,0.020345,0.4779
7,0,2,0.29958,0.57829
7,0,1,-0.016498,0.51036
7,0,2,0.1746,0.51391
7,1,3,0.54498,0.59842
7,1,1,0.28809,0.51453
7,1,3,-1.5117,0.69208
7,1,2,-0.31234,0.5642
7,1,3,0.59084,0.57119
7,1,1,-0.011609,0.47301
7,1,1,-0.25014,0.4292
7,1,3,-0.058486,0.48379
7,1,2,0.1285,0.4976
7,1,2,-0.39091,0.44694
7,1,2,-0.33114,0.50247
7,1,1,0.32029,0.57198
7,1,1,0.30968,0.64637
7,1,2,-0.44282,0.46088
7,1,3,-0.032382,0.57009
7,1,1,-0.017698,0.54858
7,1,1,-0.19828,0.48135
7,1,3,0.16516,0.44575
7,1,2,-0.12693,0.59692
7,1,2,-0.093277,0.49024
7,1,3,0.29572,0.40841
7,1,2,0.1744,0.48752
7,1,1,-0.30562,0.48161
7,1,3,1.0435,0.49744
7,0,3,-0.81535,0.47706
7,0,1,0.22213,0.63253
7,0,1,0.13083,0.46505
7,0,2,0.37365,0.46411
7,0,3,-0.21907,0.40749
7,0,2,0.39723,0.48437
7,0,2,0.28523,0.53107
7,0,3,-0.072893,0.61698
7,0,3,-1.3469,0.58072
7,0,2,0.35296,0.54143
7,0,3,0.1831,0.54083
7,0,3,-1.275,0.4234
7,0,2,-0.26009,0.61374
7,0,1,0.34779,0.5044
7,0,1,0.12557,0.44626
7,0,2,-0.38599,0.7253
7,0,1,0.14885,0.52006
7,0,2,-0.018856,0.54313
7,0,3,-0.36013,0.62354
7,0,1,-0.32996,0.44761
7,0,1,-0.11284,0.49109
7,0,2,0.16861,0.50545
7,0,1,0.027262,0.40161
7,0,3,0.31254,0.51934
7,0,1,0.024786,0.56527
7,0,1,0.26181,0.47462
7,0,2,0.23485,0.44534
7,0,2,-0.21403,0.52305
7,0,1,0.36212,0.42947
7,0,2,0.39547,0.45753
7,0,3,-0.43384,0.51676
7,0,3,-0.69856,0.53574
7,0,1,-0.0014605,0.56485
7,0,3,-0.61565,0.5769
7,0,2,-0.19986,0.48041
7,0,1,-0.23483,0.50753
7,0,2,0.24154,0.50503
7,0,1,0.023108,0.47232
7,0,2,0.17745,0.49846
7,0,2,0.1864,0.51459
7,0,3,0.34545,0.50857
7,0,1,0.010205,0.56814
7,0,3,0.53093,0.51217
7,0,2,0.084241,0.47922
7,0,3,-0.18546,0.56404
7,0,3,0.68675,0.50513
7,0,3,1.0456,0.54687
7,0,1,0.23091,0.58335
7,1,1,0.19564,0.53845
7,1,3,-0.051629,0.59492
7,1,2,-0.47332,0.5141
7,1,1,-0.13048,0.47937
7,1,2,-0.10871,0.55249
7,1,1,0.09985,0.47153
7,1,3,0.1498,0.54168
7,1,1,-0.29046,0.45611
7,1,3,-0.2386,0.50781
7,1,1,0.13504,0.38521
7,1,1,0.26087,0.46105
7,1,2,0.57043,0.64249
7,1,3,0.49296,0.7095
7,1,3,-0.074676,0.55294
7,1,2,-0.18192,0.53039
7,1,3,1.0738,0.56685
7,1,2,-0.046956,0.76031
7,1,3,0.60656,0.62931
7,1,2,0.86724,0.56141
7,1,1,-0.072017,0.51182
7,1,2,-0.16815,0.59825
7,1,1,-0.12947,0.4841
7,1,3,0.66815,0.55252
7,1,2,0.52855,0.4912
7,0,3,0.38711,0.61651
7,0,3,0.84147,0.56901
7,0,1,0.28724,0.47832
7,0,2,0.021709,0.41493
7,0,1,-0.26281,0.4922
7,0,2,0.080807,0.65907
7,0,3,0.0067263,0.50248
7,0,3,0.91153,0.47295
7,0,2,0.84755,0.5333
7,0,2,-0.40296,0.7801
7,0,2,0.74279,0.66212
7,0,1,0.27721,0.5861
7,0,1,0.15351,0.48912
7,0,1,0.13662,0.4839
7,0,2,-0.41598,0.44323
7,0,2,0.63427,0.42734
7,0,2,0.65144,0.50342
7,0,3,-0.84564,0.73385
7,0,1,-0.52102,0.58643
7,0,3,0.21579,0.63974
7,0,1,-0.14944,0.55186
7,0,3,0.84589,0.51356
7,0,1,-0.32345,0.53585
7,0,3,-0.38265,0.7245
7,1,1,0.1197,0.54655
7,1,3,0.90556,0.60538
7,1,2,0.29998,0.47746
7,1,2,0.26194,0.92915
7,1,3,1.0183,0.44016
7,1,2,0.6065,0.71129
7,1,1,0.4828,0.47239
7,1,1,0.27835,0.7361
7,1,3,0.1835,1.0712
7,1,1,0.026141,0.59729
7,1,1,-0.23181,0.61644
7,1,2,-0.32015,0.59623
7,1,3,0.57884,0.53697
7,1,2,-0.002171,0.66434
7,1,2,0.39878,0.95788
7,1,1,-0.12667,0.55944
7,1,3,-0.7167,0.95016
7,1,3,0.043378,0.94559
7,1,3,0.89697,0.48543
7,1,2,1.4322,0.51414
7,1,1,0.25358,0.50358
7,1,3,-0.49823,0.52743
7,1,1,-0.14199,0.56854
7,1,2,0.42666,0.57623
7,0,3,0.76359,1.1289
7,0,1,0.18333,0.47699
7,0,3,-0.22592,0.54043
7,0,2,0.2445,0.5975
7,0,3,-0.38352,0.49399
7,0,2,0.18775,0.58039
7,0,2,-0.19304,0.47147
7,0,2,-0.4027,0.49122
7,0,2,-0.4634,0.44683
7,0,3,-0.20946,0.50517
7,0,2,-0.10465,0.55128
7,0,3,-0.99591,0.82345
7,0,2,-0.038067,0.57282
7,0,1,0.011627,0.67361
7,0,1,-0.14806,0.54871
7,0,3,-0.48798,0.72551
7,0,1,-0.5021,0.44552
7,0,3,-0.72546,0.7434
7,0,1,0.20051,0.47194
7,0,2,-0.1411,0.50891
7,0,1,-0.33043,0.53695
7,0,1,0.12694,0.6
7,0,3,0.75912,1.0234
7,0,1,0.25748,0.5315
7,0,2,-0.49696,0.60181
7,0,2,0.46611,0.90959
7,0,1,0.39767,0.61371
7,0,2,-0.16079,0.68113
7,0,3,0.99767,0.6939
7,0,3,-0.10416,0.85774
7,0,2,-0.38942,0.86675
7,0,2,0.42471,0.80786
7,0,3,-0.74701,0.93025
7,0,3,0.16252,0.62738
7,0,2,-0.35149,0.94045
7,0,3,-0.48588,0.45304
7,0,1,-0.13243,0.63306
7,0,1,0.17902,0.47505
7,0,3,1.124,0.86616
7,0,3,0.054811,0.75724
7,0,1,0.041271,0.57277
7,0,1,-0.45731,0.71436
7,0,1,-0.090682,0.59846
7,0,1,0.352,0.54202
7,0,2,-0.21871,0.51488
7,0,3,-0.082971,0.69764
7,0,2,1.0706,0.76831
7,0,1,-0.11261,0.62911
7,0,3,0.22223,0.8653
7,0,2,0.44765,0.50407
7,0,2,-0.61026,0.67785
7,0,1,-0.35579,0.56226
7,0,3,-0.31692,0.44633
7,0,2,-0.32791,0.78874
7,0,1,0.063143,0.51127
7,0,1,0.19693,0.59929
7,0,2,-0.60765,0.68982
7,0,1,0.59942,0.51316
7,0,3,-0.18831,0.57414
7,0,3,0.23268,0.6597
7,0,2,-0.2562,0.55016
7,0,1,-0.23681,0.60263
7,0,1,-0.35277,0.55201
7,0,2,0.51438,0.56726
7,0,3,-0.043189,0.83362
7,0,3,-0.31201,0.61154
7,0,1,0.66293,0.58934
7,0,2,-0.091551,0.90038
7,0,3,0.98206,0.56116
7,0,2,-0.26345,0.58646
7,0,3,0.2249,0.8542
7,0,1,-0.40736,0.56981
7,1,3,0.21018,0.76343
7,1,3,-0.041306,0.59741
7,1,3,0.75011,0.54389
7,1,3,0.64615,0.6606
7,1,1,-0.029859,0.57675
7,1,1,0.20899,0.46019
7,1,3,0.35604,0.70657
7,1,2,0.26362,0.64005
7,1,2,0.47032,0.85024
7,1,3,0.50861,0.7655
7,1,3,-0.064471,0.90595
7,1,1,0.071256,0.49809
7,1,1,-0.55881,0.61176
7,1,1,-0.18206,0.58698
7,1,2,0.38067,0.54703
7,1,1,-0.12863,0.50702
7,1,2,0.1295,0.43701
7,1,2,0.0049308,0.51932
7,1,2,-0.41256,0.50505
7,1,2,-0.16765,0.54485
7,1,2,0.095327,0.51395
7,1,1,-0.072469,0.48669
7,1,1,0.13768,0.50519
7,1,3,-0.51061,0.47429
7,1,2,0.13697,0.55787
7,1,2,-0.11079,0.57436
7,1,3,-0.089862,0.45381
7,1,3,0.75821,0.54799
7,1,1,0.19896,0.53681
7,1,2,-0.17113,0.54751
7,1,1,-0.033979,0.50596
7,1,3,-1.0233,0.58346
7,1,1,0.065193,0.52983
7,1,1,-0.66721,0.58961
7,1,3,-0.13799,0.53595
7,1,2,0.15241,0.50681
7,1,3,0.41892,0.54793
7,1,2,0.30386,0.51102
7,1,3,-0.029131,0.67975
7,1,1,0.26808,0.43185
7,1,2,-0.65991,0.48197
7,1,1,-0.0074648,0.53877
7,1,3,-0.46839,0.43055
7,1,2,0.15327,0.5054
7,1,2,-0.91757,0.43983
7,1,1,-0.097314,0.44517
7,1,3,-0.44856,0.45307
7,1,1,-0.23433,0.42096
7,1,2,-0.17571,0.56672
7,1,1,-0.33584,0.77666
7,1,3,-0.38111,0.84112
7,1,1,0.14032,0.56388
7,1,2,-0.21018,0.6113
7,1,3,0.30801,0.50307
7,1,1,0.042073,0.5195
7,1,3,0.33745000000000003,0.47118
7,1,2,0.15181,0.62106
7,1,2,0.38957,0.69782
7,1,3,0.26169,0.48954
7,1,1,0.096621,0.49661
7,1,2,-0.4214,0.53017
7,1,2,0.30297,0.73035
7,1,1,-0.033146,0.51009
7,1,1,0.10417,0.50844
7,1,2,0.1728,0.49716
7,1,3,0.88625,0.64267
7,1,3,0.52283,0.57854
7,1,3,0.14793,0.60026
7,1,3,-0.24508,0.66532
7,1,1,0.083009,0.5231
7,1,1,0.15241,0.50719
7,1,2,0.2179,0.643
7,0,3,0.58185,0.56972
7,0,2,0.23458,0.81973
7,0,3,0.14754,0.63118
7,0,2,0.22781,0.68434
7,0,2,-0.031394,0.72252
7,0,2,0.41304,0.62783
7,0,3,0.097118,0.48963
7,0,2,-0.28431,0.67064
7,0,2,0.29069,0.56183
7,0,3,0.18287,0.81262
7,0,1,0.082818,0.46502
7,0,1,0.38276,0.50838
7,0,1,-0.28527,0.50317
7,0,1,-0.13296,0.68922
7,0,3,0.55372,0.72087
7,0,3,-1.152,0.82795
7,0,1,0.16062,0.57269
7,0,3,-0.6336,0.78279
7,0,1,0.29715,0.48663
7,0,2,0.60361,0.72835
7,0,2,0.69155,0.58628
7,0,3,-1.455,0.50628
7,0,1,-0.068376,0.55947
7,0,1,0.089198,0.49308
7,1,3,-0.54765,0.83063
7,1,3,0.60198,0.62732
7,1,1,-0.33407,0.46241
7,1,3,-0.1492,0.6036
7,1,2,-0.24126,0.80077
7,1,2,-0.18189,0.60381
7,1,3,0.79023,0.59853
7,1,1,-0.23356,0.52617
7,1,2,0.061567,0.57509
7,1,3,0.23539,0.66391
7,1,3,0.090805,0.55003
7,1,1,-0.44516,0.5961
7,1,1,0.32464,0.64093
7,1,1,-0.79990000000000006,0.55338
7,1,2,0.07133,0.52544
7,1,1,-0.2469,0.51555
7,1,1,0.18357,0.50902
7,1,2,-0.07356,0.58107
7,1,3,0.31611,0.79628
7,1,3,-0.26131,0.69807
7,1,2,-0.64207,0.75181
7,1,1,0.1722,0.78219
7,1,2,0.068001,0.7287
7,1,2,0.052785,0.80246
7,1,2,-0.70217,0.76829
7,1,2,0.11153,1.0758
7,1,3,-0.47669,0.62845
7,1,2,-1.0995,0.44161
7,1,2,0.43029,0.50741
7,1,1,0.41881,0.59775
7,1,1,-0.19284,0.54291
7,1,1,0.01753,0.57171
7,1,3,-0.96364,0.86291
7,1,1,-0.24904,0.59325
7,1,3,-0.36762,0.5637
7,1,2,-0.31109,0.68145
7,1,2,0.83221,0.77548
7,1,1,0.24712,0.5304
7,1,3,0.10464,0.60917
7,1,2,0.4712,0.50334
7,1,1,-0.019716,0.58502
7,1,3,-1.4005,0.71013
7,1,3,-0.23052,0.48791
7,1,3,0.1143,0.53373
7,1,2,-0.10843,0.50622
7,1,1,-0.18036,0.56795
7,1,1,-0.12726,0.51466
7,1,3,-0.44976,0.57689
7,1,2,-0.083318,0.72374
7,1,1,0.15323,0.50253
7,1,2,-0.089165,0.49813
7,1,3,0.13462,0.58606
7,1,2,-0.16965,0.46462
7,1,3,-0.72533,0.77833
7,1,1,0.092687,0.5332
7,1,2,0.030571,0.47187
7,1,1,0.1068,0.4674
7,1,3,0.90513,0.56211
7,1,2,-0.16721,0.43124
7,1,3,-1.2499,0.49472
7,1,2,-0.29847,0.61693
7,1,1,-0.0046312,0.53021
7,1,3,0.1316,0.58031
7,1,2,0.33284,0.56145
7,1,1,-0.27366,0.57338
7,1,1,0.3256,0.51538
7,1,3,-0.2253,0.65296
7,1,1,0.07196,0.48372
7,1,2,0.030426,0.74542
7,1,1,-0.57846,0.54647
7,1,3,-0.03308,0.67155
7,1,3,-0.3443,0.58066
7,0,3,-0.43605,0.79839
7,0,2,0.22992,0.72686
7,0,3,-0.12765,1.14
7,0,2,0.080964,0.5583
7,0,3,-0.0039242,0.62419
7,0,2,0.18132,0.57455
7,0,1,0.18223,0.61266
7,0,3,-1.2789,0.59619
7,0,1,-0.026227,0.54061
7,0,3,-0.57844,0.79081
7,0,2,0.33977,0.57212
7,0,2,-0.4467,0.47462
7,0,1,0.31734,0.48603
7,0,2,0.38158,0.66588
7,0,1,0.30872,0.62886
7,0,3,-0.38944,0.54739
7,0,1,0.46741,0.42609
7,0,2,-0.62201,0.76022
7,0,3,-0.59038,0.45063
7,0,1,0.17247,0.52433
7,0,2,0.098392,0.4781
7,0,3,0.6433,0.63354
7,0,1,0.13079,0.56179
7,0,1,-0.09674,0.57075
8,1,1,-0.22109,0.39895
8,1,1,0.19114,0.35907
8,1,2,-0.61384,0.32267
8,1,1,-0.028151,0.48698
8,1,2,-1.1517,0.34698
8,1,1,0.32955,0.38042
8,1,2,-0.65244,0.38749
8,1,2,0.34082,0.365
8,1,2,-0.96328,0.48043
8,1,3,0.27668,0.45625
8,1,3,0.21025,0.29919
8,1,1,0.90138,0.29737
8,1,3,1.4846,0.44027
8,1,3,0.13455,0.44998
8,1,2,-0.31817,0.53036
8,1,2,-0.30687,0.44315
8,1,1,0.10894,0.42731
8,1,3,-1.5137,0.46306
8,1,1,-0.0017704,0.46051
8,1,3,0.78247,0.50884
8,1,2,0.52266,0.27329
8,1,1,0.071235,0.3028
8,1,3,1.1231,0.306
8,1,3,-0.95968,0.41274
8,0,2,0.23337,0.40581
8,0,3,0.84213,0.44344
8,0,2,0.58353,0.42022
8,0,1,-0.14575,0.45484
8,0,3,0.82132,0.40626
8,0,3,-0.08245,0.50641
8,0,1,0.050939,0.42213
8,0,1,0.11953,0.38031
8,0,3,-0.77628,0.41212
8,0,1,-0.42823,0.52752
8,0,1,-0.58849,0.50305
8,0,3,0.48296,0.57508
8,0,1,-0.0042326,0.45069
8,0,2,0.31556,0.60409
8,0,1,0.39687,0.44609
8,0,2,0.15091,0.48564
8,0,1,-0.52201,0.42019
8,0,2,-0.088101,0.41402
8,0,3,-0.24778,0.8231
8,0,3,0.51785,0.67022
8,0,2,0.2815,0.46427
8,0,3,0.16259,0.44312
8,0,2,1.5297,0.40292
8,0,2,0.55016,0.44498
8,0,1,0.018893,0.62988
8,0,2,0.57497,0.50434
8,0,2,0.1593,0.64306
8,0,3,-0.014736,0.50298
8,0,2,0.4096,0.57262
8,0,1,-0.46271,0.52811
8,0,1,-0.034561,0.70596
8,0,2,0.33062,0.56417
8,0,1,0.13248,0.50617
8,0,1,-0.087706,0.55033
8,0,2,0.29948,0.52109
8,0,3,-0.10179,1.343
8,0,3,-0.65557,0.61888
8,0,2,-0.093841,0.52047
8,0,1,-0.10624,0.59046
8,0,3,-0.34503,1.1535
8,0,3,0.11975,0.64759
8,0,3,-0.60138,0.63632
8,0,1,0.5032,0.72108
8,0,3,0.27351,0.60228
8,0,2,-0.25231,1.4744
8,0,1,0.26437,0.7095
8,0,3,-0.33795,1.2076
8,0,2,-0.23364,0.93962
8,1,1,0.021223,0.47278
8,1,1,0.20837,0.41059
8,1,3,0.54595,0.38942
8,1,3,-0.14741,0.48792
8,1,1,0.2531,0.42061
8,1,1,-0.1124,0.50347
8,1,3,-1.0418,0.69587
8,1,3,-0.68271,0.45368000000000003
8,1,1,-0.38845,0.49907
8,1,2,-0.77602,0.44996
8,1,2,0.09196,0.6121
8,1,2,-0.21899,0.58876
8,1,2,-1.5593,0.45135
8,1,1,-0.031922,0.44213
8,1,2,-0.50037,0.45548
8,1,3,-0.83784,0.41579
8,1,3,1.2088,0.59197
8,1,1,0.20663,0.58093
8,1,1,0.15464,0.5264
8,1,2,0.054524,0.51175
8,1,3,-0.85338,0.51277
8,1,2,-0.19469,0.51541
8,1,2,0.13617,0.62999
8,1,3,0.54196,0.5373
8,1,2,-1.1272,0.46453
8,1,3,0.6432,0.44467
8,1,1,0.058236,0.51751
8,1,2,-0.063347,0.47266
8,1,1,-0.025701,0.47314
8,1,2,-0.12678,0.50249
8,1,3,0.99736,1.1691
8,1,1,0.28531,0.54281
8,1,1,0.033061,0.60461
8,1,2,0.079774,0.51514
8,1,3,0.80966,0.57117
8,1,1,0.31951,0.51908
8,1,3,-0.27431,0.42752
8,1,3,0.025073,0.43858
8,1,1,0.07164,0.42199
8,1,1,-0.64213,0.53352
8,1,1,0.23561000000000001,0.4214
8,1,2,-0.01445,0.45942
8,1,2,0.55145,0.60064
8,1,3,1.1781,0.42239
8,1,2,-0.0057751,0.57849
8,1,3,-0.61758,0.47988
8,1,2,-0.064694,0.50812
8,1,3,-0.99531,0.42306
8,1,3,-0.28965,0.60357
8,1,1,-0.1792,0.42635
8,1,3,-1.2618,0.47562
8,1,1,0.02327,0.51924
8,1,1,0.087422,0.52051
8,1,2,-0.65464,0.46601
8,1,3,0.22371,0.47878
8,1,1,-0.16895,0.44092
8,1,2,0.21914,0.90167
8,1,2,0.18167,0.44052
8,1,1,0.19151,0.45129
8,1,1,-0.42794,0.45486
8,1,2,0.10097,0.46021
8,1,1,0.47619,0.43502999999999997
8,1,3,-0.37446,0.44462
8,1,1,-0.28313,0.45632
8,1,2,0.76233,0.61411
8,1,3,1.2313,0.50222
8,1,3,0.58876,0.83233
8,1,2,0.72736,0.68412
8,1,3,0.39063,0.47157
8,1,2,-0.089152,0.44054
8,1,3,-0.3029,0.49986
8,1,2,0.15388,0.53705
8,0,1,0.38705,0.4737
8,0,1,0.068595,0.47162
8,0,3,0.36515,0.68304
8,0,1,0.112,0.51954
8,0,2,-0.2665,0.44301
8,0,2,0.12999,0.54906
8,0,1,0.0039084,0.59449
8,0,1,-0.23597,0.48763
8,0,1,0.11391,0.50353
8,0,2,0.33059,0.50861
8,0,3,-0.90923,0.47769
8,0,3,-0.1961,0.47912
8,0,1,0.083785,0.49302
8,0,2,0.34168,0.50581
8,0,2,0.081014,0.45915
8,0,3,-0.70497,0.52367
8,0,2,0.84671,0.45537
8,0,3,-0.21802,0.50539
8,0,1,-0.23197,0.47707
8,0,3,-0.2963,1.1915
8,0,3,-0.55417,0.9455
8,0,2,0.26712,1.578
8,0,3,0.75977,1.2093
8,0,2,-0.11964,0.84561
8,0,1,-0.014675,0.51768
8,0,3,-1.4607,1.0523
8,0,1,0.11399,0.61493
8,0,2,0.26111,0.62326
8,0,1,0.007865,0.54412
8,0,3,0.24856,1.2955
8,0,1,0.1771,0.63218
8,0,2,-0.17736,0.68916
8,0,3,-0.69174,0.59988
8,0,3,0.49649,0.66137
8,0,2,0.065835,0.56776
8,0,2,0.16178,0.57426
8,0,3,0.12753,0.58029
8,0,2,-0.056841,0.5132
8,0,3,0.32948,0.51144
8,0,2,0.68853,0.55772
8,0,2,0.046386,0.50566
8,0,3,0.16003,0.55262
8,0,1,0.24271,0.62671
8,0,1,0.016757,0.58293
8,0,1,0.2875,0.58561
8,0,3,-0.04533,0.62443
8,0,1,0.19408,0.50813
8,0,2,-0.043063,0.6748
8,1,3,0.47901,0.45019
8,1,3,0.17504,0.88033
8,1,3,-0.090975,0.9374
8,1,1,0.13004,0.51454
8,1,3,-0.26427,0.6043
8,1,2,0.19796,0.45079
8,1,1,-0.11162,0.47102
8,1,2,-0.70817,0.51945
8,1,2,-0.39289,0.53714
8,1,2,0.55383,0.45135
8,1,3,0.2808,0.44301
8,1,1,-0.010328,0.5097
8,1,2,0.019298,0.51292
8,1,1,0.22265,0.44311
8,1,3,0.64993,0.45819
8,1,2,-0.03338,0.4697
8,1,1,-0.4578,0.44088
8,1,2,0.43759,0.53724
8,1,2,0.60918,0.42231
8,1,1,-0.43846,0.46218
8,1,1,-0.084084,0.46164
8,1,3,1.3485,0.5088
8,1,1,-0.22837,0.50721
8,1,3,0.44453,0.56338
8,0,3,0.1172,0.68524
8,0,1,-0.015748,0.48668
8,0,3,0.15622,0.52076
8,0,1,0.15728,0.49357
8,0,1,0.17239,0.50814
8,0,2,-0.04023,0.5786
8,0,1,0.46837,0.50895
8,0,2,-0.10417,0.62214
8,0,3,-0.41184,0.50158
8,0,1,0.0078016,0.42713
8,0,3,0.30979,0.60484
8,0,1,0.47661,0.4933
8,0,2,0.14193,0.4681
8,0,2,0.3815,0.58659
8,0,3,-0.61428,0.48234
8,0,1,-0.064046,0.55249
8,0,3,-0.49471,1.2856
8,0,2,-0.082433,0.52571
8,0,3,1.0934,0.47814
8,0,2,0.51586,0.75299
8,0,2,-0.32637,0.68367
8,0,1,-0.14775,0.46383
8,0,2,0.097428,0.83021
8,0,2,1.1253,0.53849
8,0,3,0.77409,1.9212
8,0,1,0.54372,0.61779
8,0,1,0.0265,0.66593
8,0,2,0.38653,0.61676
8,0,3,-0.45502,2.0022
8,0,2,0.23014,0.57349000000000006
8,0,3,0.057036,0.69329
8,0,1,-0.055941,0.74643
8,0,1,0.26316,0.71022
8,0,2,0.061216,0.92466
8,0,2,-0.2357,0.68746
8,0,3,0.15142,0.77615
8,0,1,0.18193,0.56436
8,0,1,-0.17441,0.5153
8,0,3,-0.074026,0.47146
8,0,2,-0.098688,0.50533
8,0,3,-1.3801,0.77771
8,0,1,0.022395,0.52091
8,0,1,0.41983,0.55099
8,0,2,-0.11432,0.47304
8,0,1,0.12188,0.59383
8,0,2,-0.15077,0.79124
8,0,1,0.34843,0.50932
8,0,1,-0.17077,0.51079
8,0,3,-0.095977,0.57715
8,0,2,-0.06912,0.53459
8,0,1,0.31761,0.45372
8,0,3,-1.1296,0.43023
8,0,3,-0.98947,0.44238
8,0,3,0.55563,2.3091
8,0,1,0.17819,0.6765
8,0,1,6.17e-5,0.56605
8,0,2,-0.18813,0.4917
8,0,3,-0.30973,0.57984
8,0,2,-0.21025,0.46464
8,0,1,-0.060939,0.68069
8,0,2,0.35595,0.51192
8,0,2,0.51907,0.63309
8,0,3,-0.84475,2.1847
8,0,3,-0.38802,0.59983
8,0,2,-0.050132,0.58222
8,0,1,0.13169,0.57406
8,0,2,-0.81376,0.53791
8,0,3,-0.56171,0.50187
8,0,1,-0.34579,0.63112
8,0,3,-0.57207,0.77219
8,0,3,0.11865,0.54266
8,0,2,0.096823,0.50495
8,0,1,0.11992,0.42461
8,0,1,0.015689,0.47553
8,0,3,-0.4185,0.42097
8,0,1,0.44804,0.35803
8,0,1,-0.088968,0.50801
8,0,1,-0.33822,0.36702
8,0,1,-0.15469,0.88747
8,0,2,-0.41691,0.95467
8,0,3,0.62554,0.52277
8,0,3,0.37009,0.46999
8,0,2,-0.41506,0.48231
8,0,3,-0.86192,0.41514
8,0,2,-0.63859,0.7289
8,0,3,-0.59442,0.67005
8,0,3,0.024339,0.53344
8,0,2,-0.53709,0.50658
8,0,2,-0.35859,0.55506
8,0,1,-8.6885e-4,0.4635
8,0,2,0.5731,0.42847
8,0,2,0.066423,0.58282
8,1,1,-0.037606,0.52879
8,1,3,0.09102,0.49895
8,1,2,0.99044,0.46168
8,1,1,0.23646,0.51956
8,1,1,-0.075508,0.44465
8,1,3,0.38138,0.49472
8,1,3,-0.18423,0.54253
8,1,2,-0.25826,0.43508
8,1,3,-0.37223,0.41981
8,1,1,0.046888,0.61163
8,1,2,-1.4801,0.48513
8,1,1,0.036876,0.41198
8,1,3,0.073032,0.41202
8,1,2,0.6782,0.44151
8,1,2,-1.1841,0.3655
8,1,3,1.3269,0.53594
8,1,1,0.17631,0.45145
8,1,2,0.34449,0.47194
8,1,1,0.30549,0.46905
8,1,1,-0.21824,0.54311
8,1,2,0.50764,0.4552
8,1,2,-0.42491,0.51132
8,1,3,0.18511,0.47714
8,1,3,0.0073595,0.55692
8,1,1,0.17103,0.49797
8,1,2,-0.10472,0.58311
8,1,1,-0.11557,0.43527
8,1,3,-0.55755999999999994,0.52109
8,1,2,0.44352,0.4215
8,1,1,0.50887,0.47827
8,1,3,-1.357,0.42178
8,1,1,0.11444,0.44366
8,1,2,-0.14051,0.41545
8,1,1,-0.28244,0.42297
8,1,2,1.0592,0.49337
8,1,1,0.27371,0.41988
8,1,3,0.92277,0.55568
8,1,2,0.046722,0.60444
8,1,2,-0.31912,0.66451
8,1,3,-0.71957,0.4426
8,1,3,1.5289,0.54751
8,1,3,0.083434,0.45915
8,1,3,0.78021,0.44104
8,1,1,0.19264,0.55924
8,1,3,-0.17106,0.41
8,1,1,0.23249,0.48485
8,1,2,0.018154,0.45604
8,1,2,0.38192,0.44604
8,1,2,0.61476,0.42684
8,1,3,0.63039,0.514
8,1,2,0.20473,0.47974
8,1,1,-0.33373,0.41628
8,1,2,0.31416,0.38732
8,1,3,-0.1446,0.47055
8,1,3,0.61965,0.392
8,1,1,0.046553,0.43242
8,1,1,0.23999,0.41993
8,1,2,-0.2475,0.49362
8,1,2,1.0505,0.39774
8,1,1,-0.10438,0.44325
8,1,3,0.31931,0.43303
8,1,1,0.32122,0.45253
8,1,1,-0.39718,0.47577
8,1,1,0.023837,0.49754
8,1,1,0.19281,0.45395
8,1,2,-0.063385,0.42004
8,1,2,0.40852,0.53344
8,1,3,-0.013789,0.47228
8,1,3,0.43741,0.42689
8,1,3,0.18725,0.46402
8,1,3,0.97577,0.45538
8,1,2,-0.18861,0.38822
8,0,1,-0.019222,0.58692
8,0,1,0.0082567,0.45669
8,0,2,-0.078888,0.50751
8,0,2,-0.29303,0.47564
8,0,1,-0.20688,0.49078
8,0,1,0.038606,0.50614
8,0,3,0.47008,0.44172
8,0,3,0.078415,0.53149
8,0,2,0.12654,0.48397
8,0,3,0.23624,0.61199
8,0,1,0.1978,0.47624
8,0,3,0.13665,0.45159
8,0,3,-0.92053,0.56465
8,0,2,0.36758,0.49289
8,0,3,0.1213,0.55826
8,0,2,0.38768,0.64546
8,0,3,-1.1689,0.56074
8,0,1,0.10677,0.49432
8,0,2,0.035808,0.50708
8,0,2,0.40582,0.51495
8,0,3,1.2035,0.50605
8,0,1,0.43193,0.52352
8,0,2,0.46169,0.94393
8,0,1,-0.24388,0.50715
8,1,3,0.08399,0.41242
8,1,2,-0.40412,0.48553
8,1,1,0.010745,0.51304
8,1,1,-0.15294,0.47714
8,1,3,-0.10819,0.48371
8,1,3,-0.29264,0.49978
8,1,1,0.075568,0.47156
8,1,2,0.43946,0.59931
8,1,2,-0.11252,0.46438
8,1,3,0.817,0.65919
8,1,1,-0.62463,0.49906
8,1,2,0.80021,0.40245
8,1,2,-0.10062,0.50554
8,1,3,1.0095,0.52439
8,1,2,-0.17781,0.51911
8,1,1,-0.42573,0.48365
8,1,2,-0.21967,0.52046
8,1,2,0.21415,0.50358
8,1,1,0.16138,0.40897
8,1,3,-0.31388,0.50916
8,1,3,0.42076,0.46357
8,1,1,-1.3667,0.3887
8,1,1,-0.23196,0.47856
8,1,3,-0.47318,0.44705
8,0,2,0.31933,0.61364
8,0,1,-0.010952,0.4128
8,0,3,-0.65377,0.52726
8,0,1,-0.066491,0.44128
8,0,3,0.13236,0.48097
8,0,3,1.0849,0.44398
8,0,3,-1.299,0.42289
8,0,2,-0.63161,0.58566
8,0,1,-0.11874,0.57279
8,0,3,-0.39399,0.4402
8,0,1,0.31779,0.43639
8,0,2,0.7406,0.41254
8,0,1,-0.11773,0.454
8,0,1,0.26123,0.34185
8,0,2,0.13845,0.47161
8,0,2,0.67445,0.47981
8,0,3,0.5484,0.47232
8,0,2,0.27923,0.64608
8,0,3,-0.11232,0.44807
8,0,3,0.049646,0.40464
8,0,2,-0.1278,0.42084
8,0,2,-0.020759,0.47369
8,0,1,-0.27333,0.44339
8,0,1,0.10865,0.49488
8,1,2,-0.43784,0.47618
8,1,3,0.18031,0.40665
8,1,3,-0.14166,0.4324
8,1,3,-0.12301,0.59624
8,1,3,-0.70813,0.40535
8,1,2,-0.87758,0.38116
8,1,3,-0.033827,0.45926
8,1,1,1.0791,0.47774
8,1,1,0.05025,0.50526
8,1,1,0.36725,0.45535
8,1,3,0.52621,0.47219
8,1,3,-1.1641,0.38065
8,1,2,-0.31311,0.37712
8,1,1,0.17515,0.38362
8,1,2,0.58029,0.64176
8,1,3,-0.14615,0.39299
8,1,1,-0.21398,0.36711
8,1,1,-0.58347,0.4052
8,1,1,-0.79554,0.38093
8,1,2,0.015057,0.78765
8,1,2,-0.80789,0.45616
8,1,2,0.40268,0.41899
8,1,1,0.13502,0.54344
8,1,2,0.1753,0.48584
9,1,1,0.39985,0.54987
9,1,1,0.12311,0.60158
9,1,3,0.07,1.2429
9,1,3,1.4279,1.1433
9,1,1,0.16917,0.60367
9,1,3,1.5162,0.49052
9,1,3,0.011279,1.207
9,1,2,-0.20038,0.99797
9,1,2,-0.2683,0.67803
9,1,1,-0.10453,0.61211
9,1,2,-0.1371,0.51102
9,1,2,0.050781,0.77338
9,1,1,-0.30138,0.65558
9,1,2,-0.033392,0.63167
9,1,1,0.077043,0.78738
9,1,3,-0.29991,1.1112
9,1,2,0.012353,0.8061
9,1,3,0.45627,0.59442
9,1,1,0.42041,0.67488
9,1,3,-1.1212,0.6653
9,1,1,-0.14947,0.63307
9,1,2,-0.77497,0.48815
9,1,2,-0.41521,0.69931
9,1,3,0.5357,0.93766
9,0,2,0.52274,0.80192
9,0,3,-4.7273e-4,1.4186
9,0,3,-0.89624,1.1069
9,0,1,0.14772,0.90869
9,0,3,0.98006,1.0021
9,0,1,-0.22579,0.68341
9,0,1,-0.13994,0.67529
9,0,2,-0.17118,0.84665
9,0,2,0.24175,0.59977
9,0,2,-0.50567,0.81451
9,0,1,-0.16867,1.055
9,0,1,-0.20321,0.89713
9,0,3,-0.072879,0.78282
9,0,1,-0.11518,1.119
9,0,3,0.030388,1.1273
9,0,2,-0.076789,1.7707
9,0,2,-0.26027,1.8454
9,0,1,-0.012872,0.83713
9,0,3,-0.33393,1.2858
9,0,2,0.085788,1.0795
9,0,1,0.045538,0.96852
9,1,2,-1.0192,0.8963
9,1,3,-0.64558,0.50419
9,1,3,-0.18134,0.97463
9,1,3,-0.41497,0.66204
9,1,2,0.05826,0.92881
9,1,2,1.0116,0.40156
9,1,1,-0.29938,0.68033
9,1,1,0.1069,1.0669
9,1,3,0.86588,1.2499
9,1,2,0.65953,0.67201
9,1,2,-0.13058,1.0187
9,1,3,0.11749,1.4931
9,1,3,-0.1171,0.60584
9,1,1,-0.049463,1.1035
9,1,1,0.22388,0.56335
9,1,1,-0.18571,0.49111
9,1,2,-0.6729,0.69135
9,1,1,0.87067,0.40938
9,1,2,1.4841,0.36922
9,1,1,-0.24209,0.61706
9,1,2,-0.57411,0.61647
9,1,3,0.29262,0.61195
9,1,1,-0.077394,0.54009
9,1,3,0.39001,0.54319
9,1,2,0.057932,1.6151
9,1,3,0.55225,1.5322
9,1,1,-0.26267,0.74326
9,1,3,0.32143,1.5723
9,1,3,-0.057051,1.9141
9,1,1,-0.32211,0.64767
9,1,1,-0.23846,0.51605
9,1,1,0.36251,0.60966
9,1,2,-0.21995,0.52707
9,1,2,-0.16888,0.7212
9,1,3,0.064488,0.45834
9,1,3,0.12992,1.0992
9,1,2,-1.3862,0.40929
9,1,2,0.40686,0.5441
9,1,3,-0.32813,0.5836
9,1,3,0.12594,0.82738
9,1,2,-0.14498,0.55186
9,1,3,-0.20774,0.37622
9,1,1,-0.10885,0.67716
9,1,1,0.051679,0.57721
9,1,1,0.048732,0.55007
9,1,2,-0.054506,0.5521
9,1,1,-0.057206,0.49395
9,1,2,-0.11297,0.50838
9,0,2,0.1301,1.2663
9,0,3,0.61684,1.2536
9,0,2,-0.31456,2.407
9,0,1,0.033023,0.90409
9,0,1,0.14661,0.91548
9,0,2,-0.08076,2.061
9,0,1,-0.07911,1.492
9,0,3,-0.12808,1.5771
9,0,3,0.3625,1.6331
9,0,1,-0.16167,0.98237
9,0,3,-0.25827,0.94311
9,0,2,0.026883,0.87829
9,0,2,-0.3761,1.2254
9,0,1,0.14969,0.65787
9,0,2,-0.19364,1.0204
9,0,1,0.22354,0.75117
9,0,3,-1.5557,0.84296
9,0,2,0.37719,0.98777
9,0,3,-0.41692,1.2344
9,0,2,-0.24511,0.89283
9,0,1,-5.1381e-4,0.82695
9,0,1,0.081094,0.99705
9,0,3,1.078,1.9041
9,0,1,0.20496,0.79878
9,0,3,-0.33628,0.77695
9,0,2,-0.058742,0.9954
9,0,2,0.095274,1.0502
9,0,2,-0.26698,1.2739
9,0,1,-0.1957,1.0332
9,0,3,-0.83346,0.92673
9,0,1,-0.13182,0.8844
9,0,1,-0.075435,1.087
9,0,2,-0.13209,0.79627
9,0,3,0.087217,1.8187
9,0,3,0.23088,1.2984
9,0,1,0.025406,1.0805
9,0,2,0.17699,1.3193
9,0,3,0.96404,1.0826
9,0,1,-0.10519,0.96461
9,0,3,0.20548,1.467
9,0,2,-0.0083258,0.9238
9,0,2,-0.59787,2.3611
9,0,2,-0.19803,0.69514
9,0,1,-0.15712,1.9936
9,0,3,-0.082195,2.0633
9,0,3,-0.308,1.4963
9,0,1,0.019607,1.2383
9,0,1,0.038776,0.61213
9,0,3,-0.63921,0.60408
9,0,2,-0.1903,0.76081
9,0,3,0.044855,1.0561
9,0,3,0.025255,1.072
9,0,1,0.25076,0.66107
9,0,1,0.049383,0.71336
9,0,3,0.52295,1.131
9,0,1,-0.084536,0.81966
9,0,3,0.69901,0.7124
9,0,1,-0.14523,0.76584
9,0,2,-0.085436,1.0292
9,0,2,0.14116,1.4266
9,0,1,-0.15767,0.94043
9,0,2,-0.15601,1.0391
9,0,2,0.092664,0.79561
9,0,2,-0.25877,0.62977
9,0,3,-0.47863,0.85944
9,0,3,-0.9421,0.82601
9,0,1,-0.045255,0.81038
9,0,3,0.69877,1.1131
9,0,2,-0.28666,1.0249
9,0,2,-0.16098,0.83089
9,0,1,-0.0019568,0.61202
9,1,2,-0.17391,0.7435
9,1,3,-0.84825,0.651
9,1,2,-0.20986,0.51641
9,1,2,0.18901,0.54395
9,1,2,0.16758,0.77833
9,1,1,0.13047,0.68671
9,1,1,-0.056588,0.50653
9,1,1,-0.15623,0.59007
9,1,1,0.22307,0.81847
9,1,3,-0.33344,0.67129
9,1,3,-0.17448,0.62704
9,1,1,0.14947,0.51503
9,1,2,0.035862,0.68092
9,1,2,-0.074787,0.66749
9,1,3,0.79672,0.41265
9,1,2,-0.17542,0.49031
9,1,2,0.020453,0.54415
9,1,3,-0.63248,0.57664
9,1,1,7.6405e-4,0.63269
9,1,1,-0.35145,0.50203
9,1,3,1.1355,0.62301
9,1,1,0.046481,0.50339
9,1,3,0.16717,0.59294
9,1,3,-1.2622,1.0184
9,0,2,-0.61613,0.90152
9,0,3,0.49341,1.0491
9,0,3,-0.88221,1.1773
9,0,3,0.50815,0.79634
9,0,2,0.14883,0.59368
9,0,3,1.1974,0.87625
9,0,1,-0.281,0.67211
9,0,3,-0.37191,0.94506
9,0,3,-0.069651,1.1345
9,0,1,0.35856,0.64056
9,0,2,-0.012498,1.0403
9,0,2,-0.088315,0.96424
9,0,1,-0.074472,0.75049
9,0,2,-0.45779,0.50426
9,0,1,-0.087609,0.7368
9,0,1,-0.063788,0.58393
9,0,1,-0.018411,0.95434
9,0,2,-0.097506,1.0664
9,0,2,-0.12805,0.66943
9,0,3,0.025728,0.79097
9,0,1,0.2014,0.75469
9,0,3,-0.40725,0.75786
9,0,1,0.15914,0.63759
9,0,2,-0.083325,1.0974
9,0,2,0.35069,0.64516
9,0,3,-1.1947,1.2356
9,0,2,-0.39415,0.95763
9,0,3,0.080966,1.7227
9,0,2,0.088035,0.81372
9,0,2,-0.43629,1.0468
9,0,3,0.49575,1.5432
9,0,2,0.04299,0.74101
9,0,1,-0.23919,0.65214
9,0,1,-0.083349,0.66023
9,0,3,-0.19357,1.0757
9,0,1,-0.12122,0.57811
9,0,1,0.35378,0.73156
9,0,1,0.052757,0.65909
9,0,1,-0.080597,0.67005
9,0,3,-0.50444,0.87923
9,0,2,-0.085954,0.93101
9,0,2,-0.26007,0.79552
9,0,3,0.46169,0.89865
9,0,1,-0.33408,0.75641
9,0,3,-0.16478,0.8785
9,0,2,-0.33477,0.68933
9,0,1,0.09909,0.57748
9,0,3,0.6274,0.94199
9,0,1,0.30027,0.63358
9,0,3,-0.11998,0.74602
9,0,2,-0.35317,0.70611
9,0,3,0.029932,0.7888
9,0,3,-0.21818,0.8412
9,0,2,0.013235,1.0117
9,0,2,-0.19734,1.119
9,0,1,0.050577,0.62959
9,0,2,-0.086719,0.80042
9,0,2,0.048001,0.87453
9,0,1,-0.37089,0.80249
9,0,3,-1.4408,0.69831
9,0,2,-0.15828,0.83539
9,0,3,-1.4169,1.1445
9,0,1,-0.18659,0.68811
9,0,2,0.55593,0.81211
9,0,1,0.15728,0.95749
9,0,3,-0.067585,0.79097
9,0,1,0.23072,0.91244
9,0,1,-0.16621,0.96513
9,0,1,-0.098067,1.5879
9,0,3,0.57437,0.85028
9,0,2,-0.134,0.86564
9,0,3,0.18974,0.73293
9,1,1,-0.21384,0.57334
9,1,3,1.2037,0.6348
9,1,2,-0.59958,0.43659
9,1,1,-0.22826,0.39407
9,1,3,-0.14767,0.44628
9,1,1,-0.064393,0.43602
9,1,3,-0.63433,0.56621
9,1,2,0.18132,0.6173
9,1,3,-0.59817,0.54779
9,1,3,-0.35403,0.47061
9,1,1,-0.1845,0.47738
9,1,2,-0.47508,0.72653
9,1,3,-0.14651,0.53567
9,1,1,-0.25782,0.56753
9,1,1,0.048025,0.35505
9,1,2,-0.17077,0.47217
9,1,1,-0.2233,0.4623
9,1,2,0.19018,0.70772
9,1,2,1.1105,0.46721
9,1,3,0.22621,0.53365
9,1,3,0.71069,0.36249
9,1,2,-0.64027,0.30956
9,1,2,0.10279,0.71436
9,1,3,-1.0734,0.63092
9,1,1,-0.29567,0.44059
9,1,3,1.1244,0.32059
9,1,1,-0.41184,0.52014
9,1,1,-0.24953,0.6165
9,1,2,-0.58304,0.42097
9,1,2,0.71757,0.54986
9,1,2,-0.17334,0.50417
9,1,2,-0.48949,0.42267
9,1,1,-0.23329,0.44516
9,1,1,-0.28482,0.51404
9,1,1,0.069197,0.52678
9,1,1,0.00298,0.51198
9,1,2,-0.39939,0.5057
9,1,2,0.52445,0.56487
9,1,3,-0.23696,0.51559
9,1,3,-0.20196,0.49055
9,1,1,0.033017,0.50241
9,1,3,-0.79943,0.51511
9,1,3,-0.17276,0.4962
9,1,2,-0.85538,0.46366
9,1,2,-0.56242,0.37592
9,1,3,-0.47391,0.46537
9,1,3,-0.50621,0.4114
9,0,3,0.52469,0.6703
9,0,1,0.13494,0.83091
9,0,1,-0.22751,0.74834
9,0,2,-0.026541,0.72071
9,0,2,-0.19468,0.82997
9,0,3,-0.53944,0.63726
9,0,1,-0.24799,0.6336
9,0,3,-0.65219,0.53674
9,0,2,-0.5299,0.70527
9,0,1,-0.020479,0.87005
9,0,1,0.16771,1.1705
9,0,2,-0.31055,0.95564
9,0,2,0.014659,1.0891
9,0,2,0.33085,0.9584
9,0,2,0.059771,0.82588
9,0,1,-0.15041,0.71929
9,0,3,-0.36581,0.87039
9,0,1,-0.21144,0.79449
9,0,3,-0.83508,0.69198
9,0,1,-0.33126,0.66256
9,0,3,0.41054,0.91883
9,0,2,0.083211,0.96063
9,0,3,-0.36411,0.66009
9,0,3,0.36076,0.57694
9,1,1,0.081336,0.78768
9,1,1,-0.11786,0.42511
9,1,3,-0.040241,0.46284
9,1,2,-0.21965,0.50849
9,1,3,0.01182,0.57051
9,1,1,-0.078539,0.51804
9,1,3,-0.032136,0.4215
9,1,1,-0.25782,0.48537
9,1,3,0.36431,0.48078
9,1,2,0.027885,0.49029
9,1,1,-0.016675,0.57482
9,1,2,0.7737,0.44051
9,1,1,-0.25628,0.56502
9,1,2,-0.7682,0.50537
9,1,3,-0.19072,0.40552
9,1,3,0.1696,0.31291
9,1,3,-1.2612,0.44784
9,1,1,-0.18846,0.58332
9,1,2,0.74477,0.55608
9,1,2,-0.30268,0.55855
9,1,2,-1.1204,0.3578
9,1,2,-0.10216,0.46049
9,1,3,-0.69242,0.35478
9,1,1,0.085493,0.34247
9,1,2,-0.29695,0.54442
9,1,1,-0.33113,0.40693
9,1,3,-0.27403,0.3924
9,1,3,-0.22756,0.52315
9,1,3,0.29333,0.44832
9,1,3,0.7582,0.44288
9,1,1,0.01481,0.45401
9,1,2,0.31624,0.38887
9,1,3,-0.88348,0.46572
9,1,2,-1.3641,0.43812
9,1,2,-0.13232,0.55952
9,1,1,0.27599,0.47467
9,1,1,-0.12037,0.47749
9,1,1,-1.4043,0.39129
9,1,1,-0.49209,0.49583
9,1,2,-0.24143,0.68571
9,1,2,-1.495,0.36643
9,1,3,0.41715,0.57622
9,1,3,0.34635,0.49367
9,1,2,-0.5026,0.4429
9,1,1,0.26527,0.367
9,1,2,0.056644,0.42359
9,1,1,-0.066742,0.55701
9,1,3,-0.29806,0.4904
9,1,1,0.17437,0.69304
9,1,2,-0.31606,0.4988
9,1,3,-0.078259,0.55824
9,1,2,0.41782,0.4636
9,1,2,-0.25885,0.48389
9,1,2,0.17229,0.64838
9,1,1,-0.092957,0.55538
9,1,2,-0.5998,0.50439
9,1,1,-0.4072,0.45591
9,1,3,0.31327,0.58999
9,1,2,-0.33395,0.64385
9,1,3,0.014206,0.57622
9,1,1,-0.048368,0.48731
9,1,1,0.095333,0.47216
9,1,3,0.49713,0.91695
9,1,1,-0.066883,0.39007
9,1,1,0.045315,0.44992
9,1,2,-0.61974,0.49063
9,1,3,-0.70432,0.48281
9,1,3,-1.5223,0.44054
9,1,3,1.5589,0.30644
9,1,3,-1.2881,0.63657
9,1,1,0.43367,0.35943
9,1,2,-1.4603,0.3852
9,1,1,-0.018576,0.54705
9,1,2,0.088389,0.58603
9,1,3,0.92245,0.47461
9,1,2,-1.1156,0.58381
9,1,3,-0.38997,0.61059
9,1,2,-0.062044,0.68604
9,1,3,-0.049663,0.63382
9,1,3,0.2575,0.97523
9,1,1,-0.1109,0.61506
9,1,3,0.72311,0.67381
9,1,1,-0.12954,0.54959
9,1,1,-0.10507,0.44744
9,1,2,-0.2461,0.46995
9,1,2,-0.25915,0.44534
9,1,2,-0.020166,0.54291
9,1,1,0.15871,0.71728
9,1,1,-0.84483,0.32209
9,1,3,-0.39503,0.6932
9,1,1,0.028088,0.54066
9,1,3,0.71143,0.46144
9,1,2,-0.064668,0.53123
9,1,2,-0.51445,0.46015
9,1,1,-0.071128,0.49197
9,1,3,-0.2577,0.55965
9,0,3,0.3676,0.86946
9,0,3,0.33671,0.80156
9,0,1,-0.23922,0.52635
9,0,3,-0.2976,0.79586
9,0,2,-0.14651,0.68863
9,0,1,-0.13064,0.84805
9,0,1,0.014667,0.57704
9,0,2,0.22272,0.75363
9,0,3,-0.39033,0.89673
9,0,3,0.36709,0.7522
9,0,2,-0.072047,0.69829
9,0,1,0.027049,0.62273
9,0,3,-0.14238,0.62984
9,0,1,0.0028452,0.72905
9,0,2,-0.38282,0.69805
9,0,1,-0.054431,0.54584
9,0,2,-0.11182,0.75205
9,0,3,-0.62802,0.60379
9,0,2,-0.61429,0.51301
9,0,2,0.39243,0.85203
9,0,1,0.20273,0.78821
9,0,3,-0.33885,1.3648
9,0,2,-0.50762,0.64804
9,0,1,-0.066538,0.81996
9,0,2,-0.33663,0.9946
9,0,1,0.058535,0.66373
9,0,2,0.34909,0.58606
9,0,2,-0.23195,0.92531
9,0,3,-0.012026,0.92636
9,0,3,0.38392,1.3582
9,0,3,-0.21337,0.62063
9,0,3,-0.39649,0.70249
9,0,1,0.32855,0.69387
9,0,1,0.12541,0.57072
9,0,2,0.005593,1.2284
9,0,1,0.15225,0.9036
9,0,1,0.15374,0.59145
9,0,3,0.66062,0.86018
9,0,2,-0.016438,0.63495
9,0,1,-0.29113,0.61081
9,0,3,0.346,0.78729
9,0,3,-0.13772,2.1146
9,0,1,-0.17787,0.85731
9,0,2,-0.48492,0.84412
9,0,3,1.2548,0.66154
9,0,2,0.019627,0.60761
9,0,2,0.025812,0.91071
9,0,1,0.28861,0.59915
10,0,1,-0.0070282,0.95123
10,0,3,-0.093885,1.2697
10,0,2,-0.22465,1.7832
10,0,2,0.27395,0.75787
10,0,1,-0.020347,0.77353
10,0,2,0.02651,0.7663
10,0,2,0.28254,1.2544
10,0,2,0.23705,1.0862
10,0,1,-0.088671,0.78081
10,0,1,-0.064992,1.0333
10,0,1,0.17203,0.83565
10,0,3,-0.20813,1.7458
10,0,2,-0.075213,1.3295
10,0,2,0.41943,0.85259
10,0,3,0.67114,0.98628
10,0,2,-0.78936,2.1956
10,0,1,0.038517,1.022
10,0,1,0.057284,0.7615
10,0,1,-0.10011,0.7223
10,1,1,-0.016177,0.58053
10,1,3,-1.1411,0.61859
10,1,3,-0.19184,0.53376
10,1,1,0.058271,0.50624
10,1,2,-0.33952,0.52318
10,1,1,-0.056512,0.48458
10,1,3,0.45087,0.5498
10,1,1,0.015545,0.50425
10,1,3,-0.2005,0.55436
10,1,3,-1.4261,0.60743
10,1,2,-0.045879,0.51508
10,1,3,0.31088,0.47082
10,1,3,0.83479,0.56955
10,1,2,-0.13879,0.52736
10,1,1,0.042753,0.4925
10,1,1,-0.17287,0.46398
10,1,2,0.67269,0.44339
10,1,3,-1.0329,0.5215
10,1,1,-0.062141,0.50587
10,1,2,-0.3405,0.52317
10,1,2,-0.12405,0.47465
10,1,2,0.17167,0.5209
10,1,2,-0.54654,0.46029
10,1,1,-0.36059,0.47178
10,0,3,0.52403,0.67985
10,0,1,-0.23001,0.57308
10,0,3,-0.097201,1.767
10,0,1,-0.041833,1.0537
10,0,2,0.1576,1.0591
10,0,1,0.20148,0.80824
10,0,1,-0.012847,0.77044
10,0,2,-0.17522,1.6746
10,0,1,-0.1438,0.69432
10,0,2,0.18183,0.85674
10,0,1,-0.054739,0.65476
10,0,3,-0.26881,1.2338
10,0,2,0.13373,0.94813
10,0,1,-0.21857,1.283
10,0,2,-0.38468,0.98539
10,0,3,-0.21496,1.1896
10,0,2,-0.59336,0.65664
10,0,2,0.063215,0.77046
10,0,1,-0.066496,0.60577
10,1,3,0.32417,0.62302
10,1,1,-0.38476,0.50915
10,1,3,0.18603,0.54901
10,1,2,-0.30356,0.52644
10,1,3,-0.44758,0.51252
10,1,2,0.22369,0.4753
10,1,1,-0.17127,0.62979
10,1,2,-0.28978,0.58991
10,1,2,0.06119,0.55436
10,1,3,-0.022015,0.57908
10,1,3,0.16554,0.58898
10,1,3,0.28135,0.56277
10,1,1,-0.011859,0.51595
10,1,2,0.092621,0.58374
10,1,2,-0.26992,0.57357
10,1,1,-0.071576,0.49101
10,1,1,-0.34101,0.54339
10,1,1,0.25595,0.48067
10,1,1,0.27278,0.4616
10,1,3,-0.91048,0.42748
10,1,2,-0.0042251,0.54237
10,1,2,0.4121,0.54214
10,1,3,0.32325,0.53323
10,1,1,-0.090455,0.6324
10,1,1,-0.038672,0.53296
10,1,1,0.038939,0.60031
10,1,1,-0.15487,0.51549
10,1,2,0.12174,0.56566
10,1,3,-0.23295,0.56645
10,1,3,0.93122,0.44619
10,1,2,-0.33383,0.54004
10,1,2,0.68833,0.54216
10,1,2,0.50888,0.66223
10,1,1,-0.15701,0.60179
10,1,1,0.033702,0.5525
10,1,2,-0.48594,0.55933
10,1,2,0.49782,0.58112
10,1,3,-0.1303,0.50658
10,1,3,0.43573,0.63106
10,1,3,0.33874,0.57015
10,1,1,-0.20448,0.49257
10,1,2,0.070891,0.54047
10,1,1,0.39568,0.55018
10,1,2,0.39378,0.62296
10,1,1,0.0066107,0.58216
10,1,3,-0.22906,0.82558
10,1,3,-0.2036,0.57408
10,1,3,-0.99948,0.63344
10,1,3,-0.19458,0.5927
10,1,1,0.27912,0.47326
10,1,1,-0.12976,0.50724
10,1,1,-0.16373,0.54305
10,1,3,0.049658,0.54441
10,1,2,0.62928,0.50535
10,1,3,0.81916,0.5349
10,1,3,-0.021505,0.53627
10,1,1,0.019154,0.49536
10,1,3,-0.93411,0.5813
10,1,2,-0.62011,0.54098
10,1,3,-0.55897,0.5274
10,1,2,-0.027408,0.61922
10,1,2,-0.26299,0.54903
10,1,1,-0.071156,0.53616
10,1,2,0.56155,0.68532
10,1,2,0.18973,0.6258
10,1,1,-0.06595,0.56522
10,1,1,-0.22349,0.53278
10,1,2,-0.30808,0.60818
10,1,3,-0.09857,0.51213
10,1,2,-0.078363,1.1504
10,1,1,-0.018017,0.55416
10,1,3,-0.82387,0.66234
10,1,2,0.097157,0.58993
10,1,1,-0.10556,0.52924
10,1,1,-0.34252,0.47709
10,1,3,0.32539,0.60215
10,1,2,-0.28451,0.60525
10,1,2,-0.22661,0.59469
10,1,3,-0.072136,0.5193
10,1,3,0.017146,0.56407
10,1,1,-0.44129,0.57083
10,1,1,0.2789,0.57856
10,1,2,-0.14903,0.44235
10,1,3,0.012782,0.62464
10,1,3,-0.28803,0.57223
10,1,3,1.2547,0.45901
10,1,2,-0.57286,0.51693
10,1,2,-0.041424,0.47362
10,1,3,-1.1946,0.52982
10,1,1,-0.093176,0.53826
10,1,1,-0.0087752,0.47599
10,1,3,-0.19153,0.5405
10,1,2,0.20933,0.5413
10,1,2,-0.15274,0.51647
10,1,1,-0.14708,0.4906
10,1,1,-0.095193,0.48816
10,0,3,-0.094158,0.53459
10,0,3,0.12516,1.1893
10,0,2,0.058257,0.75549
10,0,3,-0.16105,1.3263
10,0,1,0.027895,0.50602
10,0,1,-0.019951,0.5708
10,0,1,-0.141,0.71821
10,0,1,-0.031199,0.67147
10,0,2,-0.091178,0.87418
10,0,1,-0.25153,0.76371
10,0,2,-0.09956,0.88679
10,0,2,-0.24951,0.95296
10,0,1,-0.08744,1.044
10,0,3,-1.0527,0.97981
10,0,3,-0.28128,0.88753
10,0,3,-1.0806,1.0756
10,0,2,0.0069461,1.0621
10,0,2,-0.058375,0.63226
10,0,2,0.0049875,0.76861
10,0,3,-0.19554,0.6867
10,0,1,0.24459,0.69108
10,0,1,-0.069687,0.71901
10,0,2,0.3717,0.93283
10,0,3,-0.10374,0.80317
10,0,1,-0.17396,0.94402
10,0,2,0.061742,1.4078
10,0,1,0.053794,1.1595
10,0,3,-1.3685,0.86223
10,0,2,-0.38696,0.88814
10,0,3,-0.42985,0.9534
10,0,2,0.29267,1.4006
10,0,2,-0.0053489,1.0285
10,0,1,0.18238,0.73167
10,0,3,1.5675,1.5137
10,0,2,0.1064,0.95185
10,0,1,-0.017428,0.85654
10,0,3,-0.13883,0.85668
10,0,2,-0.26746,0.85613
10,0,1,-0.047115,0.90857
10,0,3,-0.1515,0.87273
10,0,2,-0.27243,0.76442
10,0,3,0.027787,1.4605
10,0,1,0.0074506,1.2823
10,0,1,0.025896,0.88635
10,0,2,-0.2028,0.94711
10,0,3,0.40571,2.2926
10,0,1,-0.026913,0.86123
10,0,1,-0.12649,0.83397
10,0,1,-0.10779,0.75228
10,0,1,0.093487,1.0695
10,0,2,0.15755,0.79008
10,0,2,-0.21729,0.97162
10,0,2,-0.18154,0.76859
10,0,2,-0.13091,0.80207
10,0,3,-0.64402,0.89914
10,0,3,0.40371,0.97823
10,0,2,-0.86308,1.08
10,0,3,-0.31535,0.87511
10,0,2,-0.32557,0.86954
10,0,1,0.10206,0.89169
10,0,2,-0.080321,0.69111
10,0,1,0.12899,0.91694
10,0,2,-0.25354,1.743
10,0,1,-0.13527,0.87233
10,0,3,-0.98888,0.87912
10,0,1,-0.075056,1.0529
10,0,1,-0.065208,1.1579
10,0,3,-0.013102,1.1569
10,0,1,-0.057135,1.3326
10,0,3,0.4573,2.0042
10,0,2,-0.096737,1.395
10,0,2,0.40725,1.2633
10,0,2,0.012191,1.1507
10,0,3,-0.13359,1.1023
10,0,2,-0.070892,1.6492
10,0,1,-0.028646,0.85352
10,0,2,-0.1014,0.99301
10,0,1,-0.25643,0.74334
10,0,3,-0.21984,1.0225
10,0,2,-0.19193,1.006
10,0,1,-0.070354,0.78802
10,0,1,-0.025046,1.3439
10,0,2,0.29346,0.79343
10,0,2,0.61251,1.1776
10,0,1,0.057733,0.85133
10,0,1,-0.23921,1.0675
10,0,1,0.035872,0.82798
10,0,3,-0.36194,1.5816
10,0,1,-0.13266,0.99065
10,0,3,1.1151,0.98112
10,0,1,0.06698,0.77821
10,0,2,-0.18608,2.4051
10,0,1,-0.0096512,0.8163
10,0,2,-0.17345,0.95739
10,0,2,0.49085,1.0052
10,0,1,-0.13175,0.7696
10,0,3,-0.33852,0.79805
10,0,3,-1.1328,1.7489
10,0,2,0.1899,1.2881
10,0,2,-0.036306,2.2578
10,0,3,0.3163,1.641
10,0,3,-0.35532,1.0248
10,0,2,0.058646,1.244
10,0,1,0.0053032,1.5567
10,0,3,0.021074,2.1023
10,0,3,0.98301,1.2337
10,0,1,-0.22919,1.3614
10,0,1,-0.15538,1.3185
10,0,2,-0.25763,1.0218
10,0,1,-0.040294,1.1409
10,0,2,0.41979,0.92972
10,0,2,0.31365,0.90452
10,0,2,-0.13476,0.80262
10,0,3,-0.50238,1.0517
10,0,1,-0.053261,0.89314
10,0,3,-0.73359,0.92056
10,0,2,-0.14516,0.84803
10,0,3,0.71453,1.7355
10,0,1,0.22373,0.76829
10,0,1,0.34959,0.75938
10,0,2,0.028307,1.0744
10,0,3,-0.73597,1.7105
10,0,2,0.33503,0.77457
10,0,1,-0.07128,0.80401
10,0,1,-0.33744,0.69512
10,0,3,0.096407,2.0225
10,0,3,-0.046919,1.1059
10,0,2,0.28418,0.83637
10,0,1,0.063271,0.85237
10,0,3,-0.63818,0.96305
10,0,1,-0.066798,0.72089
10,0,2,-0.11182,0.92036
10,0,1,0.094439,0.74918
10,0,3,0.0063459,0.89424
10,0,1,-0.077702,0.86512
10,0,1,-0.14442,0.77521
10,0,2,-0.68542,1.2237
10,0,2,-0.095825,1.2051
10,0,3,-0.12337,1.5204
10,0,1,-0.059833,0.70722
10,0,1,0.20539,1.0454
10,0,3,-0.038438,1.9221
10,0,2,-0.18809,0.88354
10,0,3,0.28101,1.4719
10,0,2,0.16909,1.5256
10,0,2,0.011142,1.51
10,0,2,-0.16787,1.9906
10,0,2,0.29445,1.3897
10,0,1,0.11897,1.302
10,0,1,0.062341,0.86725
10,0,1,0.14085,0.82256
10,0,1,-0.0064501,0.90904
10,0,2,-0.032908,0.86646
10,0,3,0.25367,1.8498000000000001
10,1,3,0.039978,0.54368
10,1,1,0.10576,0.5528
10,1,1,0.093904,0.44729
10,1,3,-0.72332,0.64903
10,1,2,-0.16901,0.41047
10,1,1,-0.004594,0.42476
10,1,3,0.43863,0.48707
10,1,3,-1.1533,0.46902
10,1,1,0.0096424,0.45008
10,1,2,-0.13984,0.47892
10,1,3,-0.64353,0.43413
10,1,2,-0.40086,0.60525
10,1,2,0.049945,0.65395
10,1,1,0.031035,0.50614
10,1,2,-0.28466,0.46836
10,1,2,-0.36264,0.37817
10,1,3,0.066267,0.39123
10,1,3,-0.54597,0.63367
10,1,2,0.02384,0.54118
10,1,1,0.15185,0.59723
10,1,3,0.11046,0.50279
10,1,1,0.023357,0.45821
10,1,2,0.4022,0.44163
10,1,1,-0.36387,0.45517
10,1,1,-0.062809,0.52859
10,1,1,0.052544,0.51944
10,1,2,-0.41149,0.50602
10,1,3,0.60061,0.5013
10,1,1,0.14895,0.42048
10,1,3,0.42923,0.39927
10,1,2,-0.73796,0.52586
10,1,1,-0.1516,0.51523
10,1,1,-0.10055,0.49632
10,1,3,0.034695,0.5455
10,1,2,-0.35237,0.42429
10,1,1,0.010009,0.43886
10,1,2,-1.3916,0.51389
10,1,1,0.057939,0.56002
10,1,2,-0.035577,0.5879
10,1,3,0.20288,0.61555
10,1,2,-0.19473,0.57798
10,1,1,-0.20011,0.47956
10,1,2,-0.19572,0.47334
10,1,3,0.059397,0.48839
10,1,2,0.26664,0.50714
10,1,3,0.17618,0.50699
10,1,3,0.61378,0.46353
10,1,3,0.87494,0.48067
10,1,3,0.51834,0.53759
10,1,3,-1.2382,0.48832
10,1,2,0.19162,0.55285
10,1,3,-0.14505,0.44024
10,1,2,-0.71259,0.45764
10,1,2,0.75887,0.53643
10,1,2,0.27991,0.47223
10,1,1,0.48497,0.44636
10,1,3,-0.91691,0.67693
10,1,3,0.92788,0.57098
10,1,3,-0.19907,0.63611
10,1,1,-0.12511,0.66024
10,1,1,-0.0022063,0.49769
10,1,1,0.0021924,0.54384
10,1,2,-0.24141,0.60822
10,1,2,0.15263,0.56607
10,1,2,-0.88732,0.68751
10,1,1,0.013044,0.55958
10,1,2,-0.20674,0.61802
10,1,1,-0.12395,0.58056
10,1,3,0.087493,1.1195
10,1,3,0.39059,0.48695
10,1,1,-0.12002,0.51673
10,1,1,-0.39444,0.47889
10,0,3,-0.09415,0.79443
10,0,1,-0.31683,0.71661
10,0,2,-0.02049,0.5183
10,0,3,-0.046178,0.57309
10,0,2,0.31391,0.9251
10,0,3,0.079146,0.80726
10,0,3,-0.24431,0.97337
10,0,2,-0.066737,0.74025
10,0,1,-0.086355,1.3706
10,0,3,-0.11394,1.5827
10,0,2,-0.076317,1.0374
10,0,3,1.2327,0.79063
10,0,2,-0.049856,1.1141
10,0,1,-0.17134,1.1883
10,0,2,0.16355,1.0976
10,0,2,0.31663,1.6701
10,0,1,-0.12642,0.77069
10,0,1,-0.10774,0.87927
10,0,1,0.093472,0.80491
10,0,1,0.061983,0.84257
10,0,3,-0.17921,0.69174
10,0,2,0.38094,1.1217
10,0,1,-0.1902,0.58692
10,0,3,-1.0797,0.90428
10,1,2,-0.026937,0.46562
10,1,1,0.21161,0.44363
10,1,2,-0.027286,0.3541
10,1,2,0.94394,0.34201
10,1,1,-0.36644,0.44254
10,1,1,-0.38645,0.38907
10,1,2,0.70066,0.4101
10,1,2,-0.049499,0.47152
10,1,1,-0.90261,0.36835
10,1,1,0.096183,0.58914
10,1,3,-0.98534,0.49595
10,1,1,0.13279,0.47761
10,1,3,0.028627,0.59051
10,1,1,0.15006,0.58205
10,1,3,1.5445,0.36214
10,1,1,0.027817,0.53265
10,1,3,-1.1867,0.53043
10,1,3,0.85572,0.46826
10,1,2,0.097035,0.56765
10,1,3,0.35284,0.56381
10,1,2,0.30861,0.54292
10,1,2,-0.36335,0.67258
10,1,3,-0.19752,0.53711
10,1,3,-0.27559,0.72666
10,1,1,0.12045,0.48958
10,1,2,0.30769,0.3866
10,1,3,0.553,0.3875
10,1,1,0.30768,0.43065
10,1,3,-0.44176,0.44524
10,1,2,0.19935,0.45464
10,1,2,-1.3787,0.44211
10,1,3,0.4821,0.48722
10,1,1,-0.48634,0.47165
10,1,1,-0.22189,0.44515
10,1,2,0.60256,0.5822
10,1,2,-0.22813,0.59019
10,1,1,0.28687,0.59021
10,1,1,-0.1203,0.52864
10,1,2,-0.11224,0.5228
10,1,3,0.14245,0.44725
10,1,3,-1.2084,0.6107
10,1,2,0.49515,0.74287
10,1,1,0.058001,0.49906
10,1,3,0.23479,0.51906
10,1,2,0.18273,0.55007
10,1,1,0.12178,0.52013
10,1,3,-0.1756,0.59434
10,1,3,-0.42197,0.58755
11,1,1,0.058505,0.51486
11,1,1,0.0060798,0.40901
11,1,1,1.013,0.46335
11,1,3,-1.3551,0.39853
11,1,3,1.1128,0.41069
11,1,2,1.0322,0.45687
11,1,1,-0.19126,0.51001
11,1,1,-0.15584,0.45748
11,1,3,-0.27205,1.0023
11,1,2,-0.98139,1.263
11,1,3,-0.99946,1.1421
11,1,2,-0.36699,0.59829
11,1,2,0.65839,0.46815
11,1,3,0.014665,0.35886
11,1,1,0.36954,0.34607
11,1,3,-0.041786,0.45859
11,1,2,-0.43958,0.33598
11,1,1,1.3517,0.4458
11,1,3,-0.11029,0.35356
11,1,2,0.54765,0.31998
11,1,1,1.1404,0.43526
11,1,3,-0.47542,0.51401
11,1,2,0.61986,0.46491
11,1,2,-0.54804,0.55457
11,0,3,0.1135,0.62579
11,0,1,0.14768,0.44556
11,0,2,-0.44976,0.52428
11,0,2,-0.10485,0.42845
11,0,2,-0.060248,0.49296
11,0,2,0.36441,0.47165
11,0,1,-0.21249,0.47406
11,0,1,0.42221,0.42799
11,0,3,-0.023569,0.41801
11,0,2,-0.78642,0.47797
11,0,3,0.64106,0.44847
11,0,3,-0.11167,0.4733
11,0,3,0.096057,0.88703
11,0,1,-0.099652,1.525
11,0,1,0.13541,0.75305
11,0,1,-0.056721,0.67704
11,0,1,0.26951,0.92802
11,0,1,-0.17455,0.89826
11,0,2,-0.15245,0.57643
11,1,2,-0.31592,0.55263
11,1,1,0.24919,0.39384
11,1,2,-0.37863,0.9742
11,1,3,-1.0463,0.35296
11,1,3,1.1358,0.56012
11,1,1,0.16386,0.59602
11,1,3,0.090079,0.43144
11,1,1,-0.30735,0.93252
11,1,3,1.0563,0.45769
11,1,3,-0.080361,0.56527
11,1,1,0.10233,0.48209
11,1,2,0.052032,0.50846
11,1,1,0.37078,0.51971
11,1,2,-0.35648,0.51612
11,1,2,0.49632,0.51523
11,1,1,-0.21767,0.92765
11,1,3,-0.4157,0.56705
11,1,1,0.42254,0.50347
11,1,2,0.81393,1.0171
11,1,3,0.42678,0.54274
11,1,2,0.043137,0.54219
11,1,2,0.0053202,0.53901
11,1,1,-0.27564,0.50051
11,1,1,0.047122,0.76169
11,1,2,0.65696,0.63976
11,1,1,0.026694,0.4869
11,1,2,0.059775,0.47162
11,1,3,-0.80051,0.31479
11,1,2,0.83199,0.40242
11,1,2,-0.92897,0.3738
11,1,3,-0.82609,0.43518
11,1,2,0.91459,0.38297
11,1,3,0.077674000000000007,0.43393
11,1,2,-0.89748000000000006,0.44961
11,1,3,-1.131,0.35941
11,1,1,-0.48927,0.47053
11,1,3,0.66408,0.51109
11,1,1,-0.17078,0.41094
11,1,3,-0.29197,0.48465
11,1,3,0.6142,0.45914
11,1,1,0.28051,0.43999
11,1,2,0.29583,0.51714
11,1,1,0.064276,0.46098
11,1,2,0.14944,0.42469
11,1,3,-0.72082,0.40293
11,1,1,-0.2749,0.45964
11,1,1,0.4036,0.42249
11,1,2,-0.52161,0.5137
11,1,3,-1.4397,0.30255
11,1,1,-0.066929,0.25535
11,1,1,0.79695,0.28797
11,1,1,0.37465,0.36964
11,1,3,0.42001,0.50448
11,1,1,0.12358,0.4492
11,1,3,-0.16153,0.4408
11,1,2,-0.96173,0.41427
11,1,2,0.40321,0.43715
11,1,1,0.24933,0.41892
11,1,2,0.61447,0.38939
11,1,3,1.3113,0.47224
11,1,3,0.20031,0.33774
11,1,2,-0.38205,0.41945
11,1,2,0.63329,0.39735
11,1,3,0.18343,0.65646
11,1,3,0.13747,0.59298
11,1,1,0.29983,0.44739
11,1,2,-1.5059,0.37925
11,1,3,-0.91211,0.43306
11,1,2,-0.0025879,0.50596
11,1,1,0.44453,0.47004
11,1,1,-0.37928,0.54215
11,1,1,-0.47792,0.59939
11,1,2,0.039127,0.41011
11,1,2,0.27944,0.51833
11,1,3,0.29768,0.43782
11,1,2,0.37345,0.50623
11,1,2,0.14556,0.46008
11,1,3,0.23153,0.50714
11,1,3,-0.11406,0.73463
11,1,2,0.21816,0.79687
11,1,3,-0.4491,0.87858
11,1,3,0.5544,1.1483
11,1,1,-0.098922,0.58382
11,1,1,-0.028718,0.72252
11,1,1,-0.041178,0.80769
11,1,3,-1.0857,0.87388
11,1,1,-0.23499,0.57627
11,1,1,-0.15909,1.4211
11,1,3,-0.84297,0.89406
11,1,1,0.061678,0.58901
11,1,2,0.14528,1.1406
11,1,3,-0.99682,0.81953
11,1,1,0.34535,0.4985
11,1,2,-0.23776,0.82461
11,0,3,0.98405,0.57581
11,0,2,-0.073009,0.89515
11,0,1,-0.45614,0.58137
11,0,2,0.15633,0.80183
11,0,1,0.016509,0.50921
11,0,2,0.20833,0.62708
11,0,3,-0.034511,0.49754
11,0,1,-0.15807,0.45673
11,0,1,-0.12019,0.46474
11,0,3,-1.2217,0.45818
11,0,2,-0.21863,0.56402
11,0,2,-0.47853,0.40206
11,0,3,0.24175,1.1218
11,0,3,-0.049928,0.61357
11,0,1,-0.19774,0.47973
11,0,2,-0.020755,0.50616
11,0,3,0.12995,0.53569
11,0,2,0.23994,0.45019
11,0,3,-0.77471,0.72427
11,0,2,-0.4799,0.44382
11,0,3,-0.03744,0.71225
11,0,1,0.019831,0.41177
11,0,1,-0.12197,0.43598
11,0,1,0.032167,0.51166
11,0,2,0.48536,0.80118
11,0,2,-0.10689,0.52627
11,0,3,-0.12186,0.74133
11,0,2,0.23147,0.56582
11,0,2,0.2407,0.51662
11,0,2,-0.52043,0.889
11,0,1,-0.28974,0.49616
11,0,1,0.0029182,0.53925
11,0,1,0.22284,0.51871
11,0,1,0.15267,0.5102
11,0,3,0.29137,0.49072
11,0,1,-0.71355,0.61587
11,0,1,0.52111,0.63331
11,0,3,0.085357,0.68644
11,0,2,0.10417,0.55023
11,0,3,-0.51404,0.69869
11,0,2,-0.5804,0.66901
11,0,3,0.49836,0.75501
11,0,3,1.498,0.19151
11,0,1,0.58284,0.50486
11,0,1,-0.014193,0.5876
11,0,2,0.26962,0.78982
11,1,1,0.039946,0.35396
11,1,1,0.054561,0.56253
11,1,1,0.12309,0.54725
11,1,3,-0.41811,0.55041
11,1,1,0.38031,0.57815
11,1,2,0.035602,0.55275
11,1,3,0.47759,0.93975
11,1,3,0.36517,0.64422
11,1,2,0.27578,0.54889
11,1,1,-0.032081,0.58175
11,1,2,-0.5001,0.51489
11,1,2,0.11488,0.51236
11,1,2,0.37132,0.56519
11,1,3,1.0728,0.77428
11,1,3,0.065568,1.2054
11,1,3,-0.28932,1.6101
11,1,2,-0.65082,0.52023
11,1,2,0.050042,0.54699
11,1,3,-0.11053,1.1501
11,1,1,-0.1153,0.51625
11,1,1,-0.34334,0.55041
11,1,2,0.44631,0.53302
11,1,3,-0.32839,0.51335
11,1,1,0.27208,0.50771
11,0,1,0.42786,0.59265
11,0,1,-0.20722,0.55253
11,0,3,-0.37688,0.56304
11,0,2,-0.10897,0.48909
11,0,1,-0.068959,0.51665
11,0,2,0.8314,0.74804
11,0,2,-0.39966,0.57094
11,0,3,0.4848,0.48873
11,0,2,-0.091818,0.54517
11,0,2,-0.39543,0.47531
11,0,1,-0.22706,0.66549
11,0,3,-0.58794,0.7853
11,0,1,0.048796,0.58312
11,0,2,0.0054835,0.54888
11,0,2,-0.45835,0.50436
11,0,2,0.13593,0.50509
11,0,3,0.73501,0.5673
11,0,3,-0.48771,0.47044
11,0,1,-0.19159,0.49012
11,0,3,-1.5688,0.51302
11,0,1,0.21886,0.5494
11,0,3,-0.75377,0.81691
11,0,3,-1.0981,0.80232
11,0,1,0.23403,0.53738
11,0,2,0.45082,0.5934
11,0,3,-0.14284,0.54749
11,0,3,0.52995,0.54895
11,0,1,0.0011909,0.50517
11,0,1,-0.34087,0.58119
11,0,2,0.29362,0.4974
11,0,2,-0.14227,0.56213
11,0,2,-0.87357,0.92532
11,0,3,-0.14958,0.78369
11,0,1,0.35636,0.57262
11,0,2,-0.21446,0.9051
11,0,1,0.072279,0.48716
11,0,2,0.26209,0.89929
11,0,1,0.069091,0.52311
11,0,1,0.20311,0.52196
11,0,1,-0.10234,0.53738
11,0,3,0.7891,0.85651
11,0,2,0.28058,0.52725
11,0,2,-0.074846,0.86517
11,0,1,0.17506,0.55316
11,0,3,1.0784,0.79102
11,0,3,0.22529,0.62145
11,0,3,-0.69487,0.78704
11,0,3,-0.15269,0.50442
11,0,2,0.40858,0.43724
11,0,1,-0.18375,0.41345
11,0,1,0.1162,0.50954
11,0,3,0.24694,0.57099
11,0,2,-0.16803,0.53944
11,0,2,0.3972,0.47824
11,0,1,0.042507,0.5707
11,0,2,-0.095694,0.68176
11,0,3,-0.24253,0.647
11,0,2,-0.69937,0.50675
11,0,3,-0.28599,1.6999
11,0,1,0.085342,0.61165
11,0,3,0.47444,0.79977
11,0,2,-0.59674,0.89456
11,0,3,-0.040463,0.49764
11,0,2,-0.39051,0.6075
11,0,1,-0.31508,0.49027
11,0,3,-1.1148,0.57749
11,0,1,0.075097,0.46368
11,0,1,0.044549,0.62738
11,0,1,-0.26571,0.50824
11,1,3,0.31469,0.69028
11,1,1,-0.19798,0.44809
11,1,3,-0.34518,0.42383
11,1,2,0.40425,0.4049
11,1,2,1.2018,0.3892
11,1,2,0.22194,0.41553
11,1,1,-0.066546,0.41107
11,1,1,0.4545,0.46527
11,1,2,-0.033031,0.41364
11,1,3,-0.7893,0.41272
11,1,2,0.39429,0.46119
11,1,3,0.17228,0.45367
11,1,2,0.1727,0.42113
11,1,3,0.8489,0.38102
11,1,3,0.39884,0.44173
11,1,1,0.41854,0.41053
11,1,1,-0.10776,0.28709
11,1,3,0.21875,0.49792
11,1,1,1.2585,0.30935
11,1,1,-1.3478,0.18153
11,1,2,-0.37548,0.69926
11,1,1,-0.030074,0.51077
11,1,2,0.21866,0.50232
11,1,1,0.17697,0.4041
11,1,3,-0.0019024,0.43255
11,1,1,0.084153,0.44175
11,1,2,0.15154,0.41221
11,1,3,-1.3621,0.37535
11,1,3,-1.0051,0.48091
11,1,3,0.21086,0.44067
11,1,2,0.13285,0.44613
11,1,2,0.18995,0.44218
11,1,1,0.11635,0.51881
11,1,2,-0.21189,0.47559
11,1,3,0.90171,0.44071
11,1,2,0.71937,0.34828
11,1,2,0.68391,0.34672
11,1,1,0.09265,0.41316
11,1,1,0.27007,0.47167
11,1,3,0.03866,0.47419
11,1,1,0.066528,0.42262
11,1,3,0.33771,0.67711
11,1,2,0.39549,0.44218
11,1,1,0.32455,0.48566
11,1,1,-0.25352,0.45377
11,1,3,0.12733,0.49863
11,1,2,-0.67192,0.66069
11,0,2,0.85581,0.63254
11,0,2,0.073325,0.4947
11,0,3,0.69929,0.45319
11,0,2,-0.021899,1.0438
11,0,1,-0.26885,0.57831
11,0,3,-0.41866,0.53081
11,0,3,0.30891,0.76839
11,0,2,0.54728,0.4641
11,0,1,-0.12479,0.59592
11,0,2,0.029063,0.56387
11,0,2,-0.79488,0.77854
11,0,3,-0.16962,0.4726
11,0,1,-0.45395,0.50541
11,0,2,0.11979,0.72123
11,0,1,-0.16971,0.54932
11,0,1,-0.21855,0.4955
11,0,3,0.96799,0.53127
11,0,3,1.3479,0.44936
11,0,3,0.46038,0.67458
11,0,1,0.41443,0.51929
11,0,2,0.58226,0.43386
11,0,3,0.053063,0.51388
11,0,1,0.15442,0.54575
11,0,1,0.069989,0.51091
11,0,3,-1.1378,0.63172
11,0,3,-0.42441,0.47113
11,0,2,-0.74948,0.41438
11,0,2,0.81234,0.46654
11,0,3,-0.045147,0.44634
11,0,3,0.83792,0.47118
11,0,1,-0.11914,0.49927
11,0,1,0.11388,0.4931
11,0,3,-0.19573,0.82491
11,0,1,0.29347,0.46573
11,0,1,0.18897,0.4445
11,0,1,0.0057373,0.55466
11,0,3,-1.4446,0.69045
11,0,1,0.030042,0.51799
11,0,1,-0.15047,0.4981
11,0,2,0.37145,0.66087
11,0,2,-0.5612,0.51632
11,0,2,-0.37209,0.4648
11,0,1,-0.030208,0.49126
11,0,3,0.27765,0.68976
11,0,2,-0.11857,0.57691
11,0,3,-0.31066,0.4602
11,0,2,0.040884,0.48385
11,0,2,-0.45511,0.57461
11,0,1,0.20402,0.59383
11,0,3,-0.45761,0.87818
11,0,3,0.26315,0.65111
11,0,3,-0.51294,0.56492
11,0,1,0.29778,0.53148
11,0,2,0.95004,0.62545
11,0,3,0.82979,0.73836
11,0,1,-0.3528,0.49062
11,0,2,-0.66972,0.53845
11,0,1,0.14653,0.48561
11,0,2,-0.24858,0.50277
11,0,2,0.12397,0.47458
11,0,2,1.1712,0.32838
11,0,2,-0.71441,0.47522
11,0,2,0.11985,0.44876
11,0,1,0.1005,0.50484
11,0,1,0.09189,0.56681
11,0,3,1.1496,0.51831
11,0,3,-0.45472,0.68596
11,0,2,0.032869,0.43074
11,0,1,-0.33742,0.45655
11,0,1,-0.070541,0.50004
11,0,3,-1.2113,0.67386
11,1,3,0.79569,0.8163
11,1,3,1.3277,0.40381
11,1,3,-0.61864,0.38059
11,1,2,-0.35617,0.73206
11,1,3,-1.0418,0.4132
11,1,2,-0.046804,0.40337
11,1,2,-0.17209,0.4435
11,1,1,-0.60212,0.28663
11,1,3,-0.99489,0.3252
11,1,2,0.30174,0.4433
11,1,2,-0.53345,0.39482
11,1,1,0.31853,0.48027
11,1,1,-0.16796,0.37942
11,1,2,-0.20593,0.45162
11,1,1,-0.30231,0.35374
11,1,1,-0.09292,0.39314
11,1,3,-0.48297,0.46204
11,1,2,0.25459,0.35113
11,1,1,-0.076761,0.39912
11,1,3,-0.69103,0.33684
11,1,1,-0.056668,0.42166
11,1,1,1.3197,0.3808
11,1,2,-0.14415,0.28762
11,1,3,0.53348,0.43612
11,0,3,-0.61555,0.4961
11,0,3,-0.51664,0.44251
11,0,2,-0.20636,0.46228
11,0,3,0.64262,0.45547
11,0,3,-0.015127,0.41456
11,0,2,0.46405,0.5547
11,0,2,0.344,0.51518
11,0,1,-0.48074,0.32439
11,0,3,0.89777,0.47349
11,0,1,0.084365,0.48811
11,0,2,-0.63835,0.46887
11,0,2,0.10657,0.40449
11,0,1,0.022763,0.45242
11,0,1,0.36018,0.45524
11,0,1,-0.18132,0.38342
11,0,1,0.3989,0.3892
11,0,2,-0.17117,0.40016
11,0,3,-0.4352,0.70516
11,0,2,-0.052772,0.45533
11,0,1,-0.055362,0.46582
11,0,1,0.25008,0.44229
11,0,2,0.34325,0.51217
11,0,3,0.22047,0.68922
11,0,3,0.35376,0.48436
11,1,1,-0.2238,0.50555
11,1,3,-1.5665,0.68412
11,1,1,0.24117,0.46145
11,1,1,-0.11609,0.44232
11,1,1,0.24962,0.55221
11,1,1,0.20916,0.49632
11,1,1,-0.052163,0.53816
11,1,3,0.35778,0.50695
11,1,3,0.048044,0.55662
11,1,1,0.45355,0.47367
11,1,3,-0.35934,0.5145
11,1,2,-0.099668,0.46302
11,1,2,-0.48959,0.4562
11,1,3,0.90753,0.43198
11,1,1,-0.15043,0.38969
11,1,3,0.53667,0.49973
11,1,2,0.048858,0.41328
11,1,2,0.5874,0.40741
11,1,2,0.01535,0.40888
11,1,3,-0.14272,0.56868
11,1,2,0.76624,0.46307
11,1,2,-0.0013742,0.50436
11,1,2,0.2544,0.47942
11,1,3,0.032292,0.51128
12,1,2,0.15846,0.43493
12,1,3,-0.18116,0.51934
12,1,1,-0.31027,0.56478
12,1,1,-0.20573,0.49985
12,1,1,-0.5532,0.60304
12,1,3,-1.0702,0.85011
12,1,3,1.1665,0.76217
12,1,1,0.42271,0.85232
12,1,3,-0.46937,1.1411
12,1,2,-0.10874,0.59254
12,1,3,0.16375,0.69459
12,1,1,0.14641,0.55146
12,1,2,0.43415,0.54907
12,1,1,-0.051279,0.67152
12,1,2,0.04455,0.71848
12,1,2,0.21933,0.64807
12,1,2,0.41252,0.60605
12,1,2,-0.3291,0.7735
12,1,1,0.38331,0.73944
12,1,2,-0.21859,0.58128
12,1,3,0.20646,0.84214
12,1,3,-0.043934,0.71875
12,1,1,-0.29715,0.60356
12,1,3,-0.33765,0.63769
12,1,1,-0.40713,0.58505
12,1,1,-0.054383,0.55194
12,1,1,-0.43339,0.47005
12,1,3,-1.3478,0.43958
12,1,3,-0.93294,0.87764
12,1,3,-0.4009,0.50042
12,1,1,-0.2953,0.52053
12,1,1,0.97714,0.40572
12,1,3,1.2664,0.64084
12,1,2,-0.028171,0.554
12,1,2,0.17849,0.50035
12,1,3,-0.57409,0.61124
12,1,2,0.13861,0.48313
12,1,3,0.57403,0.54874
12,1,1,-0.038799,0.61116
12,1,1,-0.019913,0.63378
12,1,2,-0.38684,0.68547
12,1,2,-0.31871,0.50159
12,1,2,-0.58637,0.57595
12,1,1,0.20214,0.72647
12,1,2,-0.078535,0.68726
12,1,3,1.2583,0.51205
12,1,3,-1.3981,0.78312
12,1,2,-1.4045,0.73667
12,0,1,-0.12893,0.67311
12,0,2,0.17974,1.7301
12,0,3,0.13141,0.95189
12,0,3,-0.35978,1.4013
12,0,2,0.2392,0.76154
12,0,3,0.71312,1.8887
12,0,2,-0.0083193,0.65292
12,0,2,0.91694,0.79397
12,0,2,0.31964,0.65638
12,0,2,0.51661,1.5874
12,0,1,-0.12105,0.66862
12,0,1,0.079588,0.59038
12,0,1,0.14672,0.55712
12,0,1,-0.23034,0.51165
12,0,3,0.029327,1.3544
12,0,2,-0.33324,0.96342
12,0,1,-0.20995,0.66055
12,0,3,0.033761,0.87208
12,0,2,0.338,0.57617
12,0,1,-0.41228,0.74656
12,0,3,-0.090978,1.5881
12,0,3,3.1771e-4,0.68646
12,0,1,0.13046,0.71692
12,1,1,-0.16971,0.69231
12,1,1,-0.034753,0.59897
12,1,3,-0.34035,0.59927
12,1,1,0.09285,0.68929
12,1,3,-0.4675,0.60326
12,1,2,-0.23975,0.50671
12,1,2,0.17395,0.56212
12,1,2,0.33658,0.56822
12,1,2,-0.11639,0.51832
12,1,3,-0.15229,0.6085
12,1,2,1.4094,0.51454
12,1,3,-0.096197,0.59575
12,1,1,-0.18184,0.53594
12,1,3,-0.29755,0.61172
12,1,1,-0.34686,0.65418
12,1,1,-0.1756,0.93931
12,1,3,0.47787,0.48941
12,1,1,0.262,0.59953
12,1,2,0.42125,0.51829
12,1,1,0.015977,0.60772
12,1,3,-0.3315,0.49487
12,1,2,-0.26668,0.55704
12,1,3,-1.1676,0.49815
12,1,2,-0.096927,0.55899
12,0,1,-0.33281,0.9187
12,0,1,0.025332,1.0121
12,0,2,0.0058895,0.74542
12,0,1,-0.18523,1.4101
12,0,2,0.55361,0.79907
12,0,1,-0.16844,1.1797
12,0,3,-0.84545,0.83542
12,0,2,-0.0058184,0.83993
12,0,1,0.0036012,0.69642
12,0,2,0.42077,0.72548
12,0,1,-0.070976,0.80522
12,0,2,-0.24542,0.72436
12,0,1,-0.013161,0.74943
12,0,3,-0.39407,0.78854
12,0,3,-0.03045,0.69732
12,0,1,-0.079215,0.62151
12,0,2,-0.13978,0.65857
12,0,2,-0.15008,0.72765
12,0,3,-0.002025,1.1967
12,0,3,-0.23245,0.65849
12,0,3,-0.052294,0.67598
12,1,3,1.0905,0.97989
12,1,1,0.40224,0.49228
12,1,2,-0.63143,0.57188
12,1,2,-0.28832,0.57254
12,1,2,0.14767,0.53836
12,1,2,-0.46898,0.57602
12,1,3,-0.29657,0.61428
12,1,1,-0.011173,0.61589
12,1,2,0.33462,1.1495
12,1,2,-0.68297,0.57624
12,1,2,1.0088,0.57223
12,1,3,0.29461,0.67102
12,1,1,-0.32754,0.39364
12,1,1,4.8956e-4,0.55213
12,1,3,-0.71415,0.5438
12,1,1,-0.30962,0.64612
12,1,3,0.29316,0.71319
12,1,3,-0.0085573,0.6093
12,1,3,-0.49262,0.66448
12,1,1,0.12864,0.67252
12,1,2,-0.19722,0.63012
12,1,1,0.06053,0.58859
12,1,1,-0.69296,0.65009
12,1,3,0.0014719,0.74854
12,0,1,-0.39756,0.61418
12,0,3,-0.24258,0.73034
12,0,3,0.54172,0.72043
12,0,3,-0.86969,0.73646
12,0,1,-0.052316,0.6656
12,0,2,0.35432,1.786
12,0,2,0.11247,0.70313
12,0,3,0.70694,1.5201
12,0,3,-0.83316,0.8513
12,0,1,-0.1879,1.0082
12,0,1,-0.38983,0.68246
12,0,3,-1.2559,0.94132
12,0,3,-0.13694,1.3201
12,0,3,1.3001,0.96027
12,0,1,-0.27064,0.72721
12,0,2,-0.010824,0.86491
12,0,1,0.13454,0.59819
12,0,2,-0.17224,0.67013
12,0,2,-0.10664,0.6371
12,0,2,-0.38365,0.8486
12,0,1,-0.0087279,0.76831
12,0,2,-0.22689,0.76484
12,0,1,-0.13913,0.65381
12,0,3,0.49913,0.90367
12,0,2,0.85492,0.63855
12,0,3,-0.1254,0.57267
12,0,3,0.31113,0.66279
12,0,2,-0.5859,0.82261
12,0,2,0.10393,0.83269
12,0,1,-0.11631,0.56949
12,0,1,0.19624,0.64529
12,0,2,0.52674,0.66507
12,0,3,-0.21495,0.54549
12,0,1,0.06326,0.60927
12,0,3,0.32686,0.63939
12,0,3,0.15313,0.79256
12,0,2,-0.36742,0.65033
12,0,1,0.090099,0.59207
12,0,1,-0.031726,0.61508
12,0,3,-0.93972,0.6944
12,0,3,-0.091418,0.68615
12,0,2,-0.39869,0.6136
12,0,2,-0.49314,0.59851
12,0,2,0.39446,0.86894
12,0,1,-0.067675,0.71233
12,0,1,-0.81017,0.69288
12,0,1,-0.16377,0.78761
12,0,2,0.012842,0.76035
12,0,2,0.21995,0.57247
12,0,3,0.42141,1.1081
12,0,1,-0.035582,0.60233
12,0,1,0.34753,0.77192
12,0,1,0.076129,0.72303
12,0,1,-0.4781,0.67479
12,0,1,0.0070936,0.64759
12,0,3,-0.30844,0.74847
12,0,2,-0.36374,0.66049
12,0,3,1.2733,1.7541
12,0,1,-0.49477,0.66605
12,0,2,0.48174,0.71811
12,0,3,0.36459,0.86001
12,0,3,-0.61285,0.79766
12,0,2,0.56167,0.69195
12,0,2,0.10868,0.70248
12,0,3,-0.12308,0.69065
12,0,3,-0.12175,0.69083
12,0,2,0.088223,0.6167
12,0,1,-0.46114,0.79996
12,0,2,-0.15338,1.2086
12,0,1,-0.36366,0.6276
12,1,1,0.19757,0.52019
12,1,1,-0.19171,0.53393
12,1,1,-0.27827,0.55218
12,1,2,-0.1556,0.51956
12,1,2,-0.3958,0.48696
12,1,1,-0.10926,0.49496
12,1,2,-0.10316,0.572
12,1,2,-0.034806,0.65517
12,1,2,0.090423,0.61226
12,1,3,-1.3654,0.71666
12,1,3,-0.16483,0.59115
12,1,2,-0.6948,0.61412
12,1,3,1.0166,0.50631
12,1,1,-0.31619,0.63328
12,1,1,-0.32808,0.73939
12,1,3,0.10354,0.65911
12,1,3,-1.471,0.91692
12,1,1,-0.073493,0.76799
12,1,2,-0.46573,0.7316
12,1,3,0.20499,1.1629
12,1,2,1.116,1.441
12,1,1,-0.14603,0.57574
12,1,3,-0.61268,0.72374
12,1,3,0.38159,0.98158
12,1,1,0.054293,0.50765
12,1,1,-0.050704,0.60451
12,1,1,0.15882,0.57433
12,1,1,-0.2762,0.62732
12,1,2,-0.62811,0.90308
12,1,3,0.39174,0.60038
12,1,3,-0.25463,0.85415
12,1,3,-0.46343,0.72395
12,1,2,0.034308,0.58896
12,1,1,-0.049967,0.68506
12,1,3,-0.080116,0.7299
12,1,1,-0.051523,0.64534
12,1,3,0.37025,0.58284
12,1,2,-0.31596,0.6336
12,1,3,0.45639,0.63139
12,1,2,0.14778,0.65857
12,1,3,0.30342,0.70431
12,1,1,0.045478,0.69268
12,1,2,-0.11964,0.74156
12,1,2,-0.38571,0.95133
12,1,1,-0.38307,0.82008
12,1,2,0.17671,0.67919
12,1,2,-0.28306,0.90362
12,1,1,0.096679,0.57881
12,1,3,-0.67028,0.53562
12,1,3,1.1911,0.55606
12,1,1,0.035908,0.50855
12,1,2,-0.29947,0.52833
12,1,3,1.0793,0.56245
12,1,3,-0.31769,0.7361
12,1,2,-0.16306,0.51935
12,1,3,-0.90149,0.52188
12,1,2,0.66048,0.7626
12,1,1,0.07979,0.53939
12,1,2,-0.047123,0.62681
12,1,2,-0.52065,0.73059
12,1,3,0.15957,0.66469
12,1,1,0.30728,0.58986
12,1,2,-0.0050394,0.60636
12,1,1,0.20634,0.72483
12,1,1,0.46675,0.66761
12,1,2,-0.040759,0.57668
12,1,3,-0.66957,0.67146
12,1,1,0.50603,0.57094
12,1,2,-0.34892,0.49881
12,1,1,-0.12244,0.63212
12,1,3,0.29703,0.69826
12,0,2,0.40783,0.71217
12,0,3,-0.37014,0.57692
12,0,1,-0.20399,0.57838
12,0,2,-0.5192,0.53813
12,0,1,-0.01678,0.5551
12,0,1,0.25391,0.48679
12,0,1,-0.12102,0.5313
12,0,2,-0.45884,0.53804
12,0,1,-0.007939,0.5536
12,0,1,-0.089702,0.55203
12,0,3,0.16208,0.56895
12,0,3,-0.19396,0.69397
12,0,3,-0.0082426,0.70538
12,0,3,-0.21334,0.60983
12,0,3,-0.021021,0.69698
12,0,2,0.096581,0.55111
12,0,2,0.32622,0.55331
12,0,2,-0.2319,0.63366
12,0,2,-0.51343,0.64653
12,0,2,0.2581,0.52103
12,0,1,0.3855,0.57007
12,0,3,-0.0070461,0.64602
12,0,1,0.13111,0.52308
12,0,3,-0.63776,0.5295
12,0,2,-0.11068,0.75775
12,0,1,0.17924,0.59652
12,0,2,-0.17649,0.55162
12,0,3,0.71682,0.65941
12,0,2,-0.35538,0.70259
12,0,2,-0.27185,0.73143
12,0,1,0.099481,0.5532
12,0,3,-0.54317,0.64364
12,0,3,-1.3075,0.79922
12,0,3,-0.85744,0.828
12,0,2,-0.22756,0.64839
12,0,1,-0.062317,0.67954
12,0,3,0.01528,0.77804
12,0,1,-0.36192,0.65831
12,0,1,0.12285,0.71726
12,0,1,0.45812,0.71465
12,0,3,-0.62012,0.76575
12,0,3,1.1778,0.9195
12,0,2,-0.40914,0.66138
12,0,1,0.16486,0.70148
12,0,1,-0.02038,0.65995
12,0,3,-1.2327,0.80704
12,0,2,-1.5323,1.1738
12,0,2,-0.39941,0.61502
12,1,1,0.13245,0.56212
12,1,1,0.37435,0.47727
12,1,1,-0.0037446,0.52512
12,1,2,0.58338,0.54023
12,1,3,-0.6397,0.6198
12,1,1,0.26513,0.5752
12,1,3,-0.029127,0.49355
12,1,3,-0.40759,0.65938
12,1,1,-0.13093,0.51353
12,1,3,-1.0866,0.5043
12,1,2,-0.27192,0.49687
12,1,2,-0.34568,0.58639
12,1,2,0.18896,0.52338
12,1,1,0.0098348,0.44389
12,1,3,0.5752,0.50766
12,1,2,0.26748,0.55211
12,1,2,-0.2845,0.40712
12,1,2,0.59584,0.50298
12,1,3,-0.48465,0.56109
12,1,1,-0.53434,0.56666
12,1,3,-0.4092,0.64769
12,1,3,-0.060835,0.57716
12,1,1,0.11991,0.47138
12,1,2,0.09492,0.59707
12,0,3,0.10655,0.55362
12,0,1,-0.15789,0.51947
12,0,1,-0.091342,0.59823
12,0,2,-0.38993,0.60897
12,0,2,-0.020196,0.59012
12,0,3,0.20977,0.6583
12,0,2,-0.015221,0.59336
12,0,1,0.029821,0.54486
12,0,1,-0.03931,0.59365
12,0,1,0.30855,0.62814
12,0,2,0.69669,0.64754
12,0,3,-0.096906,0.71846
12,0,2,0.40207,0.84542
12,0,1,0.31653,0.57353
12,0,3,-1.4675,0.60931
12,0,1,-0.4746,0.5988
12,0,1,-0.29519,0.62234
12,0,2,-0.36959,0.6057
12,0,3,-0.12185,0.6065
12,0,2,0.023538,0.79663
12,0,3,0.51102,0.61377
12,0,3,1.0462,0.69798
12,0,2,-0.65128,0.65261
12,0,1,-0.41337,0.5739
12,0,1,0.19395,0.63507
12,0,3,0.20246,0.59889
12,0,3,-0.059292,0.73993
12,0,2,-0.20842,0.54079
12,0,1,-0.0018463,1.0052
12,0,2,0.54573,0.67729
12,0,1,0.092474,0.5831
12,0,2,-0.39223,0.5862
12,0,3,-0.88802,0.73092
12,0,3,0.73611,0.61909
12,0,2,0.18911,0.56286
12,0,1,0.022291,0.52265
12,0,1,0.56731,0.54021
12,0,2,0.48936,1.2988
12,0,2,0.45126,0.53406
12,0,3,0.45203,0.73168
12,0,1,0.029144,0.56867
12,0,3,0.12793,0.65819
12,0,2,-0.38027,0.59407
12,0,2,-0.17149,0.59916
12,0,3,1.2028,0.61898
12,0,3,0.82603,0.97654
12,0,1,0.29604,0.67763
12,0,2,0.52716,0.97149
12,0,2,0.099176,0.57067
12,0,2,0.27652,0.53584
12,0,3,1.2693,0.53593
12,0,2,-0.10511,0.70717
12,0,3,-0.63312,0.67203
12,0,1,0.50794,0.53676
12,0,1,-0.031884,0.53819
12,0,3,-0.57813,0.7699
12,0,3,-9.6688e-4,0.56578
12,0,2,-0.068,0.54827
12,0,3,-0.3862,0.50345
12,0,1,-0.2534,0.8612
12,0,1,-0.74175,0.84762
12,0,1,0.11487,0.77738
12,0,2,0.12616,1.3972
12,0,1,-0.071277,0.57857
12,0,3,-0.27786,0.71873
12,0,2,-0.57552,0.65056
12,0,3,0.30763,0.74227
12,0,1,-0.39354,0.73945
12,0,3,-0.45458,0.72127
12,0,2,0.51691,0.66138
12,0,1,-0.045421,0.86451
12,1,3,-0.067534,0.86923
12,1,2,0.067209,0.70527
12,1,2,-1.0724,0.73348
12,1,2,0.36897,0.61518
12,1,1,0.060826,0.5494
12,1,3,-0.20507,0.68953
12,1,2,0.32771,0.58507
12,1,3,-0.28514,0.57809
12,1,1,0.097805,0.54938
12,1,3,-0.50755,0.57585
12,1,3,0.36381,0.68094
12,1,3,0.17065,0.61675
12,1,1,0.060295,0.53793
12,1,3,-0.45091,0.71376
12,1,2,-0.43329,0.68587
12,1,2,-0.22199,0.62729
12,1,1,-0.16483,0.57222
12,1,1,-0.0084227,0.57389
12,1,1,-0.026572,0.90266
12,1,2,0.4317,0.72738
12,1,2,-0.67436,0.52818
12,1,1,-0.44281,0.50332
12,1,3,0.4208,0.57138
12,1,1,0.36552,0.58057
12,1,2,-0.50436,0.59233
12,1,2,0.24131,0.48019
12,1,2,0.21695,0.49038
12,1,1,-0.23113,0.56544
12,1,3,0.16654,0.62162
12,1,3,-1.3559,0.56979
12,1,1,0.050106,0.58148
12,1,1,0.30021,0.53817
12,1,3,0.10001,0.6927
12,1,1,-0.12304,0.53745
12,1,1,-0.26555,0.57402
12,1,3,0.055263,0.68983
12,1,3,0.50812,0.74959
12,1,2,-0.3161,0.58838
12,1,2,0.1628,0.6856
12,1,3,-0.8382,0.54668
12,1,2,-0.32789,0.56495
12,1,1,0.29469,0.57714
12,1,2,-0.28642,0.72117
12,1,1,0.32498,0.67718
12,1,3,1.1978,0.64035
12,1,3,-0.37131,0.68574
12,1,1,-0.022781,0.64622
12,1,2,-0.13584,0.80213
