id,rt,color,word,resp,session,congruent
1,0.62,0,2,0,0,0
1,0.513,0,0,0,0,1
1,0.522,1,0,1,0,0
1,0.633,1,1,1,0,1
1,0.503,0,0,0,0,1
1,0.63,0,0,0,0,1
1,0.507,1,1,1,0,1
1,0.619,1,1,1,0,1
1,0.585,1,1,1,0,1
1,0.639,2,1,2,0,0
1,0.73,1,1,1,0,1
1,0.537,2,2,2,0,1
1,0.508,0,0,0,0,1
1,0.491,1,1,1,0,1
1,0.702,0,2,0,0,0
1,0.566,0,1,0,0,0
1,0.535,0,0,0,0,1
1,0.505,2,2,2,0,1
1,0.508,0,1,0,0,0
1,0.585,0,0,0,0,1
1,0.665,1,2,1,0,0
1,0.495,1,1,1,0,1
1,0.395,2,1,2,0,0
1,0.852,2,0,2,0,0
1,0.635,1,2,1,0,0
1,0.687,1,2,1,0,0
1,0.362,2,0,2,0,0
1,0.553,1,1,1,0,1
1,0.727,2,2,2,0,1
1,0.636,1,1,1,0,1
1,0.478,0,2,0,0,0
1,0.433,2,0,2,0,0
1,0.617,0,0,0,0,1
1,0.619,2,1,2,0,0
1,0.466,2,2,2,0,1
1,0.494,1,1,1,0,1
1,0.468,0,0,0,0,1
1,0.484,2,2,2,0,1
1,0.747,0,0,0,0,1
1,0.473,1,2,1,0,0
1,0.619,1,2,1,0,0
1,0.501,2,2,2,0,1
1,0.406,2,2,2,0,1
1,0.465,2,0,2,0,0
1,0.523,1,2,1,0,0
1,0.823,2,1,2,0,0
1,0.59,1,0,1,0,0
1,0.509,2,2,2,0,1
1,0.625,2,1,2,0,0
1,0.455,0,0,0,0,1
1,0.458,2,1,2,0,0
1,0.53,0,0,0,0,1
1,0.559,2,2,2,0,1
1,0.483,2,0,2,0,0
1,0.572,1,1,1,0,1
1,0.549,2,2,2,0,1
1,0.656,2,2,2,0,1
1,0.696,2,1,2,0,0
1,0.56,0,2,0,0,0
1,0.47,1,2,1,0,0
1,0.505,1,1,1,0,1
1,0.606,1,1,1,0,1
1,0.582,1,0,1,0,0
1,0.676,0,2,0,0,0
1,0.568,2,1,2,0,0
1,0.642,0,1,0,0,0
1,0.676,2,0,2,0,0
1,0.592,0,0,0,0,1
1,0.669,0,1,0,0,0
1,0.638,1,2,1,0,0
1,0.614,0,1,0,0,0
1,0.703,0,2,0,0,0
1,0.437,2,2,2,0,1
1,0.535,2,2,2,0,1
1,0.635,2,0,2,0,0
1,0.494,0,1,0,0,0
1,0.52,0,2,0,0,0
1,0.576,1,1,1,0,1
1,0.576,0,1,0,0,0
1,0.736,1,0,1,0,0
1,0.58,1,0,1,0,0
1,0.559,0,2,0,0,0
1,0.509,2,2,2,0,1
1,0.678,1,0,1,0,0
1,0.596,1,1,1,0,1
1,0.522,2,2,2,0,1
1,0.587,1,1,1,0,1
1,0.549,0,1,0,0,0
1,0.551,0,0,0,0,1
1,0.602,0,0,0,0,1
1,0.63,1,0,1,0,0
1,0.618,0,0,0,0,1
1,0.618,0,0,0,0,1
1,0.496,2,2,2,0,1
1,0.572,2,0,2,0,0
2,1.484,2,2,2,0,1
2,0.905,0,1,0,0,0
2,1.445,1,2,1,0,0
2,1.093,0,1,0,0,0
2,1.093,2,2,2,0,1
2,0.99,2,1,2,0,0
2,1.372,0,2,0,0,0
2,1.328,1,1,1,0,1
2,1.044,1,1,1,0,1
2,0.882,1,0,1,0,0
2,0.896,0,1,0,0,0
2,0.912,0,1,0,0,0
2,1.29,1,2,1,0,0
2,0.699,1,1,1,0,1
2,0.827,2,2,2,0,1
2,1.025,1,0,1,0,0
2,0.996,1,1,1,0,1
2,0.991,1,2,1,0,0
2,0.802,2,2,2,0,1
2,0.706,2,2,2,0,1
2,0.821,0,2,0,0,0
2,0.922,0,0,0,0,1
2,1.179,0,0,0,0,1
2,0.895,0,0,0,0,1
2,1.239,2,2,2,0,1
2,0.637,2,1,2,0,0
2,0.883,1,0,1,0,0
2,0.916,0,0,0,0,1
2,0.86,0,2,0,0,0
2,1.104,1,1,1,0,1
2,1.015,0,0,0,0,1
2,1.178,0,0,0,0,1
2,1.004,1,0,1,0,0
2,0.786,0,0,0,0,1
2,1.121,1,0,2,0,0
2,0.586,0,1,0,0,0
2,0.851,2,2,2,0,1
2,0.825,2,1,2,0,0
2,0.749,0,0,0,0,1
2,0.975,0,2,0,0,0
2,0.611,2,2,2,0,1
2,1.219,0,0,0,0,1
2,1.124,2,1,2,0,0
2,0.75,2,2,2,0,1
2,0.962,2,2,2,0,1
2,1.065,1,1,0,0,1
2,0.864,0,2,0,0,0
2,1.225,2,1,2,0,0
2,1.354,1,2,0,0,0
2,0.957,0,0,0,0,1
2,0.708,1,1,1,0,1
2,0.746,0,0,0,0,1
2,0.842,2,0,1,0,0
2,0.704,2,2,2,0,1
2,0.79,2,2,2,0,1
2,0.83,2,0,2,0,0
2,0.989,2,0,2,0,0
2,0.861,0,0,0,0,1
2,1.027,2,0,2,0,0
2,0.878,0,0,0,0,1
2,0.932,0,1,0,0,0
2,0.956,1,1,0,0,1
2,1.278,2,1,2,0,0
2,0.999,1,1,1,0,1
2,0.879,1,1,1,0,1
2,1.031,0,2,0,0,0
2,1.339,2,0,2,0,0
2,1.09,1,2,1,0,0
2,1.418,2,2,2,0,1
2,1.042,1,2,1,0,0
2,1.018,1,1,1,0,1
2,1.077,2,0,2,0,0
2,1.053,1,1,1,0,1
2,0.847,2,0,2,0,0
2,0.805,1,1,1,0,1
2,1.21,1,0,0,0,0
2,1.257,1,1,1,0,1
2,0.831,0,1,0,0,0
2,1.12,1,1,1,0,1
2,1.249,0,2,0,0,0
2,1.182,2,2,2,0,1
2,0.937,0,0,0,0,1
2,0.873,2,2,2,0,1
2,1.147,0,0,0,0,1
2,1.281,1,0,1,0,0
2,0.884,1,1,1,0,1
2,1.265,0,1,0,0,0
2,1.047,2,1,2,0,0
2,0.989,2,0,2,0,0
3,0.621,2,2,2,0,1
3,0.673,2,1,2,0,0
3,0.915,1,0,1,0,0
3,0.714,1,2,1,0,0
3,0.756,0,1,0,0,0
3,0.612,2,2,2,0,1
3,0.66,1,1,1,0,1
3,0.828,2,0,2,0,0
3,1.21,0,0,0,0,1
3,0.743,2,1,2,0,0
3,0.724,0,2,0,0,0
3,0.63,2,2,2,0,1
3,0.694,0,0,0,0,1
3,0.847,0,0,0,0,1
3,0.757,2,0,2,0,0
3,1.375,2,0,2,0,0
3,0.975,1,0,1,0,0
3,0.533,1,1,1,0,1
3,0.972,0,0,0,0,1
3,0.739,2,2,2,0,1
3,0.772,2,2,2,0,1
3,0.707,1,1,1,0,1
3,0.983,0,0,0,0,1
3,0.599,2,0,2,0,0
3,1.051,0,1,0,0,0
3,0.751,0,0,0,0,1
3,0.921,2,2,2,0,1
3,1.26,1,1,1,0,1
3,1.077,0,1,0,0,0
3,0.936,1,2,1,0,0
3,0.922,2,2,2,0,1
3,0.849,0,0,0,0,1
3,0.771,0,0,0,0,1
3,0.947,0,2,0,0,0
3,0.836,2,2,2,0,1
3,0.776,1,0,1,0,0
3,0.731,2,0,2,0,0
3,0.533,2,2,2,0,1
3,0.539,2,2,2,0,1
3,1.369,2,2,2,0,1
3,0.66,2,2,2,0,1
3,0.97,1,0,1,0,0
3,0.883,0,2,0,0,0
3,0.769,1,1,1,0,1
3,0.702,1,0,1,0,0
3,0.711,1,2,1,0,0
3,1.21,0,0,0,0,1
3,0.751,2,0,2,0,0
3,0.68,0,0,0,0,1
3,0.611,0,2,0,0,0
3,0.803,1,1,1,0,1
3,0.692,0,0,0,0,1
3,1.153,0,2,0,0,0
3,0.902,2,1,2,0,0
3,0.722,0,0,0,0,1
3,0.713,0,0,0,0,1
3,0.683,2,2,2,0,1
3,1.211,2,1,2,0,0
3,0.759,2,1,2,0,0
3,0.946,1,2,1,0,0
3,0.656,1,1,1,0,1
3,0.604,1,1,1,0,1
3,1.081,1,0,1,0,0
3,1.004,0,1,0,0,0
3,0.731,1,1,1,0,1
3,0.825,1,1,1,0,1
3,0.468,1,1,1,0,1
3,1.195,2,0,2,0,0
3,0.857,0,1,0,0,0
3,0.822,2,1,2,0,0
3,0.929,0,0,0,0,1
3,0.854,1,0,1,0,0
3,0.553,1,1,1,0,1
3,0.544,1,1,1,0,1
3,1.12,0,1,0,0,0
3,1.011,1,2,1,0,0
3,1.261,0,1,0,0,0
3,0.766,0,2,0,0,0
3,0.751,0,2,0,0,0
3,0.722,2,0,2,0,0
3,0.699,2,2,2,0,1
3,0.565,1,2,1,0,0
3,0.907,2,2,2,0,1
3,0.545,0,2,0,0,0
3,0.572,0,0,0,0,1
3,0.531,1,1,1,0,1
3,0.673,1,2,1,0,0
3,0.531,2,2,2,0,1
3,0.736,2,1,2,0,0
3,0.876,1,0,1,0,0
3,0.576,1,1,1,0,1
3,0.493,1,2,1,0,0
3,0.703,0,1,0,0,0
3,0.711,1,1,1,0,1
4,0.521,0,0,0,0,1
4,0.589,0,0,0,0,1
4,0.619,2,2,2,0,1
4,0.776,0,0,0,0,1
4,0.522,2,2,2,0,1
4,0.492,2,2,2,0,1
4,0.475,1,1,1,0,1
4,0.744,0,2,0,0,0
4,0.597,1,1,1,0,1
4,0.534,1,2,1,0,0
4,0.462,1,0,1,0,0
4,0.628,0,0,0,0,1
4,0.477,2,2,2,0,1
4,0.592,1,1,1,0,1
4,0.653,0,2,0,0,0
4,0.576,0,0,0,0,1
4,0.572,2,0,2,0,0
4,0.5,2,2,2,0,1
4,0.525,2,1,2,0,0
4,0.539,1,1,1,0,1
4,0.554,1,1,1,0,1
4,0.644,0,1,0,0,0
4,0.667,2,1,2,0,0
4,0.617,2,2,2,0,1
4,0.906,1,2,1,0,0
4,0.8,0,0,0,0,1
4,0.639,2,0,2,0,0
4,0.478,1,1,1,0,1
4,0.56,2,2,2,0,1
4,0.514,1,0,1,0,0
4,0.495,1,2,2,0,0
4,0.58,1,1,1,0,1
4,0.734,1,1,1,0,1
4,0.619,0,0,0,0,1
4,0.568,1,1,1,0,1
4,0.857,0,1,0,0,0
4,0.464,0,0,0,0,1
4,0.506,2,2,2,0,1
4,0.638,0,0,0,0,1
4,0.446,0,0,0,0,1
4,0.613,1,0,1,0,0
4,0.754,0,1,0,0,0
4,0.971,1,0,1,0,0
4,0.537,2,2,2,0,1
4,0.464,2,2,2,0,1
4,0.831,2,0,2,0,0
4,0.664,0,0,0,0,1
4,0.874,0,2,0,0,0
4,0.594,1,0,1,0,0
4,0.732,0,2,0,0,0
4,0.749,0,1,0,0,0
4,0.688,2,1,2,0,0
4,0.536,2,1,2,0,0
4,0.417,2,2,2,0,1
4,0.598,0,0,0,0,1
4,0.488,0,0,0,0,1
4,0.577,1,1,1,0,1
4,0.42,1,2,1,0,0
4,0.953,0,2,0,0,0
4,0.52,2,2,2,0,1
4,0.937,2,0,2,0,0
4,0.474,0,2,0,0,0
4,0.768,1,0,1,0,0
4,0.647,1,1,1,0,1
4,0.526,0,0,0,0,1
4,1.098,1,2,1,0,0
4,1.02,2,0,2,0,0
4,0.543,2,2,2,0,1
4,0.798,0,2,0,0,0
4,0.564,1,1,1,0,1
4,0.73,1,2,1,0,0
4,0.562,0,0,0,0,1
4,0.855,2,1,2,0,0
4,0.617,1,1,1,0,1
4,0.483,1,2,1,0,0
4,0.77,2,0,2,0,0
4,0.849,1,0,1,0,0
4,0.699,0,1,0,0,0
4,0.603,1,1,1,0,1
4,0.692,2,1,2,0,0
4,0.855,0,1,0,0,0
4,1.083,2,0,2,0,0
4,0.896,0,1,0,0,0
4,0.67,2,0,2,0,0
4,0.527,1,1,1,0,1
4,0.461,2,2,2,0,1
4,0.42,2,1,2,0,0
4,0.667,1,2,1,0,0
4,0.507,0,0,0,0,1
4,0.528,1,1,1,0,1
4,0.706,0,1,0,0,0
4,0.525,2,2,2,0,1
4,0.671,1,0,1,0,0
4,0.57,0,2,0,0,0
4,0.825,2,1,2,0,0
4,0.469,2,2,2,0,1
5,0.773,2,2,2,0,1
5,0.687,0,0,0,0,1
5,0.81,2,2,2,0,1
5,0.652,2,2,2,0,1
5,0.736,0,2,0,0,0
5,0.906,1,2,1,0,0
5,0.709,1,1,1,0,1
5,1.176,2,0,2,0,0
5,0.866,1,1,1,0,1
5,0.58,1,1,1,0,1
5,1.023,2,2,2,0,1
5,1.331,1,2,1,0,0
5,0.686,0,1,0,0,0
5,0.863,1,1,1,0,1
5,0.674,2,2,2,0,1
5,0.797,1,0,1,0,0
5,0.76,2,1,2,0,0
5,0.722,2,0,2,0,0
5,0.541,2,2,2,0,1
5,1.176,0,2,0,0,0
5,0.763,2,1,2,0,0
5,1.078,1,2,1,0,0
5,0.657,1,2,1,0,0
5,0.828,0,0,0,0,1
5,0.767,1,1,1,0,1
5,1.106,1,2,1,0,0
5,1.085,2,2,2,0,1
5,0.768,0,2,0,0,0
5,0.819,1,1,1,0,1
5,0.83,0,1,0,0,0
5,0.689,0,0,0,0,1
5,1.068,1,0,2,0,0
5,0.919,2,1,2,0,0
5,0.825,2,0,2,0,0
5,0.804,0,2,0,0,0
5,1.143,2,2,2,0,1
5,0.754,0,0,0,0,1
5,0.9,2,0,2,0,0
5,0.887,1,1,1,0,1
5,1.064,1,2,1,0,0
5,0.898,0,1,0,0,0
5,0.749,0,0,0,0,1
5,0.92,2,2,2,0,1
5,0.971,0,2,0,0,0
5,1.206,2,0,2,0,0
5,0.548,2,2,2,0,1
5,0.647,0,1,0,0,0
5,0.802,1,1,1,0,1
5,0.813,0,1,0,0,0
5,0.831,1,0,1,0,0
5,0.691,1,1,1,0,1
5,1.15,2,2,2,0,1
5,0.897,2,0,2,0,0
5,1.004,1,0,1,0,0
5,0.71,2,2,2,0,1
5,0.977,0,0,0,0,1
5,0.884,1,1,1,0,1
5,0.855,1,0,1,0,0
5,0.986,2,0,2,0,0
5,0.573,2,2,2,0,1
5,1.151,0,0,0,0,1
5,1.045,1,0,1,0,0
5,1.064,2,1,2,0,0
5,0.755,0,0,0,0,1
5,0.742,1,1,1,0,1
5,0.665,1,1,1,0,1
5,0.637,1,1,1,0,1
5,1.151,0,2,0,0,0
5,1.154,1,2,1,0,0
5,1.044,1,0,1,0,0
5,0.927,0,2,0,0,0
5,0.626,2,2,2,0,1
5,0.805,0,1,0,0,0
5,0.64,0,0,0,0,1
5,0.779,2,1,2,0,0
5,0.71,0,0,0,0,1
5,0.889,0,2,0,0,0
5,0.679,0,0,1,0,1
5,0.554,0,0,0,0,1
5,0.869,0,1,0,0,0
5,0.6,2,2,2,0,1
5,0.643,1,1,1,0,1
5,0.781,1,0,1,0,0
5,0.647,0,1,0,0,0
5,0.435,0,0,0,0,1
5,0.59,2,0,0,0,0
5,0.609,0,0,0,0,1
5,1.068,1,2,1,0,0
5,0.75,0,0,0,0,1
5,0.745,1,1,1,0,1
5,0.747,0,0,0,0,1
5,1.079,2,1,2,0,0
5,0.865,1,1,1,0,1
6,0.755,1,2,1,0,0
6,0.685,0,0,0,0,1
6,0.774,1,0,1,0,0
6,0.43,2,2,2,0,1
6,0.429,1,1,2,0,1
6,0.546,1,1,1,0,1
6,0.568,2,2,2,0,1
6,0.633,1,1,1,0,1
6,0.659,1,1,1,0,1
6,0.411,0,0,0,0,1
6,0.655,2,1,2,0,0
6,0.688,2,0,2,0,0
6,0.931,1,2,1,0,0
6,0.683,2,1,2,0,0
6,0.676,2,1,2,0,0
6,0.886,2,0,2,0,0
6,0.886,1,1,1,0,1
6,1.043,1,2,1,0,0
6,0.668,2,1,2,0,0
6,0.774,1,1,1,0,1
6,0.456,0,0,0,0,1
6,0.811,0,1,0,0,0
6,0.578,0,0,0,0,1
6,1.035,1,0,1,0,0
6,0.747,2,1,2,0,0
6,0.718,2,0,2,0,0
6,0.665,2,2,2,0,1
6,0.534,0,0,0,0,1
6,0.503,2,2,2,0,1
6,0.766,1,1,1,0,1
6,0.669,1,2,1,0,0
6,0.851,1,0,1,0,0
6,1.201,2,2,2,0,1
6,0.614,0,1,0,0,0
6,0.591,2,1,2,0,0
6,0.751,0,0,0,0,1
6,0.511,0,0,0,0,1
6,0.505,0,0,0,0,1
6,0.438,0,0,0,0,1
6,0.434,2,2,2,0,1
6,0.625,0,0,0,0,1
6,0.695,0,2,0,0,0
6,0.694,2,1,2,0,0
6,0.614,0,0,0,0,1
6,0.717,1,2,1,0,0
6,0.655,2,0,2,0,0
6,0.549,1,2,2,0,0
6,0.664,1,1,1,0,1
6,0.605,0,1,0,0,0
6,0.563,0,0,0,0,1
6,0.847,1,1,1,0,1
6,0.808,1,1,1,0,1
6,0.669,0,2,0,0,0
6,0.723,0,2,0,0,0
6,0.759,2,2,2,0,1
6,0.973,0,1,0,0,0
6,0.624,1,1,1,0,1
6,0.618,0,0,0,0,1
6,0.778,1,0,1,0,0
6,0.547,2,2,2,0,1
6,0.532,0,0,0,0,1
6,0.829,0,2,0,0,0
6,0.484,0,0,0,0,1
6,0.691,1,1,1,0,1
6,0.815,0,2,0,0,0
6,0.697,2,0,2,0,0
6,0.465,2,2,2,0,1
6,0.945,1,0,1,0,0
6,1.202,0,2,0,0,0
6,0.759,1,0,1,0,0
6,0.464,1,1,1,0,1
6,0.547,0,0,0,0,1
6,1.052,1,0,1,0,0
6,0.968,1,2,1,0,0
6,0.643,2,2,2,0,1
6,0.7,2,0,2,0,0
6,0.559,0,2,0,0,0
6,0.804,0,1,0,0,0
6,0.614,0,2,0,0,0
6,0.895,1,0,1,0,0
6,0.734,0,1,0,0,0
6,0.7,2,2,2,0,1
6,0.568,2,2,2,0,1
6,0.544,2,2,2,0,1
6,0.795,2,0,2,0,0
6,0.674,1,2,2,0,0
6,1.001,2,1,2,0,0
6,0.732,0,1,0,0,0
6,0.745,2,0,2,0,0
6,0.709,1,1,1,0,1
6,1.059,1,1,1,0,1
6,0.901,2,2,2,0,1
6,0.744,2,2,2,0,1
6,0.795,2,2,2,0,1
6,1.012,1,1,1,0,1
7,0.562,0,0,0,0,1
7,0.626,1,1,1,0,1
7,0.858,0,2,0,0,0
7,0.66,0,1,1,0,0
7,0.57,2,2,2,0,1
7,0.53,0,1,0,0,0
7,0.889,2,0,2,0,0
7,0.602,2,2,2,0,1
7,0.831,2,0,2,0,0
7,0.559,1,1,1,0,1
7,0.624,2,1,2,0,0
7,0.874,1,1,1,0,1
7,0.393,0,0,0,0,1
7,0.626,2,0,2,0,0
7,0.619,0,0,0,0,1
7,0.653,2,1,1,0,0
7,0.62,0,0,0,0,1
7,1.116,1,1,0,0,1
7,0.974,2,1,2,0,0
7,1.076,0,2,0,0,0
7,0.868,2,1,2,0,0
7,0.539,1,1,1,0,1
7,0.765,0,2,0,0,0
7,0.852,0,1,0,0,0
7,0.901,0,2,0,0,0
7,0.686,0,0,0,0,1
7,0.817,2,1,2,0,0
7,1.014,0,0,0,0,1
7,1.081,1,1,0,0,1
7,0.497,1,1,1,0,1
7,0.531,0,1,0,0,0
7,0.85,1,1,1,0,1
7,0.874,2,0,2,0,0
7,1.117,0,0,0,0,1
7,0.876,2,2,2,0,1
7,0.811,2,2,2,0,1
7,0.571,1,1,1,0,1
7,0.964,1,0,1,0,0
7,0.529,0,0,0,0,1
7,0.6,1,1,1,0,1
7,0.751,1,0,1,0,0
7,1.025,0,0,0,0,1
7,1.08,1,0,1,0,0
7,0.593,2,0,2,0,0
7,0.596,0,0,0,0,1
7,0.729,1,2,1,0,0
7,0.552,2,2,2,0,1
7,0.626,0,1,0,0,0
7,0.661,2,0,2,0,0
7,0.643,1,0,1,0,0
7,0.523,2,2,2,0,1
7,0.691,0,0,0,0,1
7,0.815,1,1,1,0,1
7,1.261,1,2,1,0,0
7,0.404,1,1,1,0,1
7,0.716,2,2,2,0,1
7,0.758,0,0,0,0,1
7,0.604,2,2,2,0,1
7,0.995,2,2,2,0,1
7,0.683,1,2,1,0,0
7,0.789,2,2,2,0,1
7,0.379,1,0,1,0,0
7,0.571,0,0,0,0,1
7,0.948,1,0,1,0,0
7,0.63,2,2,2,0,1
7,0.525,2,2,2,0,1
7,0.622,0,2,0,0,0
7,0.968,2,1,2,0,0
7,0.567,1,1,1,0,1
7,0.791,0,1,0,0,0
7,0.775,2,1,2,0,0
7,0.97,1,2,1,0,0
7,1.041,2,0,2,0,0
7,0.817,0,2,0,0,0
7,0.762,2,0,2,0,0
7,0.805,0,1,1,0,0
7,0.595,0,1,0,0,0
7,0.713,1,2,1,0,0
7,0.633,2,2,2,0,1
7,0.963,1,0,1,0,0
7,0.803,2,2,2,0,1
7,0.883,1,2,1,0,0
7,0.676,1,0,1,0,0
7,0.653,0,0,0,0,1
7,1.269,2,1,2,0,0
7,0.782,1,2,1,0,0
7,0.936,2,2,2,0,1
7,0.974,0,2,0,0,0
7,0.599,0,0,0,0,1
7,0.48,1,1,1,0,1
7,0.633,1,1,1,0,1
7,0.84,1,2,1,0,0
7,0.481,0,0,0,0,1
7,0.594,1,1,1,0,1
7,0.589,0,2,0,0,0
8,0.785,1,0,1,0,0
8,0.57,0,0,0,0,1
8,0.907,1,0,1,0,0
8,0.964,2,0,2,0,0
8,0.762,0,2,0,0,0
8,0.682,2,2,2,0,1
8,0.546,2,2,2,0,1
8,0.787,1,0,1,0,0
8,0.811,0,2,0,0,0
8,0.692,0,0,0,0,1
8,0.629,1,1,1,0,1
8,0.533,0,0,0,0,1
8,0.594,1,1,1,0,1
8,0.591,0,0,0,0,1
8,0.863,1,1,1,0,1
8,0.556,1,1,1,0,1
8,1.06,1,2,1,0,0
8,0.82,1,1,1,0,1
8,0.765,0,2,0,0,0
8,0.561,0,0,0,0,1
8,0.561,1,1,1,0,1
8,1.02,1,2,1,0,0
8,0.588,0,0,0,0,1
8,1.021,0,2,1,0,0
8,0.83,2,0,2,0,0
8,0.884,1,2,1,0,0
8,0.829,0,2,0,0,0
8,0.598,1,1,1,0,1
8,0.719,2,1,2,0,0
8,0.937,0,1,0,0,0
8,0.888,1,0,1,0,0
8,0.762,2,2,2,0,1
8,0.74,0,0,0,0,1
8,0.548,0,0,0,0,1
8,0.766,2,0,2,0,0
8,0.829,0,2,0,0,0
8,0.808,0,1,0,0,0
8,0.742,2,0,2,0,0
8,1.078,2,1,2,0,0
8,0.685,2,2,2,0,1
8,0.492,0,1,0,0,0
8,0.669,1,2,1,0,0
8,1.06,2,1,2,0,0
8,0.693,2,2,2,0,1
8,0.613,1,1,1,0,1
8,0.523,2,2,2,0,1
8,0.607,1,1,1,0,1
8,0.998,2,1,2,0,0
8,0.79,2,2,2,0,1
8,1.008,1,0,1,0,0
8,0.793,1,2,1,0,0
8,1.187,1,1,1,0,1
8,1.051,2,0,2,0,0
8,0.795,1,1,2,0,1
8,1.018,1,2,1,0,0
8,0.948,2,0,2,0,0
8,0.653,0,0,0,0,1
8,0.87,1,0,1,0,0
8,1.001,0,0,0,0,1
8,0.662,0,0,0,0,1
8,0.841,1,0,1,0,0
8,0.849,2,1,2,0,0
8,0.538,2,2,2,0,1
8,0.94,0,1,0,0,0
8,0.937,2,0,2,0,0
8,0.839,0,0,0,0,1
8,0.53,0,0,0,0,1
8,0.636,2,2,2,0,1
8,0.733,2,2,2,0,1
8,1.173,1,2,1,0,0
8,0.741,2,2,2,0,1
8,0.525,0,1,0,0,0
8,0.567,0,2,0,0,0
8,0.607,2,2,2,0,1
8,0.79,0,1,0,0,0
8,0.709,0,0,0,0,1
8,0.559,0,0,0,0,1
8,0.719,1,1,1,0,1
8,0.585,2,2,2,0,1
8,0.634,0,0,0,0,1
8,0.645,1,1,1,0,1
8,0.555,2,2,2,0,1
8,0.514,2,2,2,0,1
8,0.636,1,1,1,0,1
8,0.915,2,0,2,0,0
8,0.642,2,2,2,0,1
8,0.779,1,2,1,0,0
8,1.22,0,1,0,0,0
8,1.128,0,1,0,0,0
8,0.699,2,1,2,0,0
8,0.793,0,2,0,0,0
8,0.657,1,1,1,0,1
8,0.842,1,0,1,0,0
8,0.533,1,1,1,0,1
9,0.799,0,2,0,0,0
9,0.672,2,2,2,0,1
9,0.604,2,2,2,0,1
9,0.616,1,1,1,0,1
9,0.588,1,1,1,0,1
9,0.646,2,1,2,0,0
9,0.487,2,0,2,0,0
9,0.718,1,0,1,0,0
9,0.639,1,2,1,0,0
9,0.686,2,0,2,0,0
9,0.737,1,1,1,0,1
9,0.551,0,0,0,0,1
9,0.629,1,1,1,0,1
9,0.877,0,1,0,0,0
9,0.589,0,2,0,0,0
9,0.662,2,0,2,0,0
9,0.484,2,2,2,0,1
9,0.544,0,1,0,0,0
9,0.608,2,1,2,0,0
9,0.548,0,0,0,0,1
9,0.75,1,0,1,0,0
9,0.503,0,0,0,0,1
9,0.449,0,0,0,0,1
9,0.825,2,0,2,0,0
9,0.443,2,2,2,0,1
9,0.965,0,0,0,0,1
9,0.669,0,1,0,0,0
9,0.607,1,1,1,0,1
9,0.724,0,2,0,0,0
9,0.531,0,1,0,0,0
9,0.372,2,2,2,0,1
9,0.439,2,2,2,0,1
9,0.461,2,2,2,0,1
9,0.572,0,2,0,0,0
9,0.588,1,2,2,0,0
9,0.651,0,2,0,0,0
9,0.745,2,2,2,0,1
9,0.78,2,0,2,0,0
9,0.506,2,1,2,0,0
9,0.69,1,1,1,0,1
9,0.541,2,1,2,0,0
9,0.51,0,2,0,0,0
9,0.858,1,0,1,0,0
9,0.643,1,1,1,0,1
9,0.612,0,0,0,0,1
9,0.758,1,0,1,0,0
9,0.55,0,0,0,0,1
9,0.557,1,1,1,0,1
9,0.743,0,2,0,0,0
9,0.457,0,0,0,0,1
9,0.739,2,1,2,0,0
9,0.473,2,2,2,0,1
9,0.726,0,1,0,0,0
9,0.781,1,1,1,0,1
9,0.903,2,2,2,0,1
9,0.512,2,1,2,0,0
9,0.676,1,1,1,0,1
9,0.657,2,1,2,0,0
9,0.933,1,0,1,0,0
9,0.622,1,2,1,0,0
9,0.518,1,1,1,0,1
9,0.526,1,0,1,0,0
9,0.6,2,0,2,0,0
9,0.422,0,0,0,0,1
9,0.63,1,1,1,0,1
9,0.591,2,2,2,0,1
9,0.586,2,2,2,0,1
9,0.41,2,1,2,0,0
9,0.512,0,0,0,0,1
9,0.465,0,0,0,0,1
9,0.464,0,2,0,0,0
9,0.743,1,1,1,0,1
9,0.405,2,0,2,0,0
9,0.604,0,1,0,0,0
9,0.751,1,1,1,0,1
9,0.765,1,0,1,0,0
9,0.487,2,2,2,0,1
9,0.69,1,2,1,0,0
9,0.56,1,2,1,0,0
9,0.572,0,0,0,0,1
9,0.695,2,2,2,0,1
9,0.654,1,1,1,0,1
9,0.534,1,2,1,0,0
9,0.463,1,2,1,0,0
9,0.459,1,1,1,0,1
9,0.513,1,2,1,0,0
9,0.543,0,0,2,0,1
9,0.485,0,0,0,0,1
9,0.637,2,0,2,0,0
9,0.821,0,0,0,0,1
9,0.453,0,1,0,0,0
9,0.785,2,2,2,0,1
9,0.427,2,2,2,0,1
9,0.775,1,0,1,0,0
9,0.491,0,0,0,0,1
10,0.626,1,0,1,0,0
10,0.514,1,0,1,0,0
10,0.539,0,0,0,0,1
10,0.593,0,1,0,0,0
10,0.399,0,0,0,0,1
10,0.567,0,1,0,0,0
10,0.596,2,0,2,0,0
10,0.548,2,1,2,0,0
10,0.439,0,0,0,0,1
10,0.974,2,0,2,0,0
10,0.557,1,1,1,0,1
10,0.725,2,0,2,0,0
10,0.528,0,0,0,0,1
10,0.754,2,0,2,0,0
10,0.584,2,2,2,0,1
10,0.463,0,0,0,0,1
10,0.387,2,2,2,0,1
10,0.442,2,2,2,0,1
10,0.407,0,0,0,0,1
10,0.408,2,2,2,0,1
10,0.703,2,1,2,0,0
10,0.599,1,2,1,0,0
10,0.454,0,0,0,0,1
10,0.818,2,0,2,0,0
10,0.445,2,2,2,0,1
10,0.683,1,1,1,0,1
10,0.505,1,1,1,0,1
10,0.747,2,0,2,0,0
10,0.5,1,1,1,0,1
10,0.734,2,0,2,0,0
10,0.5,1,1,1,0,1
10,0.709,0,1,0,0,0
10,0.499,0,0,0,0,1
10,0.469,0,0,0,0,1
10,0.768,1,2,1,0,0
10,0.563,2,0,2,0,0
10,0.942,0,0,0,0,1
10,1.049,2,2,2,0,1
10,0.883,2,1,2,0,0
10,0.745,0,2,0,0,0
10,0.986,2,2,2,0,1
10,0.7,1,1,1,0,1
10,1.1,1,2,1,0,0
10,0.751,2,1,2,0,0
10,0.867,1,0,1,0,0
10,0.892,1,2,1,0,0
10,0.657,1,1,1,0,1
10,0.894,0,2,0,0,0
10,0.71,2,2,2,0,1
10,0.46,2,2,2,0,1
10,0.739,1,0,1,0,0
10,0.484,2,2,2,0,1
10,0.571,1,2,1,0,0
10,0.679,0,2,0,0,0
10,0.84,0,2,0,0,0
10,0.743,0,1,0,0,0
10,0.526,1,1,1,0,1
10,0.604,2,2,2,0,1
10,0.528,0,0,0,0,1
10,0.809,0,0,0,0,1
10,0.77,0,0,0,0,1
10,0.695,1,2,1,0,0
10,0.632,2,1,2,0,0
10,0.58,2,2,2,0,1
10,0.472,2,2,2,0,1
10,0.495,1,1,1,0,1
10,0.411,1,1,2,0,1
10,0.688,0,1,0,0,0
10,0.74,1,0,1,0,0
10,0.694,0,1,0,0,0
10,0.489,1,1,1,0,1
10,1.076,1,1,1,0,1
10,0.664,1,2,1,0,0
10,0.634,0,1,0,0,0
10,0.709,1,0,1,0,0
10,0.759,0,2,0,0,0
10,0.785,2,2,2,0,1
10,0.556,0,2,0,0,0
10,0.598,0,0,0,0,1
10,0.673,0,1,0,0,0
10,0.935,1,0,1,0,0
10,0.737,2,1,2,0,0
10,0.877,1,1,1,0,1
10,0.867,1,1,1,0,1
10,0.69,1,0,1,0,0
10,0.712,0,2,0,0,0
10,0.734,2,2,2,0,1
10,0.662,1,1,1,0,1
10,0.498,0,0,0,0,1
10,0.447,0,0,0,0,1
10,0.94,2,1,2,0,0
10,0.571,1,1,1,0,1
10,1.016,0,2,0,0,0
10,1.17,2,1,2,0,0
10,0.62,2,2,2,0,1
10,0.744,1,2,1,0,0
11,0.419,0,0,0,0,1
11,0.699,2,1,2,0,0
11,0.547,0,0,0,0,1
11,0.412,1,0,1,0,0
11,0.538,1,0,1,0,0
11,0.502,2,2,2,0,1
11,0.419,2,0,2,0,0
11,0.713,2,2,2,0,1
11,0.549,2,1,2,0,0
11,0.515,1,1,1,0,1
11,0.683,2,1,2,0,0
11,0.667,0,1,0,0,0
11,0.513,0,0,0,0,1
11,0.56,2,2,2,0,1
11,0.822,1,0,1,0,0
11,0.547,1,1,1,0,1
11,0.522,2,2,2,0,1
11,0.729,0,2,0,0,0
11,0.535,1,1,1,0,1
11,0.834,2,0,2,0,0
11,0.823,1,2,1,0,0
11,0.759,2,1,2,0,0
11,0.59,0,0,0,0,1
11,0.593,0,0,0,0,1
11,0.606,2,2,2,0,1
11,0.605,0,0,0,0,1
11,0.486,2,2,2,0,1
11,0.462,1,0,1,0,0
11,0.741,1,2,1,0,0
11,0.67,0,2,0,0,0
11,0.572,0,2,0,0,0
11,0.687,1,2,1,0,0
11,0.625,2,2,2,0,1
11,0.573,1,1,1,0,1
11,0.652,2,2,2,0,1
11,0.572,2,1,2,0,0
11,0.611,1,1,1,0,1
11,0.948,0,0,0,0,1
11,0.667,0,0,0,0,1
11,0.456,0,0,0,0,1
11,0.716,1,1,1,0,1
11,0.689,1,0,1,0,0
11,0.586,0,0,0,0,1
11,0.818,1,1,1,0,1
11,0.666,0,0,0,0,1
11,0.571,1,1,1,0,1
11,0.495,1,2,1,0,0
11,0.685,2,2,2,0,1
11,0.573,2,0,2,0,0
11,0.525,1,1,1,0,1
11,0.69,0,1,0,0,0
11,0.539,0,1,0,0,0
11,0.802,2,1,2,0,0
11,0.855,1,2,1,0,0
11,0.624,0,0,0,0,1
11,0.6,2,0,2,0,0
11,0.566,1,1,1,0,1
11,0.565,0,0,0,0,1
11,0.717,1,1,1,0,1
11,0.709,1,2,1,0,0
11,0.605,0,1,0,0,0
11,0.886,0,0,0,0,1
11,0.893,2,1,2,0,0
11,0.655,1,1,1,0,1
11,0.897,0,1,0,0,0
11,0.554,0,0,0,0,1
11,0.586,1,1,1,0,1
11,0.713,0,2,0,0,0
11,0.608,2,2,2,0,1
11,0.464,0,2,0,0,0
11,0.846,0,1,0,0,0
11,0.726,2,2,2,0,1
11,0.618,1,0,1,0,0
11,0.466,0,1,0,0,0
11,0.506,2,2,2,0,1
11,0.61,1,2,1,0,0
11,0.769,2,1,2,0,0
11,0.561,2,2,2,0,1
11,0.469,1,0,1,0,0
11,0.572,1,1,1,0,1
11,0.59,0,2,0,0,0
11,0.629,0,2,0,0,0
11,0.52,2,0,2,0,0
11,0.801,0,2,0,0,0
11,0.526,2,2,2,0,1
11,0.694,2,0,2,0,0
11,0.596,0,0,0,0,1
11,0.711,1,1,1,0,1
11,0.612,2,2,2,0,1
11,0.691,1,1,1,0,1
11,0.684,2,0,2,0,0
11,0.517,2,2,2,0,1
11,0.5,2,0,2,0,0
11,0.686,1,2,1,0,0
11,0.701,1,0,1,0,0
11,0.652,0,1,0,0,0
12,0.667,2,2,2,0,1
12,0.618,2,1,2,0,0
12,1.034,1,2,1,0,0
12,0.641,2,2,2,0,1
12,0.656,2,2,2,0,1
12,0.632,1,0,1,0,0
12,0.647,1,2,1,0,0
12,0.623,2,2,2,0,1
12,0.861,2,1,2,0,0
12,0.533,2,2,2,0,1
12,0.709,1,1,1,0,1
12,0.509,1,1,1,0,1
12,0.517,0,1,0,0,0
12,0.828,2,0,2,0,0
12,0.956,0,2,0,0,0
12,0.762,0,1,0,0,0
12,0.49,0,2,0,0,0
12,0.737,1,1,1,0,1
12,0.673,0,0,0,0,1
12,0.561,0,0,0,0,1
12,0.712,1,2,1,0,0
12,0.721,2,2,2,0,1
12,0.503,2,2,2,0,1
12,0.502,1,1,1,0,1
12,0.485,1,0,1,0,0
12,0.524,1,1,1,0,1
12,0.755,0,2,0,0,0
12,0.586,2,0,2,0,0
12,0.698,1,1,1,0,1
12,0.627,1,1,1,0,1
12,0.49,1,0,1,0,0
12,0.466,0,1,0,0,0
12,0.585,1,1,1,0,1
12,0.77,0,1,0,0,0
12,0.786,0,1,0,0,0
12,0.81,1,0,1,0,0
12,0.563,0,0,0,0,1
12,1.051,1,2,1,0,0
12,0.562,0,0,0,0,1
12,0.639,1,0,1,0,0
12,0.804,1,2,1,0,0
12,0.531,1,1,1,0,1
12,0.555,2,2,2,0,1
12,0.723,2,0,2,0,0
12,0.626,2,0,2,0,0
12,0.562,1,1,1,0,1
12,0.515,1,1,1,0,1
12,0.706,2,0,2,0,0
12,0.666,2,2,2,0,1
12,0.443,2,2,2,0,1
12,0.466,2,2,2,0,1
12,0.619,0,2,0,0,0
12,0.474,0,0,0,0,1
12,0.585,1,0,1,0,0
12,0.577,0,0,0,0,1
12,0.992,2,1,2,0,0
12,0.473,1,2,1,0,0
12,0.657,2,0,2,0,0
12,0.591,2,1,2,0,0
12,0.639,1,1,1,0,1
12,0.469,2,2,2,0,1
12,0.645,0,0,0,0,1
12,0.757,2,1,2,0,0
12,1.078,1,2,1,0,0
12,0.438,1,2,1,0,0
12,0.43,1,1,1,0,1
12,0.614,2,2,2,0,1
12,0.549,1,1,1,0,1
12,0.653,2,0,2,0,0
12,1.085,2,1,2,0,0
12,0.669,0,0,0,0,1
12,0.661,2,2,2,0,1
12,0.453,2,2,2,0,1
12,0.531,1,1,1,0,1
12,0.61,2,0,2,0,0
12,0.554,0,0,0,0,1
12,0.881,0,2,0,0,0
12,0.456,0,0,0,0,1
12,0.512,2,2,2,0,1
12,0.424,1,0,1,0,0
12,0.68,0,2,0,0,0
12,0.712,0,2,0,0,0
12,0.752,2,1,2,0,0
12,0.615,0,0,0,0,1
12,0.534,0,0,0,0,1
12,0.518,1,1,1,0,1
12,0.509,0,0,0,0,1
12,0.684,2,1,2,0,0
12,0.772,0,1,0,0,0
12,0.54,0,1,0,0,0
12,0.612,0,1,0,0,0
12,0.546,0,0,0,0,1
12,0.417,0,0,0,0,1
12,0.447,0,0,0,0,1
12,1,1,0,1,0,0
13,0.771,2,2,2,0,1
13,0.384,1,1,1,0,1
13,0.402,1,1,1,0,1
13,0.43,1,1,1,0,1
13,0.666,2,2,2,0,1
13,0.904,1,0,1,0,0
13,1.193,2,2,2,0,1
13,0.405,1,1,1,0,1
13,0.771,1,2,1,0,0
13,0.952,1,0,1,0,0
13,0.623,0,0,0,0,1
13,1.003,1,2,1,0,0
13,0.608,1,1,1,0,1
13,0.652,1,1,1,0,1
13,0.616,1,0,0,0,0
13,0.615,1,1,1,0,1
13,0.515,1,1,1,0,1
13,0.483,2,1,2,0,0
13,0.904,2,2,2,0,1
13,0.341,0,0,0,0,1
13,1.237,2,1,2,0,0
13,0.673,0,0,0,0,1
13,1.04,1,1,1,0,1
13,0.736,0,2,0,0,0
13,0.653,1,2,1,0,0
13,1.116,1,0,1,0,0
13,0.69,1,2,1,0,0
13,1.002,0,1,0,0,0
13,0.705,2,1,2,0,0
13,1.203,0,2,0,0,0
13,1.078,2,0,2,0,0
13,0.758,2,1,2,0,0
13,0.397,2,2,2,0,1
13,0.663,0,2,0,0,0
13,0.699,2,0,2,0,0
13,0.615,1,0,1,0,0
13,1.025,2,2,2,0,1
13,1.404,1,2,2,0,0
13,0.778,2,2,2,0,1
13,0.835,2,2,2,0,1
13,0.561,0,2,0,0,0
13,0.78,2,1,2,0,0
13,0.851,1,1,1,0,1
13,0.706,2,2,2,0,1
13,1.103,1,2,2,0,0
13,1.003,0,1,0,0,0
13,0.794,1,0,1,0,0
13,0.738,2,2,2,0,1
13,0.751,1,1,1,0,1
13,0.611,1,1,1,0,1
13,0.588,0,0,0,0,1
13,0.68,2,2,2,0,1
13,1.03,0,1,0,0,0
13,0.555,0,0,0,0,1
13,0.788,2,2,2,0,1
13,0.431,2,0,2,0,0
13,0.569,2,0,2,0,0
13,0.738,0,2,0,0,0
13,0.658,0,1,0,0,0
13,0.642,0,0,0,0,1
13,0.522,0,0,0,0,1
13,0.544,1,1,2,0,1
13,0.722,2,0,2,0,0
13,0.723,0,1,0,0,0
13,1.252,2,1,2,0,0
13,0.998,2,1,2,0,0
13,0.5,2,2,2,0,1
13,0.532,0,0,0,0,1
13,0.575,0,0,0,0,1
13,0.472,0,0,0,0,1
13,0.575,1,1,1,0,1
13,0.423,1,1,1,0,1
13,0.442,0,0,0,0,1
13,0.38,2,2,2,0,1
13,0.93,0,2,0,0,0
13,0.795,2,0,2,0,0
13,0.579,0,0,0,0,1
13,0.755,2,0,2,0,0
13,1.186,0,1,0,0,0
13,0.58,1,1,1,0,1
13,0.614,0,1,0,0,0
13,0.548,0,0,0,0,1
13,0.525,0,0,0,0,1
13,0.894,1,2,1,0,0
13,0.684,2,2,2,0,1
13,1.104,1,0,0,0,0
13,0.699,1,0,1,0,0
13,0.397,1,2,1,0,0
13,0.677,0,1,0,0,0
13,0.429,2,2,2,0,1
13,0.501,2,1,2,0,0
13,0.522,0,2,0,0,0
13,0.602,0,2,0,0,0
13,0.485,0,0,0,0,1
13,0.546,0,0,0,0,1
14,0.859,2,0,2,0,0
14,0.837,1,2,1,0,0
14,0.556,0,1,0,0,0
14,1.112,2,0,2,0,0
14,0.683,2,2,2,0,1
14,0.675,1,1,1,0,1
14,1,0,2,0,0,0
14,0.588,0,0,0,0,1
14,1.208,1,0,1,0,0
14,0.704,1,2,1,0,0
14,0.562,1,1,1,0,1
14,0.625,2,1,2,0,0
14,0.484,2,0,2,0,0
14,0.633,0,0,0,0,1
14,0.511,0,0,0,0,1
14,0.706,2,2,2,0,1
14,0.7,0,0,0,0,1
14,0.787,0,2,2,0,0
14,0.669,0,0,0,0,1
14,0.851,1,2,1,0,0
14,0.61,1,1,1,0,1
14,0.742,1,0,1,0,0
14,0.669,1,1,1,0,1
14,0.615,0,2,0,0,0
14,1.028,1,0,1,0,0
14,0.691,2,1,2,0,0
14,0.719,1,1,1,0,1
14,0.86,1,2,1,0,0
14,0.972,2,2,2,0,1
14,0.937,1,0,1,0,0
14,1,2,2,2,0,1
14,0.894,0,2,0,0,0
14,0.678,1,1,1,0,1
14,0.65,1,1,1,0,1
14,0.704,2,2,2,0,1
14,0.931,1,0,1,0,0
14,0.64,1,1,1,0,1
14,0.704,2,2,2,0,1
14,0.675,0,1,0,0,0
14,0.997,2,1,2,0,0
14,0.842,2,2,2,0,1
14,0.673,0,0,0,0,1
14,1.156,2,0,2,0,0
14,0.672,1,1,1,0,1
14,0.658,0,0,0,0,1
14,0.658,2,2,2,0,1
14,0.61,2,2,2,0,1
14,0.627,0,1,0,0,0
14,1.083,2,1,2,0,0
14,0.64,2,2,2,0,1
14,0.652,0,2,0,0,0
14,0.514,1,1,1,0,1
14,0.486,1,0,1,0,0
14,0.578,2,0,2,0,0
14,0.755,1,1,1,0,1
14,0.581,0,1,0,0,0
14,0.922,0,1,0,0,0
14,0.605,0,2,0,0,0
14,0.652,1,0,1,0,0
14,0.489,1,2,1,0,0
14,0.709,0,0,0,0,1
14,0.671,2,1,2,0,0
14,0.655,0,0,0,0,1
14,0.763,0,1,0,0,0
14,0.615,0,0,0,0,1
14,0.634,1,1,1,0,1
14,0.541,2,1,2,0,0
14,0.949,0,1,0,0,0
14,0.635,0,0,0,0,1
14,0.735,2,2,2,0,1
14,0.573,1,1,1,0,1
14,0.665,0,2,0,0,0
14,0.674,0,0,0,0,1
14,0.703,2,2,2,0,1
14,0.891,1,2,1,0,0
14,0.736,0,0,0,0,1
14,0.689,0,0,0,0,1
14,0.828,2,1,2,0,0
14,0.926,2,0,2,0,0
14,0.763,1,2,1,0,0
14,0.813,1,1,1,0,1
14,0.687,0,0,0,0,1
14,0.636,2,2,2,0,1
14,0.712,1,1,1,0,1
14,0.505,0,0,0,0,1
14,0.624,2,0,2,0,0
14,0.593,1,1,1,0,1
14,0.888,2,1,2,0,0
14,0.937,0,1,0,0,0
14,1.11,2,0,2,0,0
14,0.536,1,0,1,0,0
14,0.742,2,2,2,0,1
14,0.891,0,2,0,0,0
14,0.717,2,2,2,0,1
14,0.624,2,2,2,0,1
15,0.597,0,1,0,0,0
15,0.791,2,1,2,0,0
15,0.505,2,2,2,0,1
15,0.955,1,1,1,0,1
15,0.635,0,1,0,0,0
15,0.533,0,0,0,0,1
15,0.982,1,2,1,0,0
15,0.616,1,0,1,0,0
15,0.737,2,2,2,0,1
15,0.595,2,0,2,0,0
15,0.725,2,1,2,0,0
15,0.927,1,1,1,0,1
15,0.769,0,0,0,0,1
15,0.523,1,2,1,0,0
15,0.733,0,0,0,0,1
15,0.583,0,0,0,0,1
15,0.641,2,0,2,0,0
15,0.426,1,2,1,0,0
15,0.548,0,2,0,0,0
15,0.407,1,1,1,0,1
15,0.864,1,0,1,0,0
15,0.634,2,0,2,0,0
15,0.683,1,0,1,0,0
15,0.589,0,0,0,0,1
15,0.799,2,1,2,0,0
15,1.034,0,2,0,0,0
15,0.772,1,0,1,0,0
15,0.726,0,2,0,0,0
15,0.815,0,2,0,0,0
15,0.882,2,2,1,0,1
15,0.619,2,0,2,0,0
15,0.525,2,2,2,0,1
15,0.983,1,1,1,0,1
15,0.402,0,1,0,0,0
15,0.748,2,1,2,0,0
15,0.654,0,0,0,0,1
15,1.152,1,1,2,0,1
15,0.617,1,0,1,0,0
15,0.81,2,2,2,0,1
15,0.651,0,1,0,0,0
15,0.764,2,2,2,0,1
15,1.038,1,1,1,0,1
15,0.616,0,0,0,0,1
15,0.962,1,1,1,0,1
15,1.117,1,2,1,0,0
15,0.734,2,0,2,0,0
15,0.774,1,1,1,0,1
15,0.928,2,0,2,0,0
15,1.098,2,2,2,0,1
15,0.9,2,2,2,0,1
15,0.718,2,2,2,0,1
15,0.688,1,1,1,0,1
15,0.731,0,0,0,0,1
15,0.78,0,2,0,0,0
15,0.758,0,0,0,0,1
15,0.623,0,1,0,0,0
15,0.61,0,1,0,0,0
15,0.955,1,1,1,0,1
15,0.844,0,0,0,0,1
15,0.974,2,0,2,0,0
15,1.207,0,1,0,0,0
15,0.593,2,1,2,0,0
15,0.619,2,0,2,0,0
15,0.861,1,1,1,0,1
15,0.943,0,0,0,0,1
15,0.521,2,2,2,0,1
15,0.715,0,2,0,0,0
15,0.918,1,0,1,0,0
15,0.569,1,1,1,0,1
15,0.579,0,0,0,0,1
15,1.157,2,1,2,0,0
15,0.966,1,2,1,0,0
15,0.544,1,1,1,0,1
15,0.602,1,2,1,0,0
15,0.46,2,2,2,0,1
15,0.734,1,0,1,0,0
15,0.712,1,0,1,0,0
15,0.619,0,0,0,0,1
15,0.516,1,1,1,0,1
15,0.583,1,2,1,0,0
15,0.76,2,2,2,0,1
15,0.722,1,1,1,0,1
15,0.572,1,1,1,0,1
15,0.567,0,0,0,0,1
15,0.537,0,0,0,0,1
15,0.691,1,2,1,0,0
15,0.565,0,0,0,0,1
15,0.895,0,2,0,0,0
15,0.553,2,1,2,0,0
15,0.588,2,1,2,0,0
15,0.709,0,1,0,0,0
15,0.688,2,2,2,0,1
15,0.513,2,2,2,0,1
15,0.451,2,2,2,0,1
15,0.453,2,2,2,0,1
15,0.688,0,2,0,0,0
16,0.526,1,1,1,0,1
16,0.474,0,1,0,0,0
16,0.693,1,0,1,0,0
16,0.537,1,2,1,0,0
16,0.493,1,2,1,0,0
16,0.503,0,1,0,0,0
16,0.586,1,1,1,0,1
16,0.581,0,2,0,0,0
16,0.583,0,2,0,0,0
16,0.497,1,1,1,0,1
16,0.51,0,0,0,0,1
16,0.457,0,0,0,0,1
16,0.595,2,1,2,0,0
16,0.54,1,1,1,0,1
16,0.462,0,1,0,0,0
16,0.473,2,2,2,0,1
16,0.541,0,0,0,0,1
16,0.463,1,0,1,0,0
16,0.451,1,1,1,0,1
16,0.437,1,1,1,0,1
16,0.513,2,2,2,0,1
16,0.716,1,2,1,0,0
16,0.495,1,1,1,0,1
16,0.441,1,1,1,0,1
16,0.411,0,2,0,0,0
16,0.479,0,0,0,0,1
16,0.667,2,1,2,0,0
16,0.502,2,0,2,0,0
16,0.704,0,0,0,0,1
16,0.465,0,0,0,0,1
16,0.46,0,0,0,0,1
16,0.663,1,2,1,0,0
16,0.48,1,1,1,0,1
16,0.547,0,2,0,0,0
16,0.51,2,1,2,0,0
16,0.625,1,2,1,0,0
16,0.541,0,0,0,0,1
16,0.464,0,0,0,0,1
16,0.547,1,0,1,0,0
16,0.644,2,0,2,0,0
16,0.62,1,1,1,0,1
16,0.56,0,1,0,0,0
16,0.627,1,1,1,0,1
16,0.584,0,0,0,0,1
16,0.555,1,1,1,0,1
16,0.556,2,2,2,0,1
16,0.574,2,0,2,0,0
16,0.497,2,0,2,0,0
16,0.749,0,1,0,0,0
16,0.448,2,2,1,0,1
16,0.426,2,2,2,0,1
16,0.438,2,2,2,0,1
16,0.681,1,2,2,0,0
16,0.43,1,0,1,0,0
16,0.594,2,2,2,0,1
16,0.628,2,1,2,0,0
16,0.559,0,0,0,0,1
16,0.494,1,1,1,0,1
16,0.544,0,1,0,0,0
16,0.596,0,1,0,0,0
16,0.563,2,2,2,0,1
16,0.582,1,1,1,0,1
16,0.512,2,2,2,0,1
16,0.475,2,2,2,0,1
16,0.399,2,2,2,0,1
16,0.41,2,2,2,0,1
16,0.459,2,2,2,0,1
16,0.534,1,1,1,0,1
16,0.426,0,0,0,0,1
16,0.507,1,0,1,0,0
16,0.488,2,1,2,0,0
16,0.459,1,2,1,0,0
16,0.478,1,1,1,0,1
16,0.561,1,2,1,0,0
16,0.508,0,0,0,0,1
16,0.432,0,0,0,0,1
16,0.612,1,0,1,0,0
16,0.535,2,1,2,0,0
16,0.503,2,1,2,0,0
16,0.634,0,1,0,0,0
16,0.472,2,2,2,0,1
16,0.539,0,2,0,0,0
16,0.403,1,0,1,0,0
16,0.399,2,1,2,0,0
16,0.456,2,0,2,0,0
16,0.48,2,0,2,0,0
16,0.567,2,2,2,0,1
16,0.649,0,2,0,0,0
16,0.517,2,0,2,0,0
16,0.617,0,2,0,0,0
16,0.492,0,0,0,0,1
16,0.472,0,2,0,0,0
16,0.634,2,2,2,0,1
16,0.452,2,0,2,0,0
16,0.544,0,0,0,0,1
17,0.789,2,2,2,0,1
17,0.879,1,0,1,0,0
17,0.984,0,0,0,0,1
17,0.851,0,1,0,0,0
17,0.836,2,0,2,0,0
17,0.886,0,2,0,0,0
17,0.863,2,0,2,0,0
17,0.682,0,1,0,0,0
17,0.978,0,2,0,0,0
17,0.764,0,0,0,0,1
17,0.977,0,2,0,0,0
17,0.603,0,0,0,0,1
17,0.758,1,1,1,0,1
17,0.888,2,0,2,0,0
17,0.819,1,1,1,0,1
17,0.716,0,0,0,0,1
17,0.808,0,0,0,0,1
17,1.236,1,2,1,0,0
17,0.821,1,1,1,0,1
17,0.743,2,2,2,0,1
17,0.977,2,0,2,0,0
17,0.765,1,1,1,0,1
17,0.766,0,2,0,0,0
17,1.201,2,1,2,0,0
17,0.837,2,0,2,0,0
17,0.649,0,0,0,0,1
17,0.564,0,0,0,0,1
17,0.518,0,0,0,0,1
17,0.569,2,2,2,0,1
17,0.509,2,2,2,0,1
17,0.925,0,1,0,0,0
17,0.664,1,1,1,0,1
17,0.869,0,2,0,0,0
17,0.831,0,1,0,0,0
17,0.817,1,0,1,0,0
17,0.571,0,0,0,0,1
17,0.934,2,1,2,0,0
17,0.784,1,1,1,0,1
17,0.827,2,1,2,0,0
17,0.755,2,0,2,0,0
17,0.837,2,2,2,0,1
17,0.68,1,1,1,0,1
17,0.523,1,1,1,0,1
17,0.885,0,2,0,0,0
17,0.873,2,2,2,0,1
17,0.93,1,0,1,0,0
17,1.294,2,1,2,0,0
17,0.777,0,1,0,0,0
17,0.804,1,2,1,0,0
17,0.678,2,2,2,0,1
17,0.729,0,2,0,0,0
17,0.589,1,1,1,0,1
17,1.225,1,2,1,0,0
17,0.786,2,2,2,0,1
17,0.886,0,1,0,0,0
17,0.855,2,2,2,0,1
17,0.837,1,0,1,0,0
17,0.654,2,2,2,0,1
17,0.642,1,1,1,0,1
17,0.849,2,0,2,0,0
17,0.667,0,0,0,0,1
17,0.956,1,2,1,0,0
17,1.232,1,0,1,0,0
17,0.803,2,0,2,0,0
17,0.703,1,1,1,0,1
17,1.257,1,0,1,0,0
17,0.837,0,0,0,0,1
17,0.68,2,2,2,0,1
17,0.74,1,0,1,0,0
17,0.94,2,1,2,0,0
17,0.751,1,2,1,0,0
17,0.77,0,0,0,0,1
17,0.782,2,1,1,0,0
17,0.727,0,0,0,0,1
17,0.945,1,2,1,0,0
17,0.891,1,0,1,0,0
17,0.935,1,2,1,0,0
17,0.866,2,1,2,0,0
17,0.805,0,1,0,0,0
17,0.703,2,2,2,0,1
17,0.587,0,0,0,0,1
17,0.67,2,2,2,0,1
17,0.632,2,1,2,0,0
17,0.699,1,1,1,0,1
17,0.76,2,2,2,0,1
17,0.834,1,1,1,0,1
17,0.524,2,2,2,0,1
17,0.495,0,0,0,0,1
17,0.779,0,2,0,0,0
17,0.668,1,1,1,0,1
17,0.544,2,2,2,0,1
17,0.699,1,1,1,0,1
17,0.446,0,1,0,0,0
17,0.574,1,1,0,0,1
17,1.096,1,2,1,0,0
17,1.003,0,0,0,0,1
18,0.535,1,2,1,0,0
18,0.54,0,2,0,0,0
18,0.52,1,1,1,0,1
18,0.464,2,2,2,0,1
18,0.801,1,0,1,0,0
18,0.421,0,0,0,0,1
18,0.404,2,0,2,0,0
18,0.656,0,1,0,0,0
18,0.569,0,2,0,0,0
18,0.512,0,1,0,0,0
18,0.533,2,1,2,0,0
18,0.502,2,2,2,0,1
18,0.482,2,2,2,0,1
18,0.526,2,2,2,0,1
18,0.59,0,0,0,0,1
18,0.453,2,2,2,0,1
18,0.626,1,1,1,0,1
18,0.651,1,2,1,0,0
18,0.549,2,2,2,0,1
18,0.755,1,1,1,0,1
18,0.624,1,1,1,0,1
18,0.6,1,0,1,0,0
18,0.585,2,2,2,0,1
18,0.698,1,1,1,0,1
18,0.475,1,2,1,0,0
18,0.656,1,0,1,0,0
18,0.618,0,2,0,0,0
18,0.705,1,2,1,0,0
18,0.621,1,0,1,0,0
18,0.625,0,2,0,0,0
18,0.585,0,0,0,0,1
18,0.654,1,0,1,0,0
18,0.684,0,0,0,0,1
18,0.551,0,0,0,0,1
18,0.579,1,2,1,0,0
18,0.506,1,1,1,0,1
18,0.494,0,0,0,0,1
18,0.549,1,1,1,0,1
18,0.519,1,1,1,0,1
18,0.731,1,0,1,0,0
18,0.585,0,0,0,0,1
18,0.455,0,0,0,0,1
18,0.537,0,2,0,0,0
18,0.711,2,1,2,0,0
18,0.627,2,2,2,0,1
18,0.549,2,2,2,0,1
18,0.466,2,2,2,0,1
18,0.434,2,2,2,0,1
18,0.552,0,0,0,0,1
18,0.624,0,0,0,0,1
18,0.574,2,2,2,0,1
18,0.575,2,2,2,0,1
18,0.739,1,1,1,0,1
18,0.515,2,1,2,0,0
18,0.481,1,1,1,0,1
18,0.541,0,1,0,0,0
18,0.667,0,0,0,0,1
18,0.737,2,0,2,0,0
18,0.616,0,0,0,0,1
18,0.52,2,2,2,0,1
18,0.415,2,1,2,0,0
18,0.881,0,1,0,0,0
18,0.491,0,1,0,0,0
18,0.509,2,1,2,0,0
18,0.709,1,0,1,0,0
18,0.495,2,1,2,0,0
18,0.412,2,0,2,0,0
18,0.643,1,2,1,0,0
18,0.492,0,0,0,0,1
18,0.552,0,2,0,0,0
18,0.588,2,1,2,0,0
18,0.607,1,1,1,0,1
18,0.712,2,1,2,0,0
18,0.556,1,1,1,0,1
18,0.566,1,1,1,0,1
18,0.755,2,0,2,0,0
18,0.834,1,2,1,0,0
18,0.662,1,1,1,0,1
18,0.543,0,0,0,0,1
18,0.563,2,0,2,0,0
18,0.567,1,2,1,0,0
18,0.651,0,1,0,0,0
18,0.594,0,1,0,0,0
18,0.655,2,0,2,0,0
18,0.836,0,2,0,0,0
18,0.63,1,1,2,0,1
18,0.511,1,1,1,0,1
18,0.734,0,2,0,0,0
18,0.57,2,0,2,0,0
18,0.672,0,0,0,0,1
18,0.596,2,2,2,0,1
18,0.552,2,2,2,0,1
18,0.593,1,0,1,0,0
18,0.599,2,0,2,0,0
18,0.493,0,0,0,0,1
19,0.733,0,0,0,0,1
19,0.778,0,0,0,0,1
19,0.643,0,2,0,0,0
19,0.77,1,2,1,0,0
19,0.54,0,2,0,0,0
19,0.518,2,1,2,0,0
19,1.022,0,0,0,0,1
19,0.588,2,0,0,0,0
19,0.889,1,1,1,0,1
19,0.995,0,0,0,0,1
19,0.569,0,0,0,0,1
19,0.793,1,2,2,0,0
19,1.314,0,1,1,0,0
19,1.22,2,1,2,0,0
19,0.751,1,0,1,0,0
19,0.755,0,1,1,0,0
19,0.581,0,1,0,0,0
19,1.115,0,0,1,0,1
19,0.84,2,2,2,0,1
19,1.399,2,1,1,0,0
19,0.546,2,2,2,0,1
19,1.001,2,0,2,0,0
19,0.739,2,2,2,0,1
19,0.664,0,2,0,0,0
19,0.852,1,1,1,0,1
19,0.495,1,1,1,0,1
19,0.707,0,0,0,0,1
19,1.251,1,0,1,0,0
19,1.199,0,0,0,0,1
19,0.702,0,0,0,0,1
19,0.598,2,2,2,0,1
19,0.411,2,2,2,0,1
19,1.176,0,2,1,0,0
19,0.649,1,2,0,0,0
19,1.327,2,2,2,0,1
19,0.611,0,0,0,0,1
19,1.274,0,2,0,0,0
19,0.962,0,1,0,0,0
19,1.4,1,2,1,0,0
19,0.427,1,1,1,0,1
19,0.952,0,1,2,0,0
19,0.892,2,0,2,0,0
19,1.114,1,0,0,0,0
19,0.913,2,2,2,0,1
19,0.522,1,1,1,0,1
19,0.437,1,1,1,0,1
19,1.002,1,2,1,0,0
19,1.04,1,1,1,0,1
19,1.119,2,1,2,0,0
19,1.04,2,0,2,0,0
19,0.684,2,2,2,0,1
19,1.126,1,0,1,0,0
19,0.776,1,0,1,0,0
19,1.146,2,2,2,0,1
19,0.637,1,1,1,0,1
19,0.784,0,2,0,0,0
19,0.595,2,2,2,0,1
19,0.962,1,1,1,0,1
19,1.303,2,0,2,0,0
19,1.262,0,2,0,0,0
19,1.007,1,0,1,0,0
19,1.186,0,0,0,0,1
19,1.283,0,1,0,0,0
19,1.045,1,1,1,0,1
19,0.497,2,2,2,0,1
19,0.684,2,2,2,0,1
19,0.97,1,0,0,0,0
19,1.306,2,1,2,0,0
19,0.909,2,1,2,0,0
19,1.145,1,2,1,0,0
19,1.104,0,0,0,0,1
19,1.167,1,2,2,0,0
19,1.151,0,0,0,0,1
19,0.833,2,2,2,0,1
19,0.764,1,0,1,0,0
19,0.87,0,0,0,0,1
19,0.943,2,2,2,0,1
19,0.719,1,1,1,0,1
19,1.302,1,2,2,0,0
19,0.791,1,1,1,0,1
19,0.626,0,0,0,0,1
19,0.569,2,2,2,0,1
19,0.85,2,1,1,0,0
19,0.687,1,1,1,0,1
19,0.79,1,1,1,0,1
19,1.263,2,0,2,0,0
19,1.413,0,2,0,0,0
19,0.953,2,1,2,0,0
19,1.156,0,1,1,0,0
19,0.997,0,1,0,0,0
19,0.934,1,1,1,0,1
19,0.837,2,0,0,0,0
19,0.816,2,2,2,0,1
19,0.882,1,1,1,0,1
20,0.609,1,1,1,0,1
20,1.475,2,0,2,0,0
20,0.689,2,0,2,0,0
20,0.564,1,1,1,0,1
20,0.911,2,0,2,0,0
20,0.787,0,0,0,0,1
20,0.718,0,0,0,0,1
20,0.651,0,2,0,0,0
20,0.4,0,0,0,0,1
20,0.743,1,1,1,0,1
20,0.817,1,1,1,0,1
20,0.786,0,0,0,0,1
20,1.123,0,2,0,0,0
20,0.938,1,0,1,0,0
20,0.923,0,1,0,0,0
20,0.782,0,0,0,0,1
20,0.666,1,0,1,0,0
20,0.556,1,1,1,0,1
20,1.066,1,2,1,0,0
20,0.682,0,0,0,0,1
20,0.962,2,0,2,0,0
20,0.826,0,0,0,0,1
20,1.013,2,0,2,0,0
20,0.721,2,2,2,0,1
20,0.756,1,2,1,0,0
20,0.922,1,0,1,0,0
20,0.696,2,2,2,0,1
20,1.049,2,2,2,0,1
20,0.813,2,2,2,0,1
20,0.98,1,0,1,0,0
20,1.08,1,2,1,0,0
20,1.308,2,1,2,0,0
20,0.778,0,2,0,0,0
20,1.323,0,1,0,0,0
20,1.173,2,1,2,0,0
20,0.74,0,2,0,0,0
20,1.201,1,2,1,0,0
20,1.136,2,1,2,0,0
20,1.045,1,0,1,0,0
20,0.664,1,1,1,0,1
20,1.054,2,1,2,0,0
20,0.923,2,1,2,0,0
20,0.714,0,0,0,0,1
20,1.11,0,1,0,0,0
20,0.801,0,0,0,0,1
20,1.209,0,2,0,0,0
20,1.027,2,2,2,0,1
20,1.172,1,1,1,0,1
20,0.564,1,1,1,0,1
20,0.713,0,0,0,0,1
20,1.194,0,2,0,0,0
20,0.695,1,1,1,0,1
20,0.787,2,2,2,0,1
20,1.138,0,1,0,0,0
20,1.06,1,2,1,0,0
20,1.255,2,1,0,0,0
20,0.99,0,1,0,0,0
20,0.992,2,2,2,0,1
20,1.181,0,2,0,0,0
20,1.095,0,2,0,0,0
20,0.849,1,1,1,0,1
20,1.072,1,0,1,0,0
20,0.663,1,1,1,0,1
20,0.734,0,0,0,0,1
20,0.662,1,1,1,0,1
20,0.807,2,2,2,0,1
20,0.871,0,0,0,0,1
20,0.808,2,2,2,0,1
20,1.437,2,0,2,0,0
20,1.261,2,0,2,0,0
20,0.71,0,0,0,0,1
20,0.65,1,1,1,0,1
20,1.019,2,1,2,0,0
20,1.104,1,1,1,0,1
20,1.048,1,2,1,0,0
20,0.809,1,0,1,0,0
20,0.892,0,0,0,0,1
20,0.904,2,2,2,0,1
20,0.733,2,2,2,0,1
20,0.985,0,1,0,0,0
20,0.725,0,1,0,0,0
20,0.885,2,1,2,0,0
20,0.686,1,1,1,0,1
20,0.969,2,2,2,0,1
20,1.234,2,0,2,0,0
20,1.083,1,2,1,0,0
20,0.779,2,2,2,0,1
20,1.001,2,2,2,0,1
20,0.814,0,1,1,0,0
20,0.731,0,0,0,0,1
20,0.995,2,2,2,0,1
20,0.862,2,2,2,0,1
20,0.764,0,0,0,0,1
20,0.847,1,2,1,0,0
20,1.302,1,0,1,0,0
20,1.088,1,1,1,0,1
21,0.75,0,2,0,0,0
21,0.608,0,2,0,0,0
21,0.682,2,2,2,0,1
21,0.81,2,2,2,0,1
21,0.677,1,1,1,0,1
21,0.772,0,0,0,0,1
21,1.24,1,0,1,0,0
21,1.257,2,1,2,0,0
21,1.147,1,1,1,0,1
21,0.795,0,0,0,0,1
21,1.333,1,2,1,0,0
21,1.027,0,2,0,0,0
21,1.075,2,2,2,0,1
21,0.783,1,2,1,0,0
21,0.743,1,1,1,0,1
21,0.792,1,1,1,0,1
21,0.899,1,2,1,0,0
21,0.826,0,0,0,0,1
21,0.983,0,1,0,0,0
21,0.981,0,0,0,0,1
21,1.059,2,2,2,0,1
21,1.131,2,2,2,0,1
21,0.952,2,2,2,0,1
21,0.832,0,0,0,0,1
21,0.882,1,1,1,0,1
21,1.28,2,0,2,0,0
21,0.753,2,2,2,0,1
21,0.827,0,0,0,0,1
21,0.714,0,0,0,0,1
21,0.938,0,2,0,0,0
21,0.963,2,1,2,0,0
21,1.27,1,1,1,0,1
21,1.062,0,0,0,0,1
21,1.392,1,1,1,0,1
21,0.973,0,2,0,0,0
21,0.863,0,1,0,0,0
21,0.893,1,1,1,0,1
21,0.972,2,0,2,0,0
21,0.972,0,0,0,0,1
21,1.392,0,0,0,0,1
21,1.419,2,0,2,0,0
21,0.802,0,0,0,0,1
21,0.992,1,2,1,0,0
21,0.792,1,1,1,0,1
21,1.213,2,2,2,0,1
21,1.371,2,2,2,0,1
21,0.907,2,2,2,0,1
21,0.793,2,1,2,0,0
21,0.905,1,2,1,0,0
21,1.118,0,0,0,0,1
21,0.995,2,2,2,0,1
21,0.845,1,1,1,0,1
21,1.072,2,0,2,0,0
21,1.092,1,2,1,0,0
21,1.052,2,2,2,0,1
21,1.152,1,0,1,0,0
21,0.992,2,1,2,0,0
21,1.093,2,0,2,0,0
21,1.193,1,1,1,0,1
21,1.007,0,1,0,0,0
21,1.25,1,1,1,0,1
21,1.037,2,2,2,0,1
21,1.157,0,1,0,0,0
21,1.195,1,1,1,0,1
21,1.167,0,2,0,0,0
21,1.172,1,2,1,0,0
21,1.073,1,1,1,0,1
21,1.107,1,0,1,0,0
21,0.942,1,0,1,0,0
21,1.236,0,0,0,0,1
21,0.877,2,1,2,0,0
21,0.927,1,1,1,0,1
21,0.935,2,0,2,0,0
21,0.867,0,2,0,0,0
21,0.876,2,2,2,0,1
21,1.041,2,1,2,0,0
21,1.042,0,0,0,0,1
21,0.882,0,0,0,0,1
21,1.003,2,1,2,0,0
21,0.833,2,1,2,0,0
21,0.743,2,0,2,0,0
21,1.297,0,2,0,0,0
21,1.157,2,2,2,0,1
21,0.767,0,1,0,0,0
21,0.784,1,0,1,0,0
21,1.282,1,0,1,0,0
21,1.252,0,1,0,0,0
21,1.392,0,1,0,0,0
21,1.076,2,2,2,0,1
21,0.688,0,0,0,0,1
21,0.683,0,1,0,0,0
21,1.017,1,1,1,0,1
21,0.747,1,0,1,0,0
21,0.84,1,2,1,0,0
22,0.78,0,2,0,0,0
22,0.622,0,0,0,0,1
22,0.775,0,0,0,0,1
22,0.462,2,2,2,0,1
22,0.655,2,2,2,0,1
22,0.753,1,1,1,0,1
22,0.961,2,0,2,0,0
22,0.745,2,0,2,0,0
22,1.002,0,2,0,0,0
22,0.795,1,1,1,0,1
22,0.811,0,1,0,0,0
22,0.741,0,0,0,0,1
22,0.575,2,2,2,0,1
22,0.767,0,0,0,0,1
22,0.864,1,0,1,0,0
22,0.601,0,0,0,0,1
22,0.795,2,1,2,0,0
22,1.171,1,0,1,0,0
22,0.717,0,1,0,0,0
22,0.663,0,0,0,0,1
22,0.87,0,1,0,0,0
22,0.791,1,1,1,0,1
22,1.07,0,2,0,0,0
22,0.768,1,0,1,0,0
22,0.554,2,2,2,0,1
22,0.625,0,1,0,0,0
22,0.515,1,1,1,0,1
22,0.643,2,2,2,0,1
22,0.796,0,0,0,0,1
22,1.006,1,1,0,0,1
22,0.607,2,2,2,0,1
22,0.617,1,1,1,0,1
22,0.687,0,0,0,0,1
22,1.038,2,1,2,0,0
22,1.079,1,2,1,0,0
22,0.794,2,2,2,0,1
22,0.828,1,0,1,0,0
22,0.669,1,2,1,0,0
22,0.972,0,2,0,0,0
22,0.796,0,1,0,0,0
22,0.625,2,2,2,0,1
22,1.057,2,1,2,0,0
22,0.826,2,2,2,0,1
22,0.82,0,0,0,0,1
22,0.893,0,2,0,0,0
22,0.549,1,1,1,0,1
22,0.949,1,2,1,0,0
22,0.765,2,2,2,0,1
22,0.712,1,1,1,0,1
22,0.69,0,0,0,0,1
22,0.612,2,2,2,0,1
22,0.39,1,2,1,0,0
22,0.597,1,2,1,0,0
22,0.469,1,0,1,0,0
22,0.662,0,1,0,0,0
22,0.519,1,1,1,0,1
22,1.105,2,0,2,0,0
22,0.737,0,0,0,0,1
22,0.68,0,1,0,0,0
22,0.985,2,0,2,0,0
22,0.648,2,1,2,0,0
22,1.042,1,1,1,0,1
22,0.547,1,1,1,0,1
22,0.652,1,2,1,0,0
22,0.747,1,1,1,0,1
22,0.604,2,2,2,0,1
22,0.821,0,2,0,0,0
22,0.569,0,0,0,0,1
22,0.838,2,1,2,0,0
22,1.015,0,1,0,0,0
22,0.951,1,1,1,0,1
22,0.911,2,0,2,0,0
22,1.034,0,2,0,0,0
22,0.715,2,2,2,0,1
22,0.564,2,2,2,0,1
22,0.919,2,0,2,0,0
22,0.952,0,2,0,0,0
22,0.881,1,0,1,0,0
22,0.859,2,1,2,0,0
22,0.756,0,0,0,0,1
22,0.621,2,2,2,0,1
22,0.685,0,0,0,0,1
22,0.75,1,0,1,0,0
22,0.694,1,2,1,0,0
22,0.831,2,2,2,0,1
22,1.114,2,0,2,0,0
22,0.571,0,0,0,0,1
22,0.917,2,0,2,0,0
22,0.613,2,1,2,0,0
22,0.605,2,1,2,0,0
22,0.718,0,0,0,0,1
22,0.719,1,1,2,0,1
22,0.697,1,1,1,0,1
22,0.5,1,1,1,0,1
22,0.442,1,2,1,0,0
23,0.741,1,0,1,0,0
23,0.588,1,0,1,0,0
23,0.922,2,2,2,0,1
23,0.597,1,1,1,0,1
23,0.553,0,0,0,0,1
23,0.737,2,2,2,0,1
23,0.566,2,2,2,0,1
23,0.784,0,2,0,0,0
23,0.547,1,1,1,0,1
23,0.828,2,1,2,0,0
23,0.578,1,1,1,0,1
23,0.532,1,0,1,0,0
23,0.631,0,1,0,0,0
23,0.975,0,1,0,0,0
23,0.565,2,0,2,0,0
23,0.64,2,1,2,0,0
23,0.555,2,2,2,0,1
23,0.467,2,2,2,0,1
23,0.569,0,0,0,0,1
23,0.676,2,2,2,0,1
23,0.527,2,2,2,0,1
23,0.52,2,0,2,0,0
23,0.525,1,1,1,0,1
23,0.546,1,2,1,0,0
23,0.629,0,1,0,0,0
23,0.598,2,0,2,0,0
23,0.533,0,0,0,0,1
23,0.464,2,2,2,0,1
23,0.667,0,2,0,0,0
23,0.547,0,0,0,0,1
23,0.761,1,0,1,0,0
23,0.741,0,2,0,0,0
23,0.812,1,1,1,0,1
23,0.61,0,1,0,0,0
23,0.517,0,0,0,0,1
23,0.688,0,1,0,0,0
23,0.52,1,1,1,0,1
23,0.655,2,0,2,0,0
23,0.618,0,2,0,0,0
23,0.7,0,0,0,0,1
23,0.723,1,2,2,0,0
23,0.849,0,1,0,0,0
23,0.593,0,0,0,0,1
23,0.906,2,1,2,0,0
23,0.607,0,0,0,0,1
23,0.906,2,2,2,0,1
23,0.709,0,2,0,0,0
23,0.59,1,0,1,0,0
23,0.508,1,1,1,0,1
23,0.687,2,2,2,0,1
23,0.714,1,0,1,0,0
23,0.722,1,1,1,0,1
23,0.505,1,1,1,0,1
23,0.685,2,2,2,0,1
23,0.633,2,2,2,0,1
23,0.705,1,2,1,0,0
23,0.687,0,0,0,0,1
23,0.898,2,2,2,0,1
23,0.822,2,0,2,0,0
23,0.518,2,1,2,0,0
23,0.932,1,2,1,0,0
23,0.679,2,1,2,0,0
23,0.594,0,2,0,0,0
23,0.738,1,1,1,0,1
23,0.616,2,0,2,0,0
23,0.588,2,0,2,0,0
23,0.742,1,2,1,0,0
23,0.703,0,2,0,0,0
23,0.979,2,1,2,0,0
23,0.63,1,2,1,0,0
23,0.616,0,0,0,0,1
23,0.919,1,2,1,0,0
23,0.668,0,0,0,0,1
23,0.983,1,0,1,0,0
23,0.73,2,0,2,0,0
23,0.603,1,1,1,0,1
23,0.76,2,2,2,0,1
23,1.027,0,0,0,0,1
23,0.67,1,1,1,0,1
23,0.662,0,0,0,0,1
23,0.588,1,1,1,0,1
23,0.711,2,1,2,0,0
23,0.634,0,2,0,0,0
23,0.76,1,0,1,0,0
23,0.707,0,0,0,0,1
23,0.63,1,1,1,0,1
23,0.679,0,0,0,0,1
23,0.741,2,1,2,0,0
23,0.728,0,1,0,0,0
23,0.54,0,0,0,0,1
23,0.669,1,1,1,0,1
23,0.731,0,1,0,0,0
23,0.591,1,1,1,0,1
23,0.689,1,2,1,0,0
24,1.196,1,0,2,0,0
24,0.633,2,2,2,0,1
24,0.596,1,2,1,0,0
24,0.644,2,1,2,0,0
24,0.684,2,0,2,0,0
24,0.587,0,0,0,0,1
24,0.605,1,1,1,0,1
24,0.552,2,2,0,0,1
24,0.63,0,2,0,0,0
24,0.819,2,1,2,0,0
24,0.627,2,2,2,0,1
24,1.154,0,1,0,0,0
24,0.984,1,2,1,0,0
24,0.602,2,2,2,0,1
24,0.557,2,2,2,0,1
24,0.92,1,1,1,0,1
24,0.656,2,2,2,0,1
24,0.558,0,2,0,0,0
24,0.581,1,1,1,0,1
24,0.585,1,1,1,0,1
24,0.577,0,2,0,0,0
24,1.222,1,0,1,0,0
24,0.532,1,1,1,0,1
24,0.55,1,1,1,0,1
24,0.778,2,2,2,0,1
24,0.526,2,2,2,0,1
24,0.68,0,1,0,0,0
24,0.528,0,2,0,0,0
24,0.891,2,2,2,0,1
24,0.834,0,1,0,0,0
24,0.948,1,0,1,0,0
24,0.621,0,0,0,0,1
24,0.62,1,1,1,0,1
24,0.488,0,0,0,0,1
24,1.156,1,2,1,0,0
24,0.519,1,1,1,0,1
24,0.847,2,1,2,0,0
24,0.662,2,0,2,0,0
24,0.593,0,2,0,0,0
24,0.644,1,1,1,0,1
24,0.488,0,1,0,0,0
24,0.57,1,1,1,0,1
24,0.489,0,0,0,0,1
24,0.637,1,2,1,0,0
24,0.529,1,1,1,0,1
24,0.568,0,0,0,0,1
24,0.647,0,1,0,0,0
24,0.7,1,1,1,0,1
24,0.582,0,0,0,0,1
24,0.677,2,1,2,0,0
24,0.553,0,0,0,0,1
24,0.503,0,0,0,0,1
24,0.883,2,2,2,0,1
24,1.119,0,1,0,0,0
24,0.949,2,0,2,0,0
24,0.56,0,0,0,0,1
24,0.849,2,0,2,0,0
24,0.661,2,2,2,0,1
24,0.623,2,0,2,0,0
24,0.562,2,2,2,0,1
24,0.633,0,0,0,0,1
24,0.486,0,2,0,0,0
24,0.694,1,1,1,0,1
24,1.181,2,1,2,0,0
24,0.57,0,0,0,0,1
24,0.688,2,1,2,0,0
24,0.646,2,2,2,0,1
24,0.655,0,0,0,0,1
24,0.683,2,1,2,0,0
24,0.911,1,1,1,0,1
24,0.624,1,0,1,0,0
24,0.535,1,2,1,0,0
24,0.532,0,0,0,0,1
24,0.716,0,0,0,0,1
24,0.709,2,0,2,0,0
24,1.077,1,0,1,0,0
24,0.833,1,0,2,0,0
24,0.586,2,2,2,0,1
24,0.713,1,2,1,0,0
24,0.53,1,1,1,0,1
24,0.556,1,0,1,0,0
24,0.653,2,1,2,0,0
24,0.596,2,2,2,0,1
24,0.599,0,0,0,0,1
24,0.574,0,2,0,0,0
24,0.755,1,2,1,0,0
24,0.654,0,1,0,0,0
24,0.527,1,1,1,0,1
24,0.624,0,1,0,0,0
24,0.578,2,0,2,0,0
24,0.525,2,2,2,0,1
24,0.551,0,2,0,0,0
24,0.527,2,0,0,0,0
24,0.694,1,2,1,0,0
25,0.845,1,2,1,0,0
25,0.487,2,2,2,0,1
25,0.516,0,2,0,0,0
25,0.406,1,2,1,0,0
25,0.657,1,0,1,0,0
25,0.586,2,2,2,0,1
25,0.421,1,1,2,0,1
25,0.686,2,2,2,0,1
25,1.064,2,0,2,0,0
25,0.491,0,0,0,0,1
25,0.798,2,1,2,0,0
25,0.578,0,2,0,0,0
25,0.493,0,0,0,0,1
25,0.599,2,1,2,0,0
25,0.49,2,2,2,0,1
25,0.645,2,0,2,0,0
25,0.52,2,0,2,0,0
25,0.491,2,1,2,0,0
25,0.342,1,1,1,0,1
25,0.657,1,2,1,0,0
25,0.54,2,2,2,0,1
25,0.559,2,2,2,0,1
25,0.642,0,2,0,0,0
25,0.717,1,1,1,0,1
25,1.136,2,0,2,0,0
25,0.467,2,2,2,0,1
25,0.71,1,0,1,0,0
25,0.593,0,0,0,0,1
25,0.732,0,2,0,0,0
25,0.695,1,0,2,0,0
25,1.026,0,1,0,0,0
25,1.163,1,2,1,0,0
25,0.622,1,0,1,0,0
25,0.584,1,1,1,0,1
25,0.619,0,1,0,0,0
25,0.661,0,1,0,0,0
25,0.72,1,1,1,0,1
25,0.491,1,1,1,0,1
25,0.469,2,2,2,0,1
25,0.847,1,2,1,0,0
25,0.753,2,2,2,0,1
25,0.708,0,0,0,0,1
25,0.727,0,1,0,0,0
25,0.834,2,1,2,0,0
25,0.461,1,1,1,0,1
25,0.529,0,0,0,0,1
25,0.459,0,0,0,0,1
25,0.95,2,1,2,0,0
25,0.369,1,2,1,0,0
25,0.773,2,1,2,0,0
25,0.488,2,2,2,0,1
25,0.596,1,1,1,0,1
25,0.656,2,2,2,0,1
25,0.521,0,0,0,0,1
25,0.74,0,0,0,0,1
25,0.587,2,1,2,0,0
25,0.415,1,1,1,0,1
25,0.603,2,0,2,0,0
25,0.431,0,0,0,0,1
25,1.106,1,2,1,0,0
25,0.661,2,0,0,0,0
25,0.968,1,2,1,0,0
25,0.491,1,1,1,0,1
25,0.655,0,2,0,0,0
25,0.539,1,1,1,0,1
25,0.517,2,2,2,0,1
25,0.84,0,1,0,0,0
25,0.972,1,0,1,0,0
25,1.232,1,0,1,0,0
25,0.635,2,2,2,0,1
25,0.511,0,0,0,0,1
25,1.122,2,0,1,0,0
25,0.636,1,1,1,0,1
25,0.522,1,1,1,0,1
25,0.396,2,2,2,0,1
25,0.519,1,1,1,0,1
25,0.618,0,2,0,0,0
25,0.428,0,0,0,0,1
25,0.391,0,0,0,0,1
25,0.408,0,0,0,0,1
25,0.834,0,1,0,0,0
25,0.984,2,2,2,0,1
25,0.507,1,1,1,0,1
25,0.486,0,0,0,0,1
25,0.489,0,0,0,0,1
25,0.596,2,0,2,0,0
25,0.647,1,0,1,0,0
25,0.794,0,2,0,0,0
25,0.844,1,0,1,0,0
25,0.791,2,1,2,0,0
25,0.577,1,1,1,0,1
25,0.812,0,1,0,0,0
25,0.543,0,0,0,0,1
25,1.122,2,2,2,0,1
25,0.837,0,1,0,0,0
25,0.713,0,2,0,0,0
26,0.785,0,2,0,0,0
26,0.749,2,2,2,0,1
26,0.769,0,0,0,0,1
26,0.653,2,2,2,0,1
26,0.637,1,1,1,0,1
26,0.687,1,2,1,0,0
26,0.6,1,1,1,0,1
26,0.76,2,1,2,0,0
26,0.729,0,2,0,0,0
26,0.644,2,2,2,0,1
26,0.752,0,2,0,0,0
26,0.68,0,0,0,0,1
26,0.688,0,1,0,0,0
26,0.68,1,1,1,0,1
26,0.661,0,1,0,0,0
26,0.82,1,2,1,0,0
26,0.666,1,2,1,0,0
26,0.612,1,1,1,0,1
26,0.635,1,2,1,0,0
26,0.671,2,2,2,0,1
26,0.634,2,2,2,0,1
26,0.679,1,1,1,0,1
26,0.963,2,0,2,0,0
26,0.844,1,2,1,0,0
26,0.755,2,0,2,0,0
26,0.597,2,2,2,0,1
26,0.614,1,1,1,0,1
26,0.622,2,1,2,0,0
26,0.594,1,0,1,0,0
26,0.739,0,1,0,0,0
26,0.641,0,2,0,0,0
26,0.67,2,2,2,0,1
26,0.633,2,0,2,0,0
26,0.585,1,1,1,0,1
26,0.791,0,1,0,0,0
26,0.66,2,0,2,0,0
26,0.558,2,1,2,0,0
26,0.642,0,0,0,0,1
26,0.696,2,0,2,0,0
26,0.891,1,1,1,0,1
26,0.569,1,2,1,0,0
26,0.654,0,0,0,0,1
26,0.748,1,0,1,0,0
26,0.567,1,0,1,0,0
26,0.681,0,0,0,0,1
26,0.635,0,1,0,0,0
26,0.889,1,0,1,0,0
26,0.759,1,0,1,0,0
26,0.684,0,1,0,0,0
26,0.689,2,1,2,0,0
26,0.605,1,1,1,0,1
26,0.639,0,0,0,0,1
26,0.717,1,2,1,0,0
26,0.668,1,1,1,0,1
26,0.719,2,0,2,0,0
26,0.64,2,2,2,0,1
26,0.695,1,0,1,0,0
26,0.679,2,2,2,0,1
26,0.676,1,1,1,0,1
26,0.715,1,2,1,0,0
26,0.706,0,0,0,0,1
26,0.59,0,2,0,0,0
26,0.873,2,1,2,0,0
26,0.602,1,1,1,0,1
26,0.73,2,2,2,0,1
26,0.724,1,0,1,0,0
26,0.673,0,0,0,0,1
26,0.619,0,2,0,0,0
26,0.731,1,1,1,0,1
26,0.69,2,2,2,0,1
26,0.674,1,1,1,0,1
26,0.68,0,0,0,0,1
26,0.715,2,1,2,0,0
26,0.674,2,0,2,0,0
26,0.656,1,1,1,0,1
26,0.713,2,2,2,0,1
26,0.652,0,0,0,0,1
26,0.893,2,2,2,0,1
26,0.808,0,1,0,0,0
26,0.671,0,0,0,0,1
26,0.67,2,0,2,0,0
26,0.635,2,2,2,0,1
26,0.815,0,2,0,0,0
26,0.776,0,2,0,0,0
26,0.831,0,0,0,0,1
26,0.65,0,1,0,0,0
26,0.774,2,1,2,0,0
26,0.719,2,2,2,0,1
26,0.705,0,0,0,0,1
26,0.722,1,1,1,0,1
26,0.68,0,0,0,0,1
26,0.662,2,1,2,0,0
26,0.656,2,2,2,0,1
26,0.774,0,0,0,0,1
26,0.77,1,0,1,0,0
27,1.014,0,2,0,0,0
27,0.634,0,0,0,0,1
27,0.977,1,2,1,0,0
27,0.979,1,1,1,0,1
27,1.146,0,0,0,0,1
27,1.039,1,1,1,0,1
27,1.034,2,0,2,0,0
27,1.497,1,0,1,0,0
27,1.104,0,2,0,0,0
27,0.819,2,2,2,0,1
27,0.864,1,1,1,0,1
27,0.972,1,0,1,0,0
27,0.713,0,1,1,0,0
27,1.301,2,1,2,0,0
27,1.135,1,1,1,0,1
27,0.915,2,0,2,0,0
27,0.461,0,0,0,0,1
27,1.449,1,2,2,0,0
27,1.012,1,1,1,0,1
27,0.928,0,1,0,0,0
27,1.268,2,1,2,0,0
27,1.101,1,2,1,0,0
27,0.808,2,2,2,0,1
27,0.955,0,0,0,0,1
27,1.114,1,2,1,0,0
27,1.037,2,0,2,0,0
27,0.93,2,1,2,0,0
27,1.126,0,2,0,0,0
27,1.181,2,2,2,0,1
27,1.088,0,0,0,0,1
27,0.742,0,0,0,0,1
27,0.802,1,1,1,0,1
27,0.761,0,1,0,0,0
27,1.289,1,1,1,0,1
27,0.756,0,2,0,0,0
27,1.204,1,0,1,0,0
27,1.061,2,2,2,0,1
27,0.807,0,0,0,0,1
27,1.484,2,1,2,0,0
27,0.86,2,2,2,0,1
27,1.323,1,0,1,0,0
27,0.661,0,0,0,0,1
27,0.729,0,0,0,0,1
27,1.322,2,1,2,0,0
27,0.938,1,1,1,0,1
27,0.87,2,2,2,0,1
27,1.498,0,0,0,0,1
27,0.853,2,2,2,0,1
27,0.812,0,1,1,0,0
27,0.804,2,1,2,0,0
27,1.114,0,2,0,0,0
27,1.174,2,0,2,0,0
27,1.459,2,1,2,0,0
27,0.84,0,0,0,0,1
27,0.788,1,1,1,0,1
27,0.744,2,2,2,0,1
27,0.796,2,2,2,0,1
27,0.882,1,1,1,0,1
27,0.796,0,0,0,0,1
27,1.04,0,1,0,0,0
27,1.033,2,0,2,0,0
27,0.864,0,0,0,0,1
27,0.97,1,1,1,0,1
27,1.354,1,1,1,0,1
27,1.043,2,2,2,0,1
27,1.033,2,2,2,0,1
27,0.925,0,0,0,0,1
27,0.993,1,2,1,0,0
27,0.764,2,1,2,0,0
27,0.792,1,2,1,0,0
27,0.89,0,1,0,0,0
27,1.031,0,0,0,0,1
27,1.416,1,2,1,0,0
27,0.844,0,0,0,0,1
27,0.865,1,1,1,0,1
27,1.38,0,1,0,0,0
27,1.137,1,0,1,0,0
27,1.333,2,0,2,0,0
27,0.769,1,1,1,0,1
27,0.824,2,2,2,0,1
27,0.772,2,2,2,0,1
27,0.776,1,0,1,0,0
27,0.842,2,0,2,0,0
27,0.878,1,0,1,0,0
27,1.018,2,2,2,0,1
27,0.84,2,2,2,0,1
27,1.061,1,1,1,0,1
27,1.256,2,2,2,0,1
27,1.382,0,2,0,0,0
28,1.365,1,1,1,0,1
28,0.544,1,1,1,0,1
28,0.53,0,0,0,0,1
28,0.78,1,0,0,0,0
28,0.602,1,1,1,0,1
28,0.681,1,1,1,0,1
28,0.736,0,0,0,0,1
28,0.764,0,0,0,0,1
28,0.993,0,0,0,0,1
28,1.014,1,0,1,0,0
28,0.617,0,0,0,0,1
28,0.512,0,0,0,0,1
28,0.634,0,0,0,0,1
28,0.772,1,1,1,0,1
28,0.988,1,2,1,0,0
28,0.616,1,1,1,0,1
28,0.691,1,1,1,0,1
28,0.768,0,1,0,0,0
28,0.689,2,2,2,0,1
28,0.863,1,1,1,0,1
28,1.138,1,2,1,0,0
28,0.855,0,0,0,0,1
28,0.725,1,1,1,0,1
28,0.759,1,1,1,0,1
28,1.275,2,1,2,0,0
28,0.947,2,2,2,0,1
28,0.69,0,0,0,0,1
28,0.978,0,2,0,0,0
28,1.199,1,2,1,0,0
28,0.753,2,1,2,0,0
28,1.01,2,0,2,0,0
28,0.998,0,1,0,0,0
28,0.89,2,1,2,0,0
28,0.785,0,2,0,0,0
28,1.202,2,0,2,0,0
28,0.991,1,2,1,0,0
28,0.773,0,0,0,0,1
28,0.902,0,1,0,0,0
28,0.828,0,0,0,0,1
28,0.581,0,0,0,0,1
28,0.877,1,1,1,0,1
28,0.704,0,1,0,0,0
28,0.998,2,1,2,0,0
28,0.9,0,1,0,0,0
28,0.577,0,1,0,0,0
28,1.181,2,0,2,0,0
28,0.961,2,1,2,0,0
28,0.802,2,2,2,0,1
28,0.867,1,2,1,0,0
28,0.844,2,1,1,0,0
28,0.966,0,2,0,0,0
28,1.301,1,0,1,0,0
28,0.685,1,1,1,0,1
28,0.885,2,1,2,0,0
28,1.307,2,2,2,0,1
28,0.76,0,0,0,0,1
28,1.059,1,2,1,0,0
28,1.398,1,0,1,0,0
28,1.178,2,2,2,0,1
28,0.899,1,0,1,0,0
28,0.695,0,0,0,0,1
28,1.159,2,0,2,0,0
28,0.888,0,2,0,0,0
28,0.764,0,1,0,0,0
28,1.18,2,2,2,0,1
28,0.734,1,0,1,0,0
28,1.017,2,0,2,0,0
28,1.039,0,2,0,0,0
28,0.639,0,2,0,0,0
28,0.873,1,1,1,0,1
28,0.795,0,1,0,0,0
28,0.865,1,1,1,0,1
28,0.922,2,2,2,0,1
28,0.795,2,2,2,0,1
28,0.701,1,1,1,0,1
28,0.809,0,2,0,0,0
28,1.26,2,0,2,0,0
28,1.06,2,0,1,0,0
28,0.961,2,2,2,0,1
28,0.912,2,2,2,0,1
28,0.794,2,2,2,0,1
28,0.892,1,2,0,0,0
28,1.214,2,2,2,0,1
28,1.282,2,1,2,0,0
28,1.005,1,1,1,0,1
28,1.132,2,2,2,0,1
28,0.943,1,2,1,0,0
28,0.903,2,2,2,0,1
28,0.674,2,2,2,0,1
28,0.626,0,0,0,0,1
28,1.009,1,0,1,0,0
28,1.114,0,2,0,0,0
28,1.434,2,2,2,0,1
28,1.087,1,0,1,0,0
28,1,0,0,0,0,1
29,0.939,2,0,2,0,0
29,0.496,1,2,1,0,0
29,0.691,1,0,1,0,0
29,0.488,1,0,1,0,0
29,0.657,0,2,0,0,0
29,0.62,0,0,0,0,1
29,0.67,0,1,0,0,0
29,0.703,0,2,0,0,0
29,0.7,0,0,0,0,1
29,0.583,1,1,1,0,1
29,0.568,2,2,2,0,1
29,0.529,1,1,1,0,1
29,0.707,0,0,0,0,1
29,0.64,0,2,0,0,0
29,0.422,1,1,1,0,1
29,0.617,0,0,0,0,1
29,0.75,0,0,0,0,1
29,0.748,1,2,1,0,0
29,0.468,1,1,1,0,1
29,0.74,2,2,2,0,1
29,0.847,0,1,0,0,0
29,0.612,1,1,1,0,1
29,0.781,0,2,0,0,0
29,0.787,2,2,2,0,1
29,0.415,1,1,1,0,1
29,0.695,2,1,2,0,0
29,0.692,2,0,2,0,0
29,0.775,2,2,2,0,1
29,0.624,1,1,1,0,1
29,0.619,2,2,2,0,1
29,0.699,1,1,1,0,1
29,0.601,2,1,2,0,0
29,0.645,2,1,2,0,0
29,0.843,0,0,0,0,1
29,0.766,0,2,0,0,0
29,0.639,0,0,0,0,1
29,0.854,2,1,2,0,0
29,0.838,2,0,2,0,0
29,0.641,2,2,2,0,1
29,0.656,2,0,2,0,0
29,0.774,2,0,2,0,0
29,0.844,2,1,2,0,0
29,0.491,2,2,2,0,1
29,0.775,0,0,0,0,1
29,0.613,2,2,2,0,1
29,0.846,0,1,0,0,0
29,0.951,1,2,1,0,0
29,1.011,0,1,0,0,0
29,0.663,2,0,2,0,0
29,0.808,0,2,0,0,0
29,0.814,0,0,0,0,1
29,0.729,1,0,1,0,0
29,0.645,1,0,1,0,0
29,0.722,0,0,0,0,1
29,0.727,0,2,0,0,0
29,0.497,1,1,1,0,1
29,0.548,1,2,1,0,0
29,0.673,0,0,0,0,1
29,0.736,0,1,0,0,0
29,0.668,1,1,1,0,1
29,0.758,0,1,0,0,0
29,0.643,0,0,0,0,1
29,0.658,2,0,2,0,0
29,0.586,2,2,2,0,1
29,0.598,2,1,2,0,0
29,0.665,1,1,1,0,1
29,0.734,1,0,1,0,0
29,0.658,1,1,1,0,1
29,0.633,2,0,2,0,0
29,0.723,0,2,0,0,0
29,0.745,2,2,2,0,1
29,0.659,2,1,2,0,0
29,0.605,1,2,1,0,0
29,0.642,2,2,2,0,1
29,0.78,0,1,0,0,0
29,0.616,1,1,1,0,1
29,0.635,2,2,2,0,1
29,0.765,0,0,0,0,1
29,0.735,1,2,1,0,0
29,0.607,1,1,1,0,1
29,0.579,1,1,1,0,1
29,0.733,0,0,0,0,1
29,0.706,1,2,1,0,0
29,0.641,2,2,2,0,1
29,0.597,1,0,1,0,0
29,0.633,2,1,2,0,0
29,0.709,0,0,0,0,1
29,0.582,1,1,1,0,1
29,0.589,2,2,2,0,1
29,0.57,1,2,1,0,0
29,0.758,0,1,0,0,0
29,0.619,2,2,2,0,1
29,0.589,2,2,2,0,1
29,0.863,0,0,0,0,1
29,0.569,1,0,1,0,0
30,0.425,0,0,0,0,1
30,0.715,2,0,2,0,0
30,0.625,0,0,0,0,1
30,0.681,0,0,0,0,1
30,0.961,0,2,0,0,0
30,1.054,0,0,0,0,1
30,0.834,1,2,1,0,0
30,1.128,2,0,2,0,0
30,1.038,1,1,1,0,1
30,0.951,2,2,2,0,1
30,0.703,0,2,0,0,0
30,0.618,0,0,0,0,1
30,1.12,2,2,2,0,1
30,0.742,2,1,1,0,0
30,0.637,0,0,0,0,1
30,0.613,2,0,2,0,0
30,0.81,0,1,0,0,0
30,0.626,0,0,0,0,1
30,0.602,2,2,2,0,1
30,0.643,2,2,2,0,1
30,0.651,0,1,1,0,0
30,0.659,0,1,0,0,0
30,0.62,1,0,1,0,0
30,0.581,1,1,1,0,1
30,0.446,1,0,1,0,0
30,0.535,2,2,2,0,1
30,0.608,1,1,1,0,1
30,0.645,1,2,2,0,0
30,0.446,0,0,0,0,1
30,0.612,0,0,0,0,1
30,1.052,0,1,0,0,0
30,1.01,0,2,0,0,0
30,0.58,0,2,0,0,0
30,0.575,2,1,2,0,0
30,1.094,2,1,2,0,0
30,1.117,1,1,1,0,1
30,0.997,2,2,2,0,1
30,0.767,1,1,1,0,1
30,0.801,0,2,0,0,0
30,0.613,2,1,2,0,0
30,0.829,0,2,0,0,0
30,0.613,1,1,1,0,1
30,0.718,1,1,1,0,1
30,0.806,2,0,2,0,0
30,1.006,1,0,1,0,0
30,0.596,2,2,2,0,1
30,1.279,1,2,1,0,0
30,0.888,0,1,0,0,0
30,0.544,0,0,0,0,1
30,0.761,2,0,2,0,0
30,0.945,2,1,0,0,0
30,0.673,1,1,1,0,1
30,0.488,2,2,2,0,1
30,0.832,1,0,1,0,0
30,1.084,2,1,2,0,0
30,1.014,1,0,1,0,0
30,0.783,2,2,2,0,1
30,0.902,1,2,1,0,0
30,0.575,0,0,0,0,1
30,0.44,0,1,0,0,0
30,0.546,0,1,0,0,0
30,0.602,2,2,2,0,1
30,0.651,1,1,1,0,1
30,0.756,0,2,0,0,0
30,0.685,0,0,0,0,1
30,0.485,2,2,2,0,1
30,0.589,1,1,1,0,1
30,0.885,1,2,2,0,0
30,0.558,1,2,1,0,0
30,0.55,0,0,0,0,1
30,0.538,2,2,2,0,1
30,0.755,2,2,2,0,1
30,0.636,0,1,0,0,0
30,0.675,1,1,1,0,1
30,0.669,2,2,2,0,1
30,0.673,1,1,1,0,1
30,0.682,1,1,1,0,1
30,0.548,1,1,1,0,1
30,0.62,1,0,1,0,0
30,0.757,2,1,2,0,0
30,1.239,1,0,1,0,0
30,0.75,2,2,2,0,1
30,0.452,0,2,0,0,0
30,0.829,2,0,2,0,0
30,0.869,1,1,1,0,1
30,0.925,1,0,2,0,0
30,0.709,0,0,0,0,1
30,0.508,2,2,2,0,1
30,1.014,2,1,2,0,0
30,0.941,0,0,0,0,1
30,0.916,1,2,1,0,0
30,0.652,0,0,0,0,1
30,0.597,1,1,1,0,1
31,0.547,2,2,2,0,1
31,0.628,2,0,2,0,0
31,0.542,1,1,1,0,1
31,0.825,1,0,1,0,0
31,0.521,2,1,2,0,0
31,0.611,0,1,0,0,0
31,0.564,2,0,2,0,0
31,0.743,0,0,0,0,1
31,0.687,0,0,0,0,1
31,0.57,0,1,0,0,0
31,0.661,1,1,1,0,1
31,0.568,2,1,2,0,0
31,0.576,2,1,2,0,0
31,0.698,1,1,1,0,1
31,0.628,2,0,2,0,0
31,0.503,1,1,1,0,1
31,0.719,1,1,1,0,1
31,0.601,0,0,0,0,1
31,0.603,0,2,0,0,0
31,0.527,0,0,0,0,1
31,0.552,0,0,0,0,1
31,0.593,2,2,2,0,1
31,0.579,2,2,2,0,1
31,0.823,1,2,1,0,0
31,0.687,1,1,1,0,1
31,0.97,1,1,1,0,1
31,0.62,0,1,0,0,0
31,0.455,0,0,0,0,1
31,0.696,2,1,2,0,0
31,0.785,0,1,0,0,0
31,0.851,2,0,2,0,0
31,0.87,0,2,0,0,0
31,0.688,2,2,2,0,1
31,0.779,1,0,1,0,0
31,0.62,2,1,2,0,0
31,0.582,2,2,2,0,1
31,0.607,2,0,2,0,0
31,0.771,1,1,1,0,1
31,0.569,1,0,1,0,0
31,0.546,1,2,1,0,0
31,0.549,0,2,0,0,0
31,0.6,1,2,2,0,0
31,0.72,1,1,1,0,1
31,0.61,0,0,0,0,1
31,0.684,1,0,1,0,0
31,0.485,1,1,1,0,1
31,0.476,2,1,2,0,0
31,0.824,0,1,0,0,0
31,0.506,0,0,0,0,1
31,0.63,2,2,2,0,1
31,0.695,0,1,0,0,0
31,0.666,1,1,1,0,1
31,0.571,0,0,0,0,1
31,0.678,1,0,1,0,0
31,0.542,1,0,1,0,0
31,0.567,2,0,2,0,0
31,0.721,1,2,1,0,0
31,0.772,0,0,0,0,1
31,0.508,2,2,2,0,1
31,0.581,1,2,1,0,0
31,0.599,0,1,0,0,0
31,0.794,1,2,1,0,0
31,0.465,1,0,1,0,0
31,0.555,2,2,2,0,1
31,0.573,0,2,0,0,0
31,0.568,0,2,0,0,0
31,0.633,2,2,2,0,1
31,0.467,2,2,2,0,1
31,0.71,0,0,0,0,1
31,0.905,2,1,2,0,0
31,0.513,2,1,2,0,0
31,0.523,2,0,2,0,0
31,0.589,2,2,2,0,1
31,0.633,0,0,0,0,1
31,0.945,0,0,0,0,1
31,0.651,2,2,2,0,1
31,0.605,0,1,0,0,0
31,0.552,2,2,2,0,1
31,0.537,2,2,2,0,1
31,0.651,2,2,2,0,1
31,0.654,0,2,0,0,0
31,0.858,1,1,1,0,1
31,0.859,0,2,0,0,0
31,0.652,1,1,1,0,1
31,0.75,0,0,0,0,1
31,0.674,1,2,1,0,0
31,0.707,0,0,0,0,1
31,0.661,0,2,0,0,0
31,0.751,1,1,1,0,1
31,0.715,1,1,1,0,1
31,0.548,0,0,0,0,1
31,0.958,2,2,2,0,1
31,0.72,1,2,1,0,0
31,0.563,2,0,2,0,0
31,0.843,1,1,1,0,1
32,0.579,1,2,1,0,0
32,0.57,0,2,0,0,0
32,0.513,0,0,0,0,1
32,0.366,2,2,2,0,1
32,0.445,1,0,1,0,0
32,0.352,2,0,2,0,0
32,0.471,1,1,1,0,1
32,0.462,1,1,1,0,1
32,0.495,2,2,2,0,1
32,0.491,2,0,2,0,0
32,0.486,0,2,0,0,0
32,0.571,2,0,2,0,0
32,0.459,1,1,1,0,1
32,0.654,2,2,2,0,1
32,0.542,2,2,2,0,1
32,0.476,2,2,2,0,1
32,0.499,1,1,1,0,1
32,0.461,2,2,2,0,1
32,0.57,2,2,2,0,1
32,0.46,0,0,0,0,1
32,0.443,0,0,0,0,1
32,0.428,0,0,0,0,1
32,0.691,1,2,1,0,0
32,0.423,1,1,1,0,1
32,0.458,1,1,1,0,1
32,0.411,1,2,1,0,0
32,0.599,0,1,0,0,0
32,0.454,1,1,1,0,1
32,0.438,0,0,0,0,1
32,0.506,2,2,2,0,1
32,0.397,1,1,1,0,1
32,0.742,0,2,0,0,0
32,0.455,0,0,0,0,1
32,0.448,0,1,0,0,0
32,0.551,1,0,1,0,0
32,0.414,2,2,2,0,1
32,0.592,2,1,2,0,0
32,0.54,1,0,1,0,0
32,0.523,0,1,0,0,0
32,0.438,0,0,0,0,1
32,0.363,0,0,0,0,1
32,0.589,2,2,2,0,1
32,0.426,2,1,2,0,0
32,0.525,1,1,1,0,1
32,0.612,1,0,1,0,0
32,0.485,1,2,1,0,0
32,0.565,2,2,2,0,1
32,0.643,0,2,0,0,0
32,0.47,1,2,1,0,0
32,0.487,1,2,1,0,0
32,0.527,0,0,0,0,1
32,0.655,2,1,2,0,0
32,0.458,1,1,1,0,1
32,0.391,0,2,0,0,0
32,0.469,2,1,2,0,0
32,0.42,0,0,0,0,1
32,0.496,2,2,2,0,1
32,0.39,1,0,1,0,0
32,0.453,1,1,1,0,1
32,0.437,1,1,1,0,1
32,0.371,1,1,1,0,1
32,0.362,0,0,0,0,1
32,0.406,0,1,0,0,0
32,0.414,1,2,2,0,0
32,0.453,1,1,1,0,1
32,0.46,0,0,0,0,1
32,0.886,1,0,1,0,0
32,0.683,0,2,0,0,0
32,0.433,2,0,2,0,0
32,0.633,0,2,1,0,0
32,0.63,2,0,2,0,0
32,0.509,0,0,0,0,1
32,0.528,0,0,0,0,1
32,0.667,0,1,0,0,0
32,0.565,2,2,2,0,1
32,0.556,2,2,2,0,1
32,0.56,0,2,0,0,0
32,0.564,1,1,1,0,1
32,0.488,0,1,0,0,0
32,0.476,0,1,0,0,0
32,0.601,2,1,2,0,0
32,0.508,2,2,2,0,1
32,0.538,1,1,1,0,1
32,0.524,0,0,0,0,1
32,0.654,2,0,2,0,0
32,0.568,0,1,0,0,0
32,0.53,2,1,2,0,0
32,0.49,2,0,2,0,0
32,0.596,1,2,1,0,0
32,0.606,2,1,2,0,0
32,0.599,1,0,1,0,0
32,0.477,0,0,0,0,1
33,0.86,1,1,1,0,1
33,0.507,0,0,0,0,1
33,0.663,1,1,1,0,1
33,0.73,1,1,1,0,1
33,0.838,1,2,1,0,0
33,0.815,2,2,2,0,1
33,0.819,2,1,2,0,0
33,0.926,1,0,1,0,0
33,0.554,0,2,0,0,0
33,0.702,0,1,0,0,0
33,0.803,1,0,1,0,0
33,0.662,0,0,0,0,1
33,0.64,0,0,0,0,1
33,0.676,1,1,1,0,1
33,0.601,2,2,2,0,1
33,0.5,2,2,2,0,1
33,0.647,0,0,0,0,1
33,0.71,2,1,2,0,0
33,0.818,0,2,0,0,0
33,0.67,1,2,1,0,0
33,0.714,0,2,0,0,0
33,0.629,0,0,0,0,1
33,0.767,0,1,0,0,0
33,0.705,2,2,2,0,1
33,0.758,1,1,1,0,1
33,0.83,1,1,1,0,1
33,0.538,2,2,2,0,1
33,0.747,1,1,1,0,1
33,0.68,0,1,0,0,0
33,0.755,2,1,2,0,0
33,0.655,2,2,2,0,1
33,0.619,1,2,1,0,0
33,0.694,0,1,0,0,0
33,0.705,0,2,0,0,0
33,0.717,0,1,0,0,0
33,0.567,0,0,0,0,1
33,0.852,1,2,1,0,0
33,0.693,0,1,0,0,0
33,0.779,2,2,2,0,1
33,0.734,1,0,1,0,0
33,0.723,2,2,2,0,1
33,0.674,0,0,0,0,1
33,0.782,2,0,2,0,0
33,0.603,1,1,1,0,1
33,0.798,1,2,1,0,0
33,0.746,2,2,2,0,1
33,0.67,0,0,0,0,1
33,0.811,1,0,1,0,0
33,0.83,1,1,1,0,1
33,0.666,0,0,0,0,1
33,0.766,2,0,2,0,0
33,0.683,2,1,2,0,0
33,0.918,1,2,1,0,0
33,0.442,0,0,0,0,1
33,0.598,1,1,1,0,1
33,0.579,0,0,0,0,1
33,0.702,0,1,0,0,0
33,0.585,2,2,2,0,1
33,0.613,1,1,1,0,1
33,0.76,1,0,1,0,0
33,0.755,2,0,2,0,0
33,0.687,1,1,1,0,1
33,0.619,2,2,2,0,1
33,0.696,1,1,1,0,1
33,0.403,0,1,0,0,0
33,0.751,1,2,1,0,0
33,0.803,0,2,0,0,0
33,0.768,1,0,1,0,0
33,0.722,2,1,2,0,0
33,0.574,0,0,0,0,1
33,0.746,0,2,0,0,0
33,0.735,2,1,2,0,0
33,0.682,2,1,2,0,0
33,0.652,2,2,2,0,1
33,0.56,0,0,0,0,1
33,0.645,2,2,2,0,1
33,0.76,1,1,1,0,1
33,0.604,0,0,0,0,1
33,0.72,1,1,1,0,1
33,0.853,1,0,1,0,0
33,0.616,2,0,2,0,0
33,0.82,0,2,0,0,0
33,0.8,1,2,1,0,0
33,0.645,0,2,0,0,0
33,0.656,2,2,2,0,1
33,0.7,2,0,2,0,0
33,0.664,1,1,1,0,1
33,0.693,2,0,2,0,0
33,0.6,0,0,0,0,1
33,0.676,1,0,1,0,0
33,0.624,0,0,0,0,1
33,0.629,2,2,2,0,1
33,0.6,2,2,2,0,1
34,0.727,1,0,1,0,0
34,0.785,0,0,0,0,1
34,0.62,1,2,1,0,0
34,0.659,1,1,1,0,1
34,0.804,2,1,2,0,0
34,0.723,0,0,0,0,1
34,0.695,0,1,0,0,0
34,0.746,1,0,1,0,0
34,0.632,2,2,2,0,1
34,0.692,2,2,2,0,1
34,0.912,0,0,0,0,1
34,0.616,0,0,0,0,1
34,0.519,0,0,0,0,1
34,0.756,2,2,2,0,1
34,1.061,0,1,0,0,0
34,0.652,0,2,0,0,0
34,0.686,2,2,2,0,1
34,1.316,1,1,1,0,1
34,0.89,2,2,2,0,1
34,0.801,0,2,0,0,0
34,1.156,2,2,2,0,1
34,0.653,2,2,2,0,1
34,0.732,2,1,2,0,0
34,1.122,1,1,1,0,1
34,0.503,1,1,1,0,1
34,1.042,2,0,2,0,0
34,0.422,2,2,2,0,1
34,0.919,1,2,1,0,0
34,0.666,2,2,2,0,1
34,0.535,2,2,2,0,1
34,0.62,2,0,2,0,0
34,1.002,1,1,1,0,1
34,1.122,0,0,0,0,1
34,0.815,0,1,0,0,0
34,1.276,0,2,0,0,0
34,1.002,1,1,1,0,1
34,1.005,0,0,0,0,1
34,0.773,0,2,0,0,0
34,1.263,2,1,2,0,0
34,0.385,2,2,2,0,1
34,0.952,0,2,0,0,0
34,0.962,0,1,1,0,0
34,1.066,2,0,2,0,0
34,1.07,1,2,1,0,0
34,0.66,1,2,1,0,0
34,0.532,1,1,1,0,1
34,0.902,0,1,0,0,0
34,0.881,1,0,1,0,0
34,0.759,1,1,1,0,1
34,0.906,0,2,0,0,0
34,0.972,2,1,2,0,0
34,0.685,2,2,2,0,1
34,0.619,1,1,1,0,1
34,0.906,0,1,0,0,0
34,0.802,0,2,0,0,0
34,0.476,1,0,1,0,0
34,1.226,0,1,0,0,0
34,1.251,2,0,2,0,0
34,0.931,0,1,0,0,0
34,0.834,1,1,1,0,1
34,0.723,1,0,1,0,0
34,1.402,1,1,1,0,1
34,1.246,0,0,0,0,1
34,1.212,1,2,1,0,0
34,1.212,2,1,2,0,0
34,0.639,2,0,2,0,0
34,0.852,0,2,0,0,0
34,0.662,1,1,1,0,1
34,0.802,0,0,0,0,1
34,0.578,0,0,0,0,1
34,0.78,2,0,2,0,0
34,0.882,1,0,1,0,0
34,0.836,0,0,0,0,1
34,0.582,2,2,2,0,1
34,0.78,1,2,1,0,0
34,0.611,1,1,1,0,1
34,0.761,1,2,1,0,0
34,0.742,2,1,2,0,0
34,0.809,0,0,0,0,1
34,0.937,2,1,2,0,0
34,1.042,1,1,1,0,1
34,1.14,2,2,2,0,1
34,0.922,0,0,1,0,1
34,0.699,0,0,0,0,1
34,0.715,2,1,1,0,0
34,0.96,1,1,1,0,1
34,0.821,1,2,1,0,0
34,0.912,0,0,0,0,1
34,0.64,2,2,2,0,1
34,1.231,0,0,0,0,1
34,0.692,2,2,2,0,1
34,1.159,1,0,1,0,0
34,0.612,1,0,1,0,0
34,1.312,1,1,1,0,1
34,0.785,2,0,2,0,0
35,0.747,1,1,1,0,1
35,0.575,1,1,1,0,1
35,0.605,1,1,1,0,1
35,0.657,0,0,0,0,1
35,1.031,0,2,0,0,0
35,0.62,1,1,1,0,1
35,0.808,0,1,0,0,0
35,0.735,2,1,2,0,0
35,0.748,0,1,0,0,0
35,1.033,1,0,1,0,0
35,0.788,2,2,2,0,1
35,0.599,2,2,2,0,1
35,0.776,0,2,0,0,0
35,0.84,2,1,2,0,0
35,0.683,2,0,2,0,0
35,0.751,2,0,2,0,0
35,0.598,2,2,2,0,1
35,0.655,1,0,0,0,0
35,0.901,2,2,2,0,1
35,0.815,0,2,0,0,0
35,0.666,0,0,0,0,1
35,0.703,2,2,2,0,1
35,0.927,1,0,1,0,0
35,0.883,2,2,2,0,1
35,0.788,1,1,1,0,1
35,0.833,2,1,2,0,0
35,0.973,1,0,1,0,0
35,0.827,2,1,2,0,0
35,1.123,2,2,2,0,1
35,0.899,1,1,1,0,1
35,0.6,0,0,0,0,1
35,1.033,0,1,0,0,0
35,0.614,0,0,0,0,1
35,0.811,1,0,1,0,0
35,0.772,0,2,0,0,0
35,0.975,0,0,0,0,1
35,0.783,2,1,2,0,0
35,0.883,1,0,1,0,0
35,1.065,1,2,1,0,0
35,0.692,0,1,0,0,0
35,1.009,2,2,2,0,1
35,0.619,2,0,0,0,0
35,0.785,0,2,0,0,0
35,0.636,0,0,0,0,1
35,0.858,0,1,0,0,0
35,1.018,2,1,2,0,0
35,0.745,2,1,2,0,0
35,0.634,0,0,0,0,1
35,0.784,0,2,0,0,0
35,0.904,2,2,2,0,1
35,0.788,0,1,0,0,0
35,0.742,2,2,2,0,1
35,0.619,2,2,2,0,1
35,0.861,1,1,1,0,1
35,0.68,0,1,0,0,0
35,0.833,2,1,2,0,0
35,0.623,0,0,0,0,1
35,0.571,0,0,0,0,1
35,0.527,0,0,0,0,1
35,1.043,1,2,1,0,0
35,0.638,1,1,1,0,1
35,0.771,1,2,1,0,0
35,0.665,0,0,0,0,1
35,0.824,0,0,0,0,1
35,1.098,1,2,1,0,0
35,0.879,2,0,2,0,0
35,0.849,1,2,1,0,0
35,0.673,0,1,0,0,0
35,0.901,1,0,1,0,0
35,0.949,2,2,2,0,1
35,0.729,0,0,0,0,1
35,0.623,1,1,1,0,1
35,0.523,1,1,1,0,1
35,0.794,0,2,0,0,0
35,0.922,0,2,0,0,0
35,0.971,2,0,2,0,0
35,0.81,1,2,1,0,0
35,0.993,2,0,2,0,0
35,0.615,0,0,0,0,1
35,0.601,2,2,2,0,1
35,0.538,2,2,2,0,1
35,0.717,1,1,1,0,1
35,0.882,2,0,2,0,0
35,0.562,0,0,0,0,1
35,0.703,1,1,1,0,1
35,0.695,1,1,1,0,1
35,0.854,2,0,2,0,0
35,0.567,0,0,0,0,1
35,0.937,2,2,2,0,1
35,0.906,1,2,1,0,0
35,0.545,1,1,1,0,1
35,0.536,1,1,1,0,1
35,0.693,2,2,2,0,1
35,0.959,1,2,1,0,0
35,0.511,1,1,1,0,1
36,0.836,2,2,2,0,1
36,0.564,1,1,1,0,1
36,0.765,2,0,2,0,0
36,0.597,1,1,1,0,1
36,0.454,1,1,1,0,1
36,0.502,1,1,1,0,1
36,0.47,1,1,1,0,1
36,0.652,0,0,0,0,1
36,0.991,1,0,1,0,0
36,0.544,1,2,1,0,0
36,0.475,1,0,1,0,0
36,0.635,2,1,2,0,0
36,0.557,2,2,2,0,1
36,0.703,0,1,0,0,0
36,0.528,1,2,1,0,0
36,0.464,1,0,1,0,0
36,0.666,0,2,0,0,0
36,0.627,0,1,0,0,0
36,0.43,0,0,0,0,1
36,0.67,1,0,1,0,0
36,0.656,2,2,2,0,1
36,0.592,0,0,0,0,1
36,0.691,1,2,1,0,0
36,1.018,2,0,2,0,0
36,0.685,1,1,1,0,1
36,0.621,0,2,0,0,0
36,0.903,2,1,2,0,0
36,0.64,0,1,0,0,0
36,0.93,2,2,2,0,1
36,0.613,1,1,1,0,1
36,0.606,0,0,0,0,1
36,0.574,2,2,2,0,1
36,0.782,1,0,1,0,0
36,0.46,1,1,1,0,1
36,0.714,2,1,2,0,0
36,0.481,2,2,2,0,1
36,0.569,0,0,0,0,1
36,1.014,2,1,2,0,0
36,0.5,2,2,2,0,1
36,0.598,0,2,0,0,0
36,0.833,1,1,1,0,1
36,0.833,2,2,2,0,1
36,0.994,1,2,1,0,0
36,0.516,0,0,0,0,1
36,1.036,1,2,1,0,0
36,0.796,2,2,2,0,1
36,0.503,2,2,2,0,1
36,0.778,2,0,2,0,0
36,0.646,1,2,1,0,0
36,0.629,2,0,0,0,0
36,0.695,1,0,1,0,0
36,0.712,2,0,2,0,0
36,0.533,2,0,2,0,0
36,0.515,0,2,0,0,0
36,0.444,0,0,0,0,1
36,0.597,1,0,1,0,0
36,0.687,2,2,2,0,1
36,0.583,1,1,1,0,1
36,0.463,1,1,1,0,1
36,0.604,0,1,0,0,0
36,0.629,0,1,0,0,0
36,0.438,0,0,0,0,1
36,0.432,0,1,0,0,0
36,0.448,0,0,0,0,1
36,0.455,0,1,0,0,0
36,0.603,2,2,2,0,1
36,0.747,1,1,1,0,1
36,0.54,0,0,0,0,1
36,0.542,1,1,1,0,1
36,0.607,0,0,0,0,1
36,0.83,2,0,2,0,0
36,0.864,0,2,0,0,0
36,0.778,2,2,2,0,1
36,0.475,0,0,0,0,1
36,0.479,1,0,1,0,0
36,0.472,0,0,0,0,1
36,0.744,2,2,2,0,1
36,0.7,0,2,0,0,0
36,0.488,1,1,1,0,1
36,0.977,0,2,0,0,0
36,0.706,2,2,2,0,1
36,0.698,1,1,1,0,1
36,0.739,2,1,0,0,0
36,0.596,0,1,0,0,0
36,0.994,2,1,2,0,0
36,0.724,1,2,1,0,0
36,0.946,2,0,2,0,0
36,0.607,2,2,2,0,1
36,0.536,0,0,0,0,1
36,0.872,2,1,2,0,0
36,0.503,1,1,1,0,1
36,0.427,1,2,1,0,0
36,0.853,0,2,0,0,0
37,0.799,1,2,1,0,0
37,0.689,2,2,2,0,1
37,0.811,2,1,2,0,0
37,0.744,2,2,2,0,1
37,0.729,0,0,0,0,1
37,0.863,1,2,1,0,0
37,0.647,1,1,1,0,1
37,0.706,2,2,2,0,1
37,0.735,0,0,0,0,1
37,0.834,2,2,2,0,1
37,0.618,2,2,2,0,1
37,0.863,1,0,1,0,0
37,0.783,1,2,1,0,0
37,0.807,0,1,0,0,0
37,0.751,1,0,1,0,0
37,0.845,1,1,1,0,1
37,0.835,0,2,0,0,0
37,0.907,2,1,2,0,0
37,0.871,0,0,0,0,1
37,0.687,1,1,1,0,1
37,0.867,1,1,1,0,1
37,0.928,0,1,0,0,0
37,0.93,2,2,2,0,1
37,0.804,0,0,0,0,1
37,0.881,2,1,2,0,0
37,0.933,2,0,2,0,0
37,0.629,2,2,2,0,1
37,0.856,0,2,0,0,0
37,0.623,0,2,0,0,0
37,0.727,2,2,2,0,1
37,0.558,1,0,1,0,0
37,0.719,0,2,0,0,0
37,0.66,0,0,0,0,1
37,0.655,2,2,2,0,1
37,0.742,2,1,2,0,0
37,0.68,0,0,0,0,1
37,0.881,2,2,2,0,1
37,0.793,1,1,1,0,1
37,0.899,1,1,1,0,1
37,0.984,2,0,2,0,0
37,0.691,2,2,2,0,1
37,0.805,1,1,1,0,1
37,0.743,1,1,1,0,1
37,0.671,1,1,1,0,1
37,0.749,2,1,2,0,0
37,0.777,0,1,0,0,0
37,0.854,0,1,0,0,0
37,1.044,2,0,2,0,0
37,0.759,1,2,1,0,0
37,0.87,2,0,2,0,0
37,0.784,0,1,0,0,0
37,0.818,1,0,1,0,0
37,0.913,2,1,2,0,0
37,0.952,1,0,1,0,0
37,0.61,0,0,0,0,1
37,0.934,0,0,0,0,1
37,0.95,1,1,1,0,1
37,0.726,2,1,2,0,0
37,0.795,0,0,0,0,1
37,0.788,0,0,0,0,1
37,0.697,1,1,1,0,1
37,0.798,1,2,1,0,0
37,0.644,1,1,1,0,1
37,0.744,2,0,2,0,0
37,0.698,1,1,1,0,1
37,0.658,2,2,2,0,1
37,0.673,1,1,1,0,1
37,0.643,0,0,0,0,1
37,0.92,2,0,1,0,0
37,0.896,2,2,2,0,1
37,0.524,2,2,2,0,1
37,0.762,0,0,0,0,1
37,0.73,0,1,0,0,0
37,0.645,0,1,0,0,0
37,0.8,2,1,2,0,0
37,0.83,0,2,0,0,0
37,0.606,0,0,0,0,1
37,0.701,2,0,2,0,0
37,0.847,1,2,1,0,0
37,0.851,1,2,1,0,0
37,0.652,2,2,2,0,1
37,0.692,0,2,0,0,0
37,0.748,1,1,1,0,1
37,0.758,0,0,0,0,1
37,0.848,1,0,1,0,0
37,0.843,0,2,0,0,0
37,0.914,0,1,0,0,0
37,0.567,0,0,0,0,1
37,0.856,2,2,2,0,1
37,0.867,0,2,0,0,0
37,0.979,1,0,1,0,0
37,0.524,1,0,1,0,0
37,0.649,1,1,1,0,1
37,0.683,1,2,1,0,0
37,0.818,0,0,0,0,1
37,0.75,2,0,2,0,0
38,0.701,2,1,2,0,0
38,0.573,2,1,2,0,0
38,0.975,1,2,1,0,0
38,0.504,0,0,0,0,1
38,0.523,0,0,0,0,1
38,0.751,2,2,2,0,1
38,0.511,0,0,0,0,1
38,0.673,2,1,1,0,0
38,0.965,1,0,1,0,0
38,1.11,1,0,1,0,0
38,0.93,2,1,2,0,0
38,0.73,0,0,0,0,1
38,0.865,2,1,2,0,0
38,0.601,1,1,1,0,1
38,0.818,1,1,1,0,1
38,0.387,2,2,2,0,1
38,0.822,1,0,1,0,0
38,0.67,2,0,2,0,0
38,0.551,0,2,0,0,0
38,0.472,0,0,0,0,1
38,0.588,1,1,1,0,1
38,0.482,2,2,2,0,1
38,0.649,2,0,2,0,0
38,0.806,0,1,0,0,0
38,0.814,1,2,1,0,0
38,0.564,0,2,0,0,0
38,0.402,0,1,0,0,0
38,0.442,2,2,2,0,1
38,0.414,1,1,1,0,1
38,0.521,1,1,1,0,1
38,0.611,1,0,0,0,0
38,0.563,0,0,0,0,1
38,0.784,0,2,1,0,0
38,0.748,0,0,0,0,1
38,0.853,2,1,2,0,0
38,0.458,2,2,2,0,1
38,0.552,1,1,1,0,1
38,0.492,2,2,2,0,1
38,0.343,0,0,0,0,1
38,0.583,1,1,1,0,1
38,0.405,2,2,2,0,1
38,0.927,2,1,2,0,0
38,0.371,2,0,2,0,0
38,0.501,0,0,0,0,1
38,0.482,2,2,1,0,1
38,0.77,0,1,0,0,0
38,0.512,2,2,2,0,1
38,0.382,0,1,0,0,0
38,0.77,1,1,1,0,1
38,0.826,0,2,0,0,0
38,0.512,0,0,0,0,1
38,0.555,1,1,1,0,1
38,0.433,0,0,0,0,1
38,0.782,1,0,1,0,0
38,0.663,2,0,2,0,0
38,1.001,0,2,0,0,0
38,0.57,1,0,1,0,0
38,0.572,0,0,0,0,1
38,0.598,2,2,2,0,1
38,0.404,2,2,2,0,1
38,0.612,1,0,1,0,0
38,0.463,0,0,0,0,1
38,0.948,0,2,0,0,0
38,0.453,1,2,1,0,0
38,0.913,1,2,1,0,0
38,0.857,2,1,0,0,0
38,0.488,2,2,2,0,1
38,0.503,1,0,1,0,0
38,0.684,0,1,0,0,0
38,0.832,1,2,1,0,0
38,0.523,1,1,1,0,1
38,0.474,1,1,1,0,1
38,0.76,2,2,2,0,1
38,0.693,0,0,0,0,1
38,0.543,0,1,0,0,0
38,1.012,1,2,1,0,0
38,0.615,0,1,0,0,0
38,0.574,2,0,2,0,0
38,0.734,0,1,0,0,0
38,0.527,0,2,0,0,0
38,0.654,2,0,2,0,0
38,0.367,2,2,0,0,1
38,0.465,2,0,0,0,0
38,0.637,1,1,1,0,1
38,0.608,2,2,2,0,1
38,0.631,1,1,1,0,1
38,0.861,1,2,1,0,0
38,0.612,2,0,0,0,0
38,0.564,1,1,1,0,1
38,1.111,1,2,1,0,0
38,0.553,1,1,1,0,1
38,0.599,2,2,2,0,1
38,0.517,0,0,0,0,1
38,0.634,0,2,0,0,0
38,0.504,0,0,0,0,1
38,0.523,1,1,1,0,1
39,0.644,2,1,2,0,0
39,0.648,0,0,0,0,1
39,0.625,1,0,1,0,0
39,0.639,1,0,1,0,0
39,0.389,2,2,2,0,1
39,0.584,0,1,0,0,0
39,0.699,0,0,0,0,1
39,0.706,1,2,2,0,0
39,0.682,1,0,1,0,0
39,1.043,2,2,2,0,1
39,0.566,2,2,2,0,1
39,1.041,2,1,2,0,0
39,0.574,1,1,1,0,1
39,0.631,0,0,0,0,1
39,0.753,0,2,0,0,0
39,0.592,0,0,0,0,1
39,1.387,2,1,2,0,0
39,0.483,1,1,1,0,1
39,0.63,2,2,2,0,1
39,0.578,0,0,0,0,1
39,0.624,1,1,1,0,1
39,0.788,2,0,2,0,0
39,0.648,1,1,1,0,1
39,0.631,2,2,2,0,1
39,0.645,2,1,2,0,0
39,0.56,2,2,2,0,1
39,0.845,2,1,2,0,0
39,0.68,1,0,1,0,0
39,0.491,1,2,1,0,0
39,0.552,1,1,1,0,1
39,0.609,2,2,2,0,1
39,1.339,2,0,2,0,0
39,0.566,2,2,2,0,1
39,0.393,1,0,1,0,0
39,0.52,1,0,1,0,0
39,0.611,1,2,1,0,0
39,1.127,0,0,0,0,1
39,0.503,0,2,0,0,0
39,0.926,1,2,1,0,0
39,0.725,1,0,0,0,0
39,0.583,1,1,1,0,1
39,0.594,2,2,2,0,1
39,0.667,0,0,0,0,1
39,1.009,2,0,2,0,0
39,0.959,0,2,0,0,0
39,0.935,0,1,0,0,0
39,0.77,2,2,2,0,1
39,1.213,0,2,2,0,0
39,0.819,0,2,0,0,0
39,0.619,1,1,1,0,1
39,0.619,2,2,2,0,1
39,1.164,0,1,0,0,0
39,0.693,0,0,0,0,1
39,0.789,1,1,1,0,1
39,0.741,0,0,0,0,1
39,0.681,0,1,0,0,0
39,0.666,0,0,0,0,1
39,1.19,2,0,2,0,0
39,0.678,2,1,2,0,0
39,0.753,0,1,0,0,0
39,1.17,1,1,1,0,1
39,1.264,2,2,2,0,1
39,0.788,1,1,1,0,1
39,0.887,1,2,0,0,0
39,1.026,2,0,0,0,0
39,0.936,1,1,1,0,1
39,0.652,0,0,0,0,1
39,0.613,0,0,0,0,1
39,0.461,0,0,0,0,1
39,0.405,0,0,0,0,1
39,0.755,2,0,2,0,0
39,0.737,0,2,0,0,0
39,0.808,1,0,1,0,0
39,0.424,1,1,1,0,1
39,0.578,1,2,1,0,0
39,0.952,2,0,0,0,0
39,0.966,1,1,1,0,1
39,0.806,0,1,0,0,0
39,0.865,0,1,0,0,0
39,1.34,1,1,1,0,1
39,0.549,2,2,2,0,1
39,0.64,1,1,1,0,1
39,0.769,1,2,1,0,0
39,0.67,2,2,2,0,1
39,0.936,1,1,1,0,1
39,0.697,2,1,2,0,0
39,0.692,0,0,0,0,1
39,1.246,1,2,1,0,0
39,0.682,0,1,0,0,0
39,0.589,2,2,2,0,1
39,0.647,0,2,0,0,0
39,0.68,0,2,0,0,0
40,0.755,0,0,0,0,1
40,0.69,0,2,0,0,0
40,0.727,1,1,1,0,1
40,0.49,2,2,2,0,1
40,0.495,0,0,0,0,1
40,0.476,0,0,0,0,1
40,0.533,0,0,0,0,1
40,0.481,0,0,0,0,1
40,1.037,2,0,2,0,0
40,0.509,2,0,2,0,0
40,0.823,0,2,0,0,0
40,0.456,2,2,2,0,1
40,0.511,2,2,2,0,1
40,0.705,1,1,1,0,1
40,1.121,0,1,0,0,0
40,0.704,1,2,1,0,0
40,0.607,1,2,1,0,0
40,0.571,0,0,0,0,1
40,1.048,0,1,0,0,0
40,0.786,2,2,2,0,1
40,0.886,0,1,0,0,0
40,0.855,2,0,2,0,0
40,0.603,2,2,2,0,1
40,0.537,2,1,2,0,0
40,0.773,1,1,1,0,1
40,0.621,1,0,1,0,0
40,0.987,0,1,0,0,0
40,1.117,2,1,2,0,0
40,0.629,1,0,1,0,0
40,0.508,1,0,1,0,0
40,0.858,0,2,0,0,0
40,0.498,0,0,0,0,1
40,0.471,0,0,0,0,1
40,0.521,0,0,0,0,1
40,0.667,0,2,0,0,0
40,0.753,2,2,2,0,1
40,0.462,2,2,2,0,1
40,0.746,1,1,1,0,1
40,1.118,2,1,2,0,0
40,0.669,0,2,0,0,0
40,0.683,2,1,2,0,0
40,0.698,0,0,0,0,1
40,0.622,1,0,1,0,0
40,0.828,1,1,1,0,1
40,0.662,0,0,0,0,1
40,0.919,2,1,2,0,0
40,0.887,0,2,0,0,0
40,0.861,2,0,2,0,0
40,0.786,2,2,2,0,1
40,0.807,1,1,1,0,1
40,0.48,0,0,0,0,1
40,0.735,1,1,1,0,1
40,0.918,2,0,2,0,0
40,0.694,1,1,1,0,1
40,0.798,1,2,1,0,0
40,0.626,2,0,2,0,0
40,0.993,1,2,1,0,0
40,0.878,2,2,2,0,1
40,0.692,1,1,1,0,1
40,0.903,2,2,2,0,1
40,0.639,1,1,1,0,1
40,0.984,1,0,1,0,0
40,0.636,2,2,2,0,1
40,0.4,2,2,2,0,1
40,0.666,0,1,0,0,0
40,0.7,1,0,1,0,0
40,0.611,1,1,1,0,1
40,0.504,2,2,2,0,1
40,0.689,2,1,2,0,0
40,0.673,0,2,0,0,0
40,0.883,2,0,2,0,0
40,0.711,1,2,1,0,0
40,0.591,1,0,1,0,0
40,0.474,1,1,1,0,1
40,0.604,0,0,0,0,1
40,0.629,0,2,0,0,0
40,0.545,2,2,2,0,1
40,0.549,0,0,0,0,1
40,0.663,2,1,2,0,0
40,1.013,1,2,1,0,0
40,0.757,1,1,1,0,1
40,0.586,0,1,0,0,0
40,0.891,1,1,1,0,1
40,0.766,1,1,1,0,1
40,0.88,0,0,0,0,1
40,0.654,2,2,2,0,1
40,0.674,1,2,1,0,0
40,0.613,1,0,1,0,0
40,0.632,0,1,0,0,0
40,0.727,2,0,2,0,0
40,0.527,2,2,2,0,1
40,0.542,1,1,1,0,1
40,0.95,0,1,0,0,0
40,0.949,1,2,1,0,0
40,0.623,2,1,2,0,0
40,0.684,0,0,0,0,1
41,0.78,1,2,1,0,0
41,1.006,2,1,2,0,0
41,0.956,2,2,2,0,1
41,0.837,1,0,1,0,0
41,0.686,0,2,0,0,0
41,0.495,1,0,1,0,0
41,0.911,1,2,1,0,0
41,0.754,0,0,0,0,1
41,0.531,1,0,1,0,0
41,0.636,2,2,2,0,1
41,0.709,2,2,2,0,1
41,0.767,1,0,1,0,0
41,0.71,2,2,2,0,1
41,0.58,1,1,1,0,1
41,1.015,2,1,2,0,0
41,0.736,0,2,0,0,0
41,0.743,0,2,0,0,0
41,0.689,0,0,0,0,1
41,0.746,2,1,2,0,0
41,0.713,0,2,0,0,0
41,1.025,1,1,1,0,1
41,0.73,0,2,0,0,0
41,0.561,0,0,0,0,1
41,0.952,0,1,0,0,0
41,0.93,2,0,2,0,0
41,0.638,0,0,0,0,1
41,0.765,0,1,0,0,0
41,0.655,2,1,2,0,0
41,0.587,2,2,2,0,1
41,0.545,1,1,1,0,1
41,0.534,2,2,2,0,1
41,0.596,0,0,0,0,1
41,0.565,1,1,1,0,1
41,0.615,1,1,1,0,1
41,0.805,1,2,2,0,0
41,0.6,1,1,1,0,1
41,0.711,0,0,0,0,1
41,0.622,1,1,1,0,1
41,0.613,1,1,1,0,1
41,0.568,2,2,2,0,1
41,0.978,2,1,2,0,0
41,0.587,2,2,2,0,1
41,0.758,0,1,1,0,0
41,0.717,0,0,0,0,1
41,0.694,1,2,2,0,0
41,0.599,0,0,0,0,1
41,0.616,2,1,2,0,0
41,1.159,2,0,0,0,0
41,0.792,0,2,0,0,0
41,0.628,1,1,1,0,1
41,0.815,0,1,0,0,0
41,0.738,0,0,0,0,1
41,0.677,2,0,2,0,0
41,1.139,0,1,0,0,0
41,0.677,0,0,0,0,1
41,0.68,0,0,0,0,1
41,0.748,0,1,0,0,0
41,0.6,0,1,0,0,0
41,0.869,0,2,0,0,0
41,0.63,2,0,2,0,0
41,0.875,1,0,1,0,0
41,0.749,1,1,1,0,1
41,0.726,0,0,0,0,1
41,0.588,1,1,1,0,1
41,0.581,2,2,2,0,1
41,0.726,2,1,2,0,0
41,0.655,0,0,0,0,1
41,0.838,0,0,0,0,1
41,0.701,1,1,1,0,1
41,0.861,1,0,1,0,0
41,0.93,1,2,1,0,0
41,0.796,2,0,0,0,0
41,0.648,2,2,2,0,1
41,0.647,0,0,0,0,1
41,0.664,0,0,0,0,1
41,0.56,1,1,1,0,1
41,0.664,0,2,2,0,0
41,1.027,2,1,2,0,0
41,0.692,2,2,2,0,1
41,0.942,1,0,1,0,0
41,0.783,2,0,0,0,0
41,0.64,1,2,1,0,0
41,0.945,0,1,0,0,0
41,0.771,1,0,1,0,0
41,0.698,2,2,2,0,1
41,0.61,2,2,2,0,1
41,0.589,2,2,2,0,1
41,0.655,1,1,1,0,1
41,0.907,1,2,1,0,0
41,0.653,1,1,1,0,1
41,0.87,2,0,2,0,0
41,0.566,2,2,2,0,1
41,0.678,1,2,1,0,0
42,0.537,2,2,2,0,1
42,0.492,2,2,2,0,1
42,0.386,1,1,1,0,1
42,0.475,1,1,1,0,1
42,0.652,0,2,0,0,0
42,0.514,1,0,0,0,0
42,0.572,1,1,1,0,1
42,0.456,1,1,1,0,1
42,0.855,1,2,1,0,0
42,0.496,0,0,0,0,1
42,0.718,2,0,2,0,0
42,0.467,2,0,2,0,0
42,0.64,2,1,1,0,0
42,0.765,1,2,1,0,0
42,0.731,1,1,1,0,1
42,0.513,1,1,1,0,1
42,0.538,1,0,1,0,0
42,0.533,0,0,0,0,1
42,0.661,2,1,2,0,0
42,0.585,2,2,2,0,1
42,0.806,0,2,0,0,0
42,0.634,2,1,2,0,0
42,0.534,0,0,0,0,1
42,0.796,1,2,1,0,0
42,0.748,1,0,1,0,0
42,0.581,1,0,1,0,0
42,0.427,0,1,0,0,0
42,0.584,0,2,0,0,0
42,0.663,2,0,2,0,0
42,0.569,0,2,0,0,0
42,0.4,1,1,1,0,1
42,0.459,0,0,0,0,1
42,0.461,2,0,2,0,0
42,0.809,0,1,0,0,0
42,0.678,2,0,2,0,0
42,0.577,1,0,1,0,0
42,0.418,2,2,2,0,1
42,0.406,0,0,0,0,1
42,0.715,1,2,1,0,0
42,0.471,1,0,1,0,0
42,0.401,1,1,1,0,1
42,0.517,1,1,1,0,1
42,0.7,0,1,0,0,0
42,0.398,2,2,2,0,1
42,0.407,2,2,2,0,1
42,0.442,2,2,2,0,1
42,0.563,1,1,1,0,1
42,0.48,1,1,1,0,1
42,0.481,0,0,0,0,1
42,0.612,1,0,1,0,0
42,0.619,0,2,2,0,0
42,0.539,2,0,0,0,0
42,0.547,0,0,0,0,1
42,0.527,2,2,2,0,1
42,0.575,2,2,2,0,1
42,0.847,0,1,0,0,0
42,0.631,1,1,1,0,1
42,0.562,0,0,0,0,1
42,0.784,2,1,2,0,0
42,0.531,2,2,2,0,1
42,0.603,1,1,1,0,1
42,0.936,0,2,0,0,0
42,0.924,2,0,2,0,0
42,0.613,2,1,2,0,0
42,0.734,0,2,0,0,0
42,0.574,0,1,0,0,0
42,0.552,0,1,0,0,0
42,0.583,2,2,2,0,1
42,0.62,2,2,2,0,1
42,0.696,2,2,2,0,1
42,0.821,2,1,2,0,0
42,0.732,0,0,0,0,1
42,0.788,2,1,2,0,0
42,0.66,1,2,1,0,0
42,0.928,2,2,2,0,1
42,0.53,0,0,0,0,1
42,0.593,2,2,2,0,1
42,0.717,0,2,0,0,0
42,0.675,1,1,1,0,1
42,0.717,1,0,1,0,0
42,0.638,0,0,0,0,1
42,0.668,0,0,0,0,1
42,0.458,0,0,0,0,1
42,0.686,0,1,0,0,0
42,0.971,2,2,2,0,1
42,0.926,1,1,1,0,1
42,0.7,0,0,0,0,1
42,0.501,0,0,0,0,1
42,0.861,2,1,2,0,0
42,0.798,1,2,1,0,0
42,0.878,2,0,2,0,0
42,0.58,0,0,0,0,1
42,0.737,1,1,1,0,1
42,0.562,1,2,1,0,0
43,0.995,1,0,1,0,0
43,0.711,2,2,2,0,1
43,0.827,2,1,2,0,0
43,0.64,2,0,2,0,0
43,0.446,2,2,2,0,1
43,0.971,1,0,1,0,0
43,0.681,1,1,1,0,1
43,0.69,2,2,2,0,1
43,1.032,1,1,1,0,1
43,0.708,2,2,2,0,1
43,0.787,1,1,1,0,1
43,1.266,0,1,0,0,0
43,0.583,0,0,0,0,1
43,0.989,2,1,2,0,0
43,1.266,0,1,0,0,0
43,0.946,2,0,2,0,0
43,1.061,1,2,1,0,0
43,0.949,0,1,0,0,0
43,1.204,0,0,0,0,1
43,1.096,1,1,1,0,1
43,0.661,2,1,2,0,0
43,0.841,1,0,1,0,0
43,1.164,1,2,1,0,0
43,0.727,1,0,1,0,0
43,0.732,1,1,1,0,1
43,0.585,0,0,0,0,1
43,0.489,0,1,0,0,0
43,0.638,2,2,2,0,1
43,0.701,0,2,0,0,0
43,0.58,0,2,0,0,0
43,0.65,2,2,2,0,1
43,0.896,1,0,1,0,0
43,0.62,0,0,0,0,1
43,0.809,1,1,2,0,1
43,0.841,1,1,1,0,1
43,0.997,0,1,0,0,0
43,0.89,0,1,0,0,0
43,0.808,0,2,0,0,0
43,0.903,1,2,1,0,0
43,1.11,0,1,0,0,0
43,0.626,2,2,2,0,1
43,0.856,2,2,2,0,1
43,0.641,2,0,2,0,0
43,0.615,0,0,0,0,1
43,0.422,0,0,0,0,1
43,0.643,0,2,0,0,0
43,0.748,1,1,1,0,1
43,1.179,1,2,1,0,0
43,1.075,2,1,2,0,0
43,0.705,2,0,2,0,0
43,0.424,2,2,2,0,1
43,0.765,1,1,1,0,1
43,0.764,1,1,1,0,1
43,0.578,0,0,0,0,1
43,1.297,0,2,0,0,0
43,0.564,2,0,1,0,0
43,0.433,2,1,2,0,0
43,0.613,1,2,1,0,0
43,0.484,0,0,0,0,1
43,0.587,1,1,1,0,1
43,0.628,0,0,0,0,1
43,0.714,1,0,1,0,0
43,0.684,0,1,0,0,0
43,0.436,0,2,0,0,0
43,0.931,2,2,2,0,1
43,0.623,0,0,0,0,1
43,0.622,2,2,2,0,1
43,0.606,0,0,0,0,1
43,1.013,1,0,2,0,0
43,0.609,1,1,1,0,1
43,0.48,2,2,0,0,1
43,0.59,2,0,2,0,0
43,0.833,1,0,1,0,0
43,0.408,2,1,2,0,0
43,0.719,0,2,0,0,0
43,0.502,0,0,0,0,1
43,0.922,2,0,2,0,0
43,0.622,2,0,2,0,0
43,0.525,2,2,2,0,1
43,0.779,1,1,1,0,1
43,0.579,2,2,0,0,1
43,0.647,1,1,1,0,1
43,0.798,1,2,1,0,0
43,0.661,0,0,0,0,1
43,1.075,0,2,0,0,0
43,0.634,1,1,1,0,1
43,0.607,1,2,1,0,0
43,0.588,0,0,0,0,1
43,0.914,2,2,2,0,1
43,0.728,0,0,0,0,1
43,0.902,2,1,2,0,0
43,0.766,1,1,1,0,1
43,0.442,0,0,0,0,1
43,1.12,1,2,1,0,0
43,0.797,2,2,2,0,1
44,0.649,1,2,1,0,0
44,0.535,0,2,0,0,0
44,0.637,0,2,0,0,0
44,0.661,1,0,1,0,0
44,0.578,1,2,1,0,0
44,0.497,2,2,2,0,1
44,0.59,0,2,0,0,0
44,0.454,2,2,2,0,1
44,0.577,1,2,1,0,0
44,0.481,1,1,1,0,1
44,0.649,2,1,2,0,0
44,0.664,2,0,2,0,0
44,0.646,0,1,0,0,0
44,0.78,2,0,2,0,0
44,0.593,1,1,1,0,1
44,0.617,0,2,0,0,0
44,0.527,2,2,2,0,1
44,0.628,1,2,1,0,0
44,0.619,2,1,2,0,0
44,0.683,1,1,1,0,1
44,0.585,2,2,2,0,1
44,0.698,2,2,2,0,1
44,0.611,1,1,1,0,1
44,0.657,0,0,0,0,1
44,0.553,0,1,0,0,0
44,0.663,2,0,2,0,0
44,0.646,0,0,0,0,1
44,0.499,0,0,0,0,1
44,0.641,0,1,0,0,0
44,0.705,1,0,1,0,0
44,0.449,1,1,1,0,1
44,0.663,0,2,0,0,0
44,0.6,2,1,2,0,0
44,0.575,1,1,1,0,1
44,0.568,0,0,0,0,1
44,0.879,1,2,1,0,0
44,0.701,2,1,2,0,0
44,0.589,2,2,2,0,1
44,0.584,1,2,1,0,0
44,0.548,0,0,0,0,1
44,0.636,2,2,2,0,1
44,0.538,1,1,1,0,1
44,0.73,0,1,0,0,0
44,0.705,2,1,2,0,0
44,0.528,1,0,0,0,0
44,0.6,0,0,0,0,1
44,0.753,2,0,2,0,0
44,0.631,0,0,0,0,1
44,0.437,1,0,1,0,0
44,0.717,0,1,0,0,0
44,0.691,1,1,1,0,1
44,0.601,0,0,0,0,1
44,0.577,1,1,1,0,1
44,0.47,0,0,0,0,1
44,0.477,2,2,2,0,1
44,0.508,0,0,0,0,1
44,0.648,2,1,2,0,0
44,0.734,1,0,1,0,0
44,0.485,1,1,1,0,1
44,0.629,0,1,0,0,0
44,0.574,2,2,2,0,1
44,0.462,2,2,2,0,1
44,0.479,2,2,2,0,1
44,0.582,0,0,0,0,1
44,0.56,0,0,0,0,1
44,0.719,2,0,2,0,0
44,0.606,2,0,2,0,0
44,0.701,1,1,1,0,1
44,0.461,1,1,1,0,1
44,0.477,1,1,1,0,1
44,0.557,0,0,0,0,1
44,0.572,1,0,0,0,0
44,0.636,2,0,2,0,0
44,0.912,1,2,1,0,0
44,0.767,1,0,1,0,0
44,0.937,2,0,2,0,0
44,0.575,0,0,0,0,1
44,0.863,0,2,0,0,0
44,0.494,2,2,2,0,1
44,0.383,2,2,2,0,1
44,0.605,0,0,0,0,1
44,0.797,2,2,2,0,1
44,0.572,1,1,1,0,1
44,0.508,2,1,2,0,0
44,0.65,0,1,0,0,0
44,0.745,0,2,0,0,0
44,1.027,1,1,1,0,1
44,0.522,1,1,1,0,1
44,0.633,0,0,0,0,1
44,0.489,2,2,2,0,1
44,0.945,2,1,2,0,0
44,0.696,0,1,0,0,0
44,0.527,2,2,2,0,1
45,0.619,2,0,0,0,0
45,0.667,2,1,2,0,0
45,0.613,2,1,2,0,0
45,0.634,1,0,1,0,0
45,0.642,2,0,2,0,0
45,1.025,1,0,1,0,0
45,0.675,2,1,2,0,0
45,0.77,0,0,0,0,1
45,0.692,1,1,1,0,1
45,0.563,2,1,2,0,0
45,0.349,1,1,1,0,1
45,0.914,1,0,1,0,0
45,0.592,0,2,0,0,0
45,0.59,1,0,1,0,0
45,0.582,2,2,2,0,1
45,0.873,0,2,0,0,0
45,0.639,1,2,1,0,0
45,0.911,0,0,0,0,1
45,1.044,2,2,2,0,1
45,0.833,1,1,1,0,1
45,0.551,0,0,0,0,1
45,0.667,1,1,1,0,1
45,0.484,1,0,1,0,0
45,0.843,0,2,2,0,0
45,0.605,2,2,2,0,1
45,0.898,2,0,2,0,0
45,0.631,1,2,1,0,0
45,0.919,0,1,0,0,0
45,1.054,1,1,1,0,1
45,1.044,0,1,0,0,0
45,0.842,2,0,2,0,0
45,0.766,2,2,2,0,1
45,0.572,2,2,2,0,1
45,0.522,2,2,2,0,1
45,0.762,1,1,1,0,1
45,0.558,1,1,1,0,1
45,0.55,2,2,2,0,1
45,0.742,1,1,1,0,1
45,0.624,0,0,0,0,1
45,0.682,2,2,2,0,1
45,0.832,2,1,1,0,0
45,0.834,2,1,2,0,0
45,0.9,1,0,1,0,0
45,0.584,2,2,2,0,1
45,0.701,1,1,1,0,1
45,0.494,0,0,0,0,1
45,0.623,0,2,2,0,0
45,0.592,0,2,0,0,0
45,0.6,0,0,0,0,1
45,1.102,2,1,1,0,0
45,0.652,1,1,1,0,1
45,0.749,1,2,2,0,0
45,0.903,0,1,0,0,0
45,0.923,0,1,0,0,0
45,0.547,2,2,2,0,1
45,0.518,2,0,2,0,0
45,0.661,0,2,0,0,0
45,0.752,1,0,1,0,0
45,0.662,2,1,2,0,0
45,0.641,0,0,0,0,1
45,0.699,2,2,2,0,1
45,0.539,0,0,0,0,1
45,0.55,2,2,2,0,1
45,0.693,0,2,0,0,0
45,0.771,1,2,1,0,0
45,0.779,0,0,0,0,1
45,0.654,0,0,0,0,1
45,0.822,1,1,1,0,1
45,0.731,0,0,0,0,1
45,0.663,2,0,0,0,0
45,0.514,1,1,1,0,1
45,0.552,2,0,2,0,0
45,0.889,2,2,2,0,1
45,0.685,2,2,2,0,1
45,0.822,0,0,0,0,1
45,1.282,1,2,2,0,0
45,0.721,1,1,1,0,1
45,1.133,2,2,2,0,1
45,0.714,0,1,0,0,0
45,0.61,1,1,1,0,1
45,1.093,1,2,1,0,0
45,0.994,0,0,0,0,1
45,0.563,0,0,0,0,1
45,0.743,1,2,1,0,0
45,0.75,0,1,0,0,0
45,0.61,2,2,2,0,1
45,0.568,0,1,0,0,0
45,0.912,0,2,0,0,0
45,0.562,1,1,1,0,1
45,0.642,0,0,0,0,1
45,0.895,2,0,1,0,0
45,0.901,0,1,0,0,0
46,0.872,0,1,0,0,0
46,0.639,0,0,0,0,1
46,0.61,0,0,0,0,1
46,1.135,2,1,2,0,0
46,0.782,2,0,2,0,0
46,0.812,0,1,0,0,0
46,0.778,0,2,0,0,0
46,0.752,2,1,2,0,0
46,0.75,1,1,1,0,1
46,0.747,2,2,2,0,1
46,0.95,2,2,2,0,1
46,0.978,0,1,0,0,0
46,0.984,1,2,1,0,0
46,0.798,1,2,1,0,0
46,0.872,2,2,2,0,1
46,1.051,2,2,2,0,1
46,0.674,2,2,2,0,1
46,1.011,0,0,0,0,1
46,0.53,0,0,0,0,1
46,0.807,1,1,1,0,1
46,0.725,0,0,0,0,1
46,0.92,2,0,2,0,0
46,0.733,0,0,0,0,1
46,1.116,0,2,0,0,0
46,0.817,1,0,1,0,0
46,1.059,1,0,1,0,0
46,0.607,1,1,1,0,1
46,0.755,1,1,1,0,1
46,0.593,1,0,1,0,0
46,0.749,0,2,0,0,0
46,0.794,1,0,1,0,0
46,0.936,2,2,2,0,1
46,0.709,2,1,2,0,0
46,0.658,0,0,0,0,1
46,0.846,1,2,1,0,0
46,0.732,2,2,2,0,1
46,0.721,2,2,2,0,1
46,0.701,0,0,0,0,1
46,0.846,2,0,2,0,0
46,0.778,2,1,2,0,0
46,0.836,1,1,1,0,1
46,0.638,1,1,1,0,1
46,0.987,0,2,0,0,0
46,0.562,0,1,0,0,0
46,1.067,1,2,1,0,0
46,0.803,0,0,0,0,1
46,0.614,0,0,0,0,1
46,0.872,0,1,0,0,0
46,1,1,1,1,0,1
46,1.066,2,0,2,0,0
46,0.905,1,0,1,0,0
46,0.945,2,1,2,0,0
46,0.618,0,0,0,0,1
46,0.664,1,0,1,0,0
46,0.822,2,2,2,0,1
46,0.676,2,0,2,0,0
46,0.597,2,2,2,0,1
46,0.614,0,2,0,0,0
46,0.89,2,2,2,0,1
46,0.632,0,2,0,0,0
46,0.732,1,1,1,0,1
46,0.743,0,2,0,0,0
46,0.446,0,0,0,0,1
46,0.933,1,0,1,0,0
46,0.875,2,2,2,0,1
46,0.849,2,1,2,0,0
46,0.946,1,1,1,0,1
46,0.616,0,1,0,0,0
46,0.774,2,2,2,0,1
46,0.668,1,0,1,0,0
46,0.947,2,2,2,0,1
46,0.817,1,1,1,0,1
46,0.534,0,0,0,0,1
46,0.861,2,2,2,0,1
46,0.676,1,1,1,0,1
46,0.727,0,1,0,0,0
46,1.211,1,2,1,0,0
46,0.938,1,2,1,0,0
46,1.036,2,0,2,0,0
46,0.703,0,0,0,0,1
46,0.952,2,2,2,0,1
46,0.749,1,1,1,0,1
46,0.666,0,0,0,0,1
46,0.793,0,2,0,0,0
46,0.595,1,1,1,0,1
46,0.873,1,2,1,0,0
46,1.053,2,0,2,0,0
46,0.724,2,1,2,0,0
46,0.775,0,1,0,0,0
46,1.062,1,2,1,0,0
46,0.691,0,0,0,0,1
46,0.714,1,1,1,0,1
46,0.928,2,1,2,0,0
46,0.976,1,1,1,0,1
46,0.951,2,0,2,0,0
46,0.842,1,1,1,0,1
47,0.497,0,1,0,0,0
47,0.586,0,1,0,0,0
47,0.465,1,1,1,0,1
47,0.795,2,0,2,0,0
47,0.775,1,2,1,0,0
47,0.865,0,0,0,0,1
47,0.742,1,2,1,0,0
47,0.609,1,1,1,0,1
47,0.749,0,0,0,0,1
47,0.74,0,0,0,0,1
47,0.754,2,0,2,0,0
47,1.251,2,1,2,0,0
47,0.657,1,2,1,0,0
47,0.896,2,1,0,0,0
47,1.153,0,1,0,0,0
47,1.202,0,0,0,0,1
47,0.73,1,0,1,0,0
47,0.893,2,2,2,0,1
47,1.46,0,2,0,0,0
47,0.851,2,0,2,0,0
47,0.864,1,1,1,0,1
47,0.805,1,1,1,0,1
47,1.142,2,2,2,0,1
47,0.481,2,2,2,0,1
47,1.191,1,0,1,0,0
47,1.369,0,2,0,0,0
47,1.091,2,2,2,0,1
47,0.835,1,2,1,0,0
47,1.307,1,2,1,0,0
47,1.214,1,1,1,0,1
47,0.759,1,1,1,0,1
47,1.449,2,2,2,0,1
47,0.691,2,1,2,0,0
47,0.721,0,2,0,0,0
47,1.022,2,2,2,0,1
47,1.296,2,0,2,0,0
47,0.428,1,0,1,0,0
47,0.609,1,1,1,0,1
47,0.586,1,1,1,0,1
47,0.587,1,1,1,0,1
47,0.942,0,2,2,0,0
47,0.632,1,1,1,0,1
47,0.868,2,0,2,0,0
47,0.891,2,1,2,0,0
47,0.826,1,1,1,0,1
47,0.815,0,0,0,0,1
47,0.651,1,1,1,0,1
47,0.712,0,0,0,0,1
47,0.853,0,1,0,0,0
47,1.102,2,0,2,0,0
47,1.013,2,2,2,0,1
47,0.702,0,2,0,0,0
47,0.643,1,0,1,0,0
47,1.031,0,1,0,0,0
47,0.496,0,0,0,0,1
47,0.701,2,1,2,0,0
47,0.375,2,2,2,0,1
47,0.892,0,0,0,0,1
47,0.656,0,0,0,0,1
47,0.446,0,1,0,0,0
47,0.711,2,2,2,0,1
47,0.496,2,2,2,0,1
47,0.464,2,2,2,0,1
47,0.468,0,0,0,0,1
47,0.671,1,0,1,0,0
47,0.709,1,1,1,0,1
47,0.763,0,0,2,0,1
47,0.659,0,0,2,0,1
47,0.687,0,0,0,0,1
47,0.792,2,2,0,0,1
47,1.4,1,0,1,0,0
47,0.926,0,0,0,0,1
47,0.743,1,0,1,0,0
47,1.121,0,2,0,0,0
47,0.697,0,1,0,0,0
47,0.674,2,0,2,0,0
47,1.076,2,2,2,0,1
47,0.783,1,2,1,0,0
47,0.779,1,2,1,0,0
47,0.724,0,0,0,0,1
47,0.562,1,1,1,0,1
47,0.651,2,1,2,0,0
47,0.994,0,0,0,0,1
47,1.205,2,1,2,0,0
47,1.084,2,2,2,0,1
47,0.745,2,0,2,0,0
47,0.978,0,2,0,0,0
47,0.731,2,2,2,0,1
47,0.578,2,2,2,0,1
47,0.826,0,2,0,0,0
47,0.646,1,1,1,0,1
47,0.98,0,1,0,0,0
47,0.614,2,1,2,0,0
47,0.578,1,0,1,0,0
48,1.047,0,2,0,0,0
48,1.181,1,1,1,0,1
48,1.248,0,1,0,0,0
48,1.312,0,1,0,0,0
48,1.492,2,0,2,0,0
48,1.382,2,2,2,0,1
48,1.047,1,1,1,0,1
48,1.24,1,1,1,0,1
48,1.234,2,2,2,0,1
48,1.217,2,2,2,0,1
48,1.364,1,2,1,0,0
48,1.371,1,2,1,0,0
48,1.261,0,2,0,0,0
48,1.123,0,2,0,0,0
48,1.424,0,0,1,0,1
48,1.466,1,1,1,0,1
48,1.379,1,0,1,0,0
48,1.213,2,1,2,0,0
48,1.251,0,0,0,0,1
48,1.091,2,1,1,0,0
48,1.494,1,0,1,0,0
48,1.32,0,0,1,0,1
48,1.254,2,2,2,0,1
48,1.354,0,1,0,0,0
48,1.223,0,2,0,0,0
48,1.246,2,2,2,0,1
48,1.159,2,0,2,0,0
48,1.409,0,0,0,0,1
48,1.474,0,2,1,0,0
48,1.213,0,0,0,0,1
48,1.191,1,2,1,0,0
48,1.297,2,2,2,0,1
48,1.391,1,2,1,0,0
48,1.077,0,2,0,0,0
48,1.104,2,2,2,0,1
48,1.218,1,1,1,0,1
48,1.281,2,1,2,0,0
48,1.316,1,1,1,0,1
48,1.379,0,0,0,0,1
48,1.174,1,1,1,0,1
48,1.075,0,0,1,0,1
48,1.172,0,0,0,0,1
48,1.214,2,2,2,0,1
48,1.228,0,0,0,0,1
48,1.41,2,0,2,0,0
48,1.306,1,1,1,0,1
48,1.275,2,1,2,0,0
48,1.302,2,1,2,0,0
48,1.17,2,2,2,0,1
48,1.203,1,2,1,0,0
48,1.274,0,1,0,0,0
48,1.29,2,2,2,0,1
48,1.338,1,2,1,0,0
48,1.186,2,2,2,0,1
48,1.29,1,1,1,0,1
48,1.254,2,2,2,0,1
48,1.167,2,2,2,0,1
48,1.128,1,1,1,0,1
48,1.281,2,0,2,0,0
48,1.258,1,1,1,0,1
48,1.378,1,1,1,0,1
48,1.266,1,1,1,0,1
48,1.262,0,0,0,0,1
48,1.116,0,0,0,0,1
48,1.42,1,0,1,0,0
48,1.275,0,2,0,0,0
48,0.95,0,2,0,0,0
48,0.954,1,0,1,0,0
48,0.785,0,0,0,0,1
48,0.83,0,0,0,0,1
48,0.822,0,1,0,0,0
48,0.742,0,0,0,0,1
48,0.967,2,1,2,0,0
48,1.003,1,1,1,0,1
48,1.06,1,1,1,0,1
48,0.929,2,2,2,0,1
48,1.031,1,0,1,0,0
48,1.135,1,0,1,0,0
48,1.242,1,0,1,0,0
48,0.968,1,1,1,0,1
48,1.255,2,2,2,0,1
48,1.179,2,2,2,0,1
48,0.996,2,0,2,0,0
48,1.151,2,0,2,0,0
48,1.317,0,1,0,0,0
48,1.277,1,0,1,0,0
48,1.304,0,0,0,0,1
48,1.161,0,1,0,0,0
48,1.07,2,1,2,0,0
49,0.801,1,1,1,0,1
49,0.659,1,1,1,0,1
49,0.641,1,1,1,0,1
49,0.575,1,1,1,0,1
49,1.164,0,2,0,0,0
49,0.851,2,1,2,0,0
49,1.022,0,2,0,0,0
49,1.028,0,1,0,0,0
49,0.747,0,1,0,0,0
49,0.699,0,1,0,0,0
49,0.908,2,2,2,0,1
49,0.671,1,2,1,0,0
49,0.72,0,0,0,0,1
49,0.949,2,1,2,0,0
49,1.23,0,2,0,0,0
49,1.12,1,2,1,0,0
49,0.82,1,0,1,0,0
49,0.781,2,2,2,0,1
49,0.933,0,0,0,0,1
49,0.799,0,1,0,0,0
49,0.922,2,0,2,0,0
49,0.931,0,0,0,0,1
49,0.779,1,1,1,0,1
49,0.928,2,0,2,0,0
49,1.129,0,2,0,0,0
49,0.921,1,2,1,0,0
49,0.95,2,1,2,0,0
49,0.808,0,0,0,0,1
49,0.831,0,0,0,0,1
49,0.8,1,1,1,0,1
49,0.991,0,2,0,0,0
49,1.371,1,0,1,0,0
49,0.73,1,1,1,0,1
49,0.692,1,1,1,0,1
49,0.94,2,1,2,0,0
49,1.091,1,0,1,0,0
49,1.052,2,0,2,0,0
49,0.899,0,0,0,0,1
49,0.631,0,0,0,0,1
49,1.232,1,1,1,0,1
49,0.899,2,2,2,0,1
49,0.697,2,2,2,0,1
49,1.424,2,1,2,0,0
49,0.888,0,0,0,0,1
49,1.136,1,0,1,0,0
49,0.869,1,1,1,0,1
49,1.353,1,0,1,0,0
49,1.049,0,2,0,0,0
49,0.811,0,0,0,0,1
49,0.719,2,1,2,0,0
49,1.17,1,0,1,0,0
49,0.74,1,2,1,0,0
49,0.997,2,2,2,0,1
49,0.911,1,1,1,0,1
49,0.749,2,2,2,0,1
49,0.911,1,2,1,0,0
49,0.838,0,2,0,0,0
49,0.75,0,0,0,0,1
49,1.06,2,1,2,0,0
49,0.588,2,0,2,0,0
49,0.862,1,2,1,0,0
49,0.681,0,1,0,0,0
49,0.922,2,0,2,0,0
49,0.926,0,1,0,0,0
49,1.17,2,2,1,0,1
49,0.679,2,2,2,0,1
49,0.95,0,1,0,0,0
49,0.738,2,2,2,0,1
49,1.042,1,1,1,0,1
49,0.89,2,2,2,0,1
49,0.796,0,0,0,0,1
49,1.032,1,0,1,0,0
49,0.829,2,2,2,0,1
49,0.931,1,1,1,0,1
49,0.9,1,1,1,0,1
49,0.8,0,0,0,0,1
49,1.04,0,1,0,0,0
49,0.679,0,0,0,0,1
49,0.791,2,0,2,0,0
49,0.667,2,2,2,0,1
49,0.879,1,1,1,0,1
49,0.758,2,1,2,0,0
49,0.73,0,0,0,0,1
49,0.631,1,1,1,0,1
49,0.96,0,2,0,0,0
49,0.695,2,2,2,0,1
49,0.719,2,0,2,0,0
49,0.89,1,0,1,0,0
49,1,0,0,0,0,1
49,0.729,2,2,2,0,1
49,0.763,0,0,0,0,1
49,0.709,2,2,2,0,1
49,0.847,1,2,1,0,0
49,0.811,2,2,2,0,1
49,0.81,2,0,2,0,0
50,0.448,2,2,2,0,1
50,0.694,2,1,2,0,0
50,0.506,2,2,2,0,1
50,0.511,0,0,0,0,1
50,0.572,2,2,2,0,1
50,0.699,1,0,1,0,0
50,0.547,1,1,1,0,1
50,0.619,0,0,0,0,1
50,0.645,2,1,2,0,0
50,0.572,1,1,1,0,1
50,0.646,2,1,2,0,0
50,0.613,0,2,0,0,0
50,0.898,1,0,1,0,0
50,0.548,1,1,1,0,1
50,0.415,2,2,2,0,1
50,0.525,1,1,1,0,1
50,0.632,0,1,0,0,0
50,0.588,1,1,1,0,1
50,0.731,1,2,1,0,0
50,0.535,2,2,2,0,1
50,0.615,2,2,2,0,1
50,0.461,2,2,2,0,1
50,0.549,0,0,0,0,1
50,0.548,1,1,1,0,1
50,0.451,1,1,1,0,1
50,0.694,1,2,1,0,0
50,0.524,2,2,2,0,1
50,0.538,0,2,0,0,0
50,0.511,1,1,1,0,1
50,0.592,0,2,0,0,0
50,0.608,2,1,2,0,0
50,0.508,1,1,1,0,1
50,0.44,2,2,2,0,1
50,0.643,2,0,2,0,0
50,0.439,0,0,0,0,1
50,0.603,0,1,0,0,0
50,0.858,2,1,2,0,0
50,0.644,1,2,1,0,0
50,0.62,2,2,2,0,1
50,0.647,0,1,0,0,0
50,0.593,0,1,0,0,0
50,0.827,2,0,2,0,0
50,0.865,1,0,1,0,0
50,0.6,0,0,0,0,1
50,0.487,0,1,0,0,0
50,0.55,2,2,2,0,1
50,0.537,1,1,1,0,1
50,0.93,2,0,2,0,0
50,0.487,0,0,0,0,1
50,0.609,0,1,0,0,0
50,0.634,1,0,1,0,0
50,0.611,2,0,2,0,0
50,0.515,0,0,0,0,1
50,0.671,2,1,2,0,0
50,0.705,2,0,2,0,0
50,0.543,2,2,2,0,1
50,0.553,0,1,0,0,0
50,0.631,2,0,2,0,0
50,0.716,2,0,2,0,0
50,0.681,1,0,1,0,0
50,0.71,1,2,1,0,0
50,0.679,2,1,2,0,0
50,0.592,1,1,1,0,1
50,0.522,1,0,1,0,0
50,0.555,0,1,0,0,0
50,0.43,0,2,0,0,0
50,0.573,1,2,2,0,0
50,0.715,2,1,2,0,0
50,0.593,0,0,0,0,1
50,0.579,1,1,1,0,1
50,0.604,2,2,2,0,1
50,0.509,0,0,0,0,1
50,0.461,0,0,0,0,1
50,0.49,0,2,0,0,0
50,0.614,2,2,2,0,1
50,0.531,0,2,0,0,0
50,0.673,1,2,1,0,0
50,0.529,0,0,0,0,1
50,0.843,2,2,2,0,1
50,0.551,2,2,2,0,1
50,0.503,0,0,0,0,1
50,0.452,0,0,0,0,1
50,0.742,1,0,1,0,0
50,0.529,0,0,0,0,1
50,0.665,1,2,2,0,0
50,0.535,1,1,1,0,1
50,0.562,0,2,0,0,0
50,0.582,1,1,1,0,1
50,0.653,1,1,1,0,1
50,0.517,0,0,0,0,1
50,0.754,1,2,1,0,0
50,0.537,1,1,1,0,1
50,0.746,2,0,2,0,0
50,0.547,0,0,0,0,1
50,0.716,0,2,0,0,0
51,0.942,1,0,1,0,0
51,0.745,1,1,1,0,1
51,1.437,0,1,0,0,0
51,1.344,1,1,1,0,1
51,0.564,0,0,0,0,1
51,1.375,1,0,1,0,0
51,0.93,0,0,0,0,1
51,0.852,2,2,2,0,1
51,0.695,2,2,2,0,1
51,1.019,0,2,0,0,0
51,1.01,0,2,0,0,0
51,0.877,1,2,1,0,0
51,0.576,0,0,0,0,1
51,0.716,2,1,2,0,0
51,0.583,0,0,0,0,1
51,0.475,2,2,2,0,1
51,0.582,2,2,2,0,1
51,0.875,2,1,2,0,0
51,1.022,1,1,1,0,1
51,1.049,1,2,1,0,0
51,1.136,1,2,1,0,0
51,0.563,1,1,1,0,1
51,1.431,2,2,2,0,1
51,0.594,1,1,1,0,1
51,0.686,0,0,0,0,1
51,0.793,1,2,2,0,0
51,0.693,0,0,0,0,1
51,0.894,2,0,2,0,0
51,0.898,1,0,1,0,0
51,0.548,2,2,2,0,1
51,0.687,2,1,2,0,0
51,0.603,0,0,0,0,1
51,0.623,0,1,0,0,0
51,0.826,1,1,1,0,1
51,0.934,0,2,0,0,0
51,0.785,0,0,0,0,1
51,0.765,2,2,2,0,1
51,0.552,0,0,0,0,1
51,0.89,1,0,1,0,0
51,1.061,0,1,0,0,0
51,1.094,1,1,1,0,1
51,1.217,0,2,0,0,0
51,1.333,2,0,2,0,0
51,1.094,0,1,0,0,0
51,0.737,2,2,2,0,1
51,0.995,1,1,1,0,1
51,1.286,2,0,2,0,0
51,0.482,2,0,2,0,0
51,0.573,2,2,2,0,1
51,0.518,2,2,2,0,1
51,1.474,0,2,0,0,0
51,1.428,2,1,2,0,0
51,0.951,1,1,1,0,1
51,1.403,2,1,2,0,0
51,0.559,1,1,1,0,1
51,0.602,0,0,0,0,1
51,0.684,2,1,1,0,0
51,1.16,0,1,0,0,0
51,0.619,2,0,2,0,0
51,0.582,2,2,2,0,1
51,0.626,2,1,2,0,0
51,0.999,1,2,1,0,0
51,1.434,1,0,2,0,0
51,0.717,1,2,2,0,0
51,0.961,1,2,1,0,0
51,1.045,1,1,1,0,1
51,0.664,2,0,2,0,0
51,0.843,1,1,1,0,1
51,0.95,0,2,0,0,0
51,0.522,2,2,2,0,1
51,0.508,2,2,2,0,1
51,0.368,0,1,0,0,0
51,0.532,2,2,2,0,1
51,0.472,0,0,0,0,1
51,0.499,2,2,2,0,1
51,0.646,0,0,0,0,1
51,0.698,0,1,0,0,0
51,0.453,0,1,0,0,0
51,0.936,1,1,1,0,1
51,0.772,1,0,1,0,0
51,0.728,1,1,1,0,1
51,0.555,1,0,1,0,0
51,0.902,2,0,2,0,0
51,0.885,0,2,0,0,0
51,0.56,0,0,0,0,1
51,1.219,2,0,2,0,0
51,1.199,1,2,1,0,0
51,0.555,0,0,0,0,1
51,0.88,1,1,1,0,1
51,0.723,1,1,1,0,1
51,0.727,0,0,0,0,1
51,0.859,2,1,2,0,0
51,0.622,2,2,2,0,1
51,0.664,0,0,0,0,1
51,0.828,0,2,2,0,0
52,0.585,1,1,1,0,1
52,0.581,2,1,2,0,0
52,0.619,1,2,1,0,0
52,0.539,2,1,2,0,0
52,0.412,0,0,0,0,1
52,0.525,2,2,2,0,1
52,0.565,0,1,0,0,0
52,0.491,0,2,0,0,0
52,0.543,1,1,1,0,1
52,0.487,1,1,1,0,1
52,0.637,1,2,1,0,0
52,0.444,1,1,1,0,1
52,0.46,1,1,1,0,1
52,0.43,1,1,1,0,1
52,0.577,2,2,2,0,1
52,0.388,2,0,2,0,0
52,0.676,1,0,1,0,0
52,0.649,1,1,1,0,1
52,0.45,0,1,0,0,0
52,0.612,1,2,1,0,0
52,0.626,2,1,2,0,0
52,0.402,2,2,2,0,1
52,0.538,0,0,0,0,1
52,0.67,2,2,0,0,1
52,0.804,1,1,1,0,1
52,0.845,2,0,2,0,0
52,0.729,1,1,1,0,1
52,0.703,2,2,2,0,1
52,0.64,0,0,0,0,1
52,0.621,2,2,2,0,1
52,0.946,1,1,1,0,1
52,0.626,0,0,0,0,1
52,0.793,1,0,1,0,0
52,0.649,0,0,0,0,1
52,0.759,2,0,2,0,0
52,0.774,0,0,0,0,1
52,1.16,2,1,2,0,0
52,1.004,0,2,0,0,0
52,0.677,1,0,1,0,0
52,0.639,2,2,2,0,1
52,0.615,2,0,2,0,0
52,0.39,2,0,2,0,0
52,0.468,2,1,2,0,0
52,0.849,1,2,0,0,0
52,0.514,1,2,1,0,0
52,0.578,0,2,0,0,0
52,0.782,1,2,1,0,0
52,0.38,2,2,2,0,1
52,0.845,1,0,1,0,0
52,0.723,0,2,0,0,0
52,0.628,0,2,0,0,0
52,0.622,2,0,2,0,0
52,0.728,0,1,0,0,0
52,0.485,0,0,0,0,1
52,0.528,2,2,2,0,1
52,0.833,1,2,1,0,0
52,0.836,2,0,2,0,0
52,0.861,2,1,2,0,0
52,1.074,0,0,0,0,1
52,0.613,2,1,2,0,0
52,0.677,0,2,0,0,0
52,0.534,0,0,0,0,1
52,0.823,1,1,1,0,1
52,0.662,0,0,0,0,1
52,0.398,0,1,0,0,0
52,0.373,0,0,0,0,1
52,0.438,0,1,0,0,0
52,0.547,0,2,0,0,0
52,0.564,2,1,2,0,0
52,0.957,1,0,1,0,0
52,0.444,1,0,1,0,0
52,0.478,1,1,1,0,1
52,0.43,1,0,1,0,0
52,0.444,1,2,1,0,0
52,0.493,2,2,2,0,1
52,0.451,2,2,2,0,1
52,0.746,0,1,0,0,0
52,0.481,2,2,2,0,1
52,0.403,2,2,2,0,1
52,0.583,0,0,0,0,1
52,0.421,0,0,0,0,1
52,0.665,1,1,1,0,1
52,0.689,0,2,0,0,0
52,0.592,1,1,1,0,1
52,0.562,0,0,0,0,1
52,0.549,0,1,0,0,0
52,0.44,0,0,0,0,1
52,0.691,0,1,0,0,0
52,0.725,2,0,2,0,0
52,0.538,2,2,2,0,1
52,0.789,1,1,1,0,1
52,0.791,1,0,1,0,0
52,0.489,1,1,1,0,1
52,0.478,2,2,2,0,1
52,0.433,0,0,0,0,1
53,0.846,1,2,1,0,0
53,0.601,0,0,0,0,1
53,0.645,1,2,1,0,0
53,0.652,1,2,1,0,0
53,0.631,1,1,1,0,1
53,0.466,2,0,2,0,0
53,0.633,0,0,0,0,1
53,0.731,1,1,1,0,1
53,0.759,2,2,2,0,1
53,1.013,0,1,0,0,0
53,0.623,0,0,0,0,1
53,0.924,2,0,2,0,0
53,0.672,2,0,2,0,0
53,0.584,0,0,0,0,1
53,0.62,0,0,0,0,1
53,0.632,0,2,0,0,0
53,0.586,0,2,0,0,0
53,0.555,0,1,0,0,0
53,0.635,2,2,2,0,1
53,0.546,0,0,0,0,1
53,0.47,2,1,2,0,0
53,0.491,0,1,0,0,0
53,0.475,1,0,1,0,0
53,0.711,0,2,2,0,0
53,0.679,0,0,0,0,1
53,0.459,2,0,2,0,0
53,0.641,1,1,1,0,1
53,0.674,1,1,1,0,1
53,0.63,0,0,0,0,1
53,0.559,2,2,2,0,1
53,0.71,2,1,2,0,0
53,0.646,0,1,0,0,0
53,0.782,2,2,2,0,1
53,0.505,1,0,1,0,0
53,0.653,0,2,0,0,0
53,0.626,0,2,0,0,0
53,0.844,1,1,1,0,1
53,0.636,0,0,0,0,1
53,0.731,2,2,2,0,1
53,0.876,1,0,1,0,0
53,0.83,2,2,0,0,1
53,0.814,2,2,2,0,1
53,0.76,0,1,0,0,0
53,0.499,1,1,1,0,1
53,0.55,0,0,0,0,1
53,0.704,1,0,1,0,0
53,0.723,0,0,0,0,1
53,0.563,1,2,1,0,0
53,0.691,1,2,1,0,0
53,0.886,2,2,2,0,1
53,0.602,0,1,0,0,0
53,0.765,1,0,1,0,0
53,0.497,0,1,0,0,0
53,0.606,1,1,1,0,1
53,0.658,1,1,1,0,1
53,0.59,1,1,1,0,1
53,0.73,2,0,2,0,0
53,0.587,1,0,1,0,0
53,0.649,2,2,2,0,1
53,0.552,0,2,0,0,0
53,0.798,2,1,2,0,0
53,0.698,0,2,0,0,0
53,0.588,1,0,1,0,0
53,1.035,2,1,2,0,0
53,0.649,1,1,1,0,1
53,0.806,2,2,2,0,1
53,0.653,0,2,0,0,0
53,0.927,2,2,2,0,1
53,0.636,0,0,0,0,1
53,0.912,0,1,0,0,0
53,0.429,0,0,0,0,1
53,0.712,1,2,1,0,0
53,0.806,2,2,2,0,1
53,0.575,0,0,0,0,1
53,0.722,2,2,2,0,1
53,0.601,1,2,1,0,0
53,0.572,0,0,0,0,1
53,0.726,2,2,2,0,1
53,0.526,2,1,2,0,0
53,0.623,2,0,2,0,0
53,0.435,2,2,2,0,1
53,0.528,0,0,0,0,1
53,0.483,1,1,1,0,1
53,0.632,2,0,0,0,0
53,0.872,1,1,1,0,1
53,0.526,2,2,2,0,1
53,0.707,1,2,1,0,0
53,0.583,1,1,1,0,1
53,0.684,2,1,2,0,0
53,0.667,1,1,1,0,1
53,0.611,1,0,0,0,0
53,0.907,2,1,2,0,0
53,0.469,1,1,1,0,1
53,0.833,1,1,1,0,1
54,0.714,0,0,0,0,1
54,0.846,1,0,2,0,0
54,0.681,0,0,0,0,1
54,1.333,2,1,2,0,0
54,0.582,2,1,2,0,0
54,0.669,0,1,0,0,0
54,1.022,0,0,0,0,1
54,0.919,1,2,1,0,0
54,0.61,1,1,1,0,1
54,0.893,2,1,2,0,0
54,0.773,2,2,2,0,1
54,1.056,0,0,0,0,1
54,1.348,1,1,1,0,1
54,1.255,2,1,1,0,0
54,0.743,2,0,2,0,0
54,1.036,0,1,0,0,0
54,0.898,2,2,2,0,1
54,0.718,1,2,1,0,0
54,1.157,2,2,2,0,1
54,0.866,0,0,0,0,1
54,1.104,1,0,1,0,0
54,0.826,2,2,2,0,1
54,1.094,1,0,1,0,0
54,0.746,1,1,1,0,1
54,0.832,0,2,0,0,0
54,1.295,2,1,2,0,0
54,0.819,0,2,0,0,0
54,1.14,1,2,1,0,0
54,0.601,1,1,1,0,1
54,1.129,1,2,1,0,0
54,0.64,2,2,2,0,1
54,0.66,1,1,1,0,1
54,0.642,2,2,2,0,1
54,0.75,2,0,2,0,0
54,0.906,1,0,1,0,0
54,0.753,0,1,0,0,0
54,0.633,0,0,0,0,1
54,0.588,0,2,0,0,0
54,0.678,2,2,2,0,1
54,0.734,0,0,0,0,1
54,0.593,1,1,1,0,1
54,0.643,1,1,1,0,1
54,0.526,1,1,1,0,1
54,0.617,2,2,2,0,1
54,0.919,0,0,0,0,1
54,1.185,2,1,2,0,0
54,0.61,1,1,1,0,1
54,0.804,1,1,1,0,1
54,0.754,0,2,0,0,0
54,0.682,0,1,0,0,0
54,0.678,0,0,0,0,1
54,0.534,0,0,0,0,1
54,0.774,1,2,2,0,0
54,0.651,1,1,1,0,1
54,0.566,2,2,2,0,1
54,0.798,0,0,0,0,1
54,0.536,0,0,0,0,1
54,0.885,2,0,2,0,0
54,0.998,1,0,1,0,0
54,0.769,2,0,0,0,0
54,0.874,0,1,0,0,0
54,0.473,0,0,0,0,1
54,0.891,2,1,2,0,0
54,0.769,0,2,1,0,0
54,1.052,0,1,0,0,0
54,0.813,2,2,2,0,1
54,0.555,1,2,1,0,0
54,0.648,2,2,2,0,1
54,0.869,0,2,0,0,0
54,0.55,1,1,1,0,1
54,0.892,2,0,2,0,0
54,0.678,2,2,2,0,1
54,0.498,2,2,2,0,1
54,0.689,0,2,0,0,0
54,0.801,2,2,2,0,1
54,0.983,1,2,1,0,0
54,0.594,0,0,0,0,1
54,0.769,1,1,1,0,1
54,0.596,0,0,0,0,1
54,0.639,1,1,1,0,1
54,0.703,1,0,0,0,0
54,0.5,1,1,1,0,1
54,1.177,2,1,1,0,0
54,0.999,2,0,0,0,0
54,0.986,1,2,1,0,0
54,1.093,2,0,2,0,0
54,1.19,1,0,2,0,0
54,1.07,0,2,0,0,0
54,0.498,0,1,0,0,0
54,0.97,1,0,1,0,0
54,0.581,0,0,0,0,1
54,0.675,0,1,0,0,0
54,1.416,1,1,1,0,1
54,0.773,2,2,2,0,1
55,0.784,2,1,2,0,0
55,0.578,2,0,2,0,0
55,0.689,1,1,1,0,1
55,0.536,1,1,1,0,1
55,0.558,2,1,2,0,0
55,0.699,1,2,1,0,0
55,0.853,2,2,2,0,1
55,0.508,2,2,2,0,1
55,0.63,0,0,0,0,1
55,1.32,1,0,1,0,0
55,0.708,2,1,2,0,0
55,0.918,1,2,1,0,0
55,1.063,1,0,1,0,0
55,0.827,0,2,0,0,0
55,1.039,2,2,2,0,1
55,1.054,2,2,2,0,1
55,0.585,1,1,1,0,1
55,0.961,1,0,1,0,0
55,0.945,2,2,2,0,1
55,0.915,0,0,0,0,1
55,1.213,0,0,0,0,1
55,0.927,2,2,2,0,1
55,0.65,1,1,1,0,1
55,0.957,0,2,0,0,0
55,0.774,1,1,1,0,1
55,1.484,1,0,1,0,0
55,0.551,1,1,1,0,1
55,0.602,1,0,1,0,0
55,0.586,2,2,2,0,1
55,0.928,2,2,2,0,1
55,0.825,0,2,0,0,0
55,0.61,0,0,0,0,1
55,1.354,2,2,1,0,1
55,0.672,0,2,0,0,0
55,0.776,0,0,0,0,1
55,0.795,1,2,2,0,0
55,0.633,1,1,1,0,1
55,0.613,0,1,0,0,0
55,0.899,1,1,1,0,1
55,0.572,1,1,1,0,1
55,0.683,1,1,1,0,1
55,1.201,0,2,0,0,0
55,0.53,2,2,2,0,1
55,0.515,0,1,0,0,0
55,0.459,1,1,1,0,1
55,0.632,0,0,0,0,1
55,0.609,0,1,0,0,0
55,0.602,0,0,0,0,1
55,0.499,0,0,0,0,1
55,0.834,1,2,2,0,0
55,0.707,0,1,0,0,0
55,0.939,0,2,0,0,0
55,0.922,1,2,1,0,0
55,0.893,2,1,2,0,0
55,0.832,2,1,2,0,0
55,1.254,2,1,0,0,0
55,0.771,2,0,0,0,0
55,0.475,2,2,2,0,1
55,0.783,1,0,1,0,0
55,0.588,1,1,1,0,1
55,0.62,1,1,1,0,1
55,0.6,0,0,0,0,1
55,0.646,0,0,0,0,1
55,1.004,1,0,2,0,0
55,0.947,1,1,1,0,1
55,1.477,2,0,2,0,0
55,0.783,1,2,1,0,0
55,0.431,1,1,1,0,1
55,0.478,1,0,1,0,0
55,1.134,2,1,2,0,0
55,1.188,1,1,1,0,1
55,1.167,2,2,2,0,1
55,0.954,0,0,0,0,1
55,0.458,0,2,0,0,0
55,0.528,0,0,0,0,1
55,0.926,2,2,2,0,1
55,1.08,2,0,2,0,0
55,0.566,0,0,0,0,1
55,1.377,0,1,2,0,0
55,1.125,0,2,0,0,0
55,0.585,0,0,0,0,1
55,0.943,2,2,2,0,1
55,1.103,0,1,0,0,0
55,0.927,2,0,2,0,0
55,0.598,2,0,2,0,0
55,0.725,0,1,0,0,0
55,1.08,2,0,2,0,0
55,0.728,2,0,2,0,0
55,0.612,2,2,2,0,1
55,0.877,0,0,0,0,1
55,1.13,1,2,1,0,0
55,1.192,0,0,0,0,1
55,0.667,1,2,1,0,0
55,1.255,2,2,2,0,1
56,0.722,1,2,1,0,0
56,0.624,2,2,2,0,1
56,0.723,1,1,1,0,1
56,0.662,2,2,2,0,1
56,0.466,0,0,0,0,1
56,0.656,1,1,1,0,1
56,0.872,2,0,2,0,0
56,0.683,1,0,1,0,0
56,0.588,0,1,0,0,0
56,0.48,0,1,0,0,0
56,0.597,1,0,1,0,0
56,0.463,2,0,2,0,0
56,0.56,0,0,0,0,1
56,0.551,0,2,0,0,0
56,0.429,1,0,1,0,0
56,0.606,0,1,0,0,0
56,0.498,2,0,2,0,0
56,0.543,0,2,0,0,0
56,0.578,0,0,0,0,1
56,0.604,0,1,0,0,0
56,0.496,0,0,0,0,1
56,0.647,2,0,2,0,0
56,0.535,2,2,2,0,1
56,0.359,1,1,1,0,1
56,0.474,0,0,0,0,1
56,0.472,0,0,0,0,1
56,1.027,1,1,1,0,1
56,0.904,2,2,2,0,1
56,0.54,2,2,2,0,1
56,0.542,0,1,0,0,0
56,0.423,0,0,0,0,1
56,0.763,2,1,2,0,0
56,0.456,0,0,0,0,1
56,0.56,1,1,1,0,1
56,0.483,2,2,2,0,1
56,0.578,2,2,2,0,1
56,0.614,1,2,2,0,0
56,0.541,0,2,0,0,0
56,0.496,0,0,0,0,1
56,0.702,1,0,1,0,0
56,0.682,1,1,1,0,1
56,0.456,0,0,0,0,1
56,0.766,2,2,2,0,1
56,0.681,1,2,1,0,0
56,0.664,2,2,2,0,1
56,0.684,1,1,1,0,1
56,0.648,2,2,2,0,1
56,0.724,2,1,2,0,0
56,0.803,1,1,1,0,1
56,0.52,1,1,1,0,1
56,0.451,1,1,1,0,1
56,0.432,1,0,1,0,0
56,0.39,1,0,1,0,0
56,0.686,2,2,2,0,1
56,0.749,1,2,1,0,0
56,0.624,1,2,1,0,0
56,0.9,0,0,0,0,1
56,0.711,2,2,2,0,1
56,0.524,1,1,1,0,1
56,0.516,1,2,1,0,0
56,0.448,1,1,1,0,1
56,0.589,1,2,1,0,0
56,0.581,2,2,2,0,1
56,0.427,1,0,1,0,0
56,0.68,2,0,0,0,0
56,0.872,1,2,1,0,0
56,0.724,0,0,0,0,1
56,0.715,2,1,2,0,0
56,0.65,0,2,0,0,0
56,0.737,0,2,0,0,0
56,0.536,0,1,0,0,0
56,0.477,0,0,0,0,1
56,0.636,2,1,2,0,0
56,0.664,2,0,2,0,0
56,0.783,2,0,2,0,0
56,0.526,2,2,2,0,1
56,0.364,1,1,1,0,1
56,0.687,0,1,0,0,0
56,0.668,2,0,2,0,0
56,0.623,2,1,2,0,0
56,0.586,2,2,2,0,1
56,0.593,0,2,0,0,0
56,0.807,1,1,1,0,1
56,0.811,1,0,1,0,0
56,0.611,2,1,2,0,0
56,0.658,1,1,1,0,1
56,0.462,0,0,0,0,1
56,0.517,0,0,0,0,1
56,0.755,2,1,2,0,0
56,0.666,0,0,0,0,1
56,0.641,0,2,0,0,0
56,0.902,2,2,2,0,1
56,0.64,2,1,2,0,0
56,0.657,0,2,0,0,0
57,1.066,2,0,2,0,0
57,0.903,0,0,0,0,1
57,0.947,2,2,2,0,1
57,0.944,1,1,1,0,1
57,0.885,0,1,0,0,0
57,0.801,0,1,0,0,0
57,0.957,1,2,1,0,0
57,0.898,0,1,0,0,0
57,0.877,1,1,1,0,1
57,1.066,0,0,0,0,1
57,1.23,0,1,0,0,0
57,0.699,2,1,2,0,0
57,0.992,1,1,1,0,1
57,1.129,2,0,2,0,0
57,0.846,0,1,0,0,0
57,1.09,2,1,2,0,0
57,0.664,1,1,1,0,1
57,0.799,2,0,2,0,0
57,0.813,2,2,2,0,1
57,0.688,2,2,2,0,1
57,0.973,1,1,1,0,1
57,0.912,0,0,0,0,1
57,0.95,2,1,2,0,0
57,0.77,1,1,1,0,1
57,1.289,0,2,0,0,0
57,1.085,0,1,0,0,0
57,0.826,0,0,0,0,1
57,1.005,2,2,2,0,1
57,1.147,0,0,0,0,1
57,1.154,1,2,1,0,0
57,0.892,2,0,2,0,0
57,0.979,1,1,1,0,1
57,1.232,2,1,2,0,0
57,1.108,1,0,1,0,0
57,0.696,1,1,1,0,1
57,0.701,2,0,2,0,0
57,0.433,0,0,0,0,1
57,0.413,1,1,1,0,1
57,0.94,1,2,2,0,0
57,0.895,2,1,2,0,0
57,0.794,1,0,1,0,0
57,0.727,0,1,0,0,0
57,0.964,2,2,2,0,1
57,0.729,1,1,1,0,1
57,1.064,2,0,2,0,0
57,0.892,1,0,1,0,0
57,0.818,1,1,1,0,1
57,0.926,0,2,0,0,0
57,0.683,2,2,2,0,1
57,0.935,1,0,1,0,0
57,0.909,0,2,0,0,0
57,0.489,1,1,1,0,1
57,0.952,0,0,0,0,1
57,0.868,0,0,0,0,1
57,0.617,0,0,0,0,1
57,0.805,2,2,2,0,1
57,1.246,1,0,1,0,0
57,1.41,1,0,1,0,0
57,1.02,0,2,0,0,0
57,0.807,2,2,2,0,1
57,1.167,2,0,2,0,0
57,0.804,0,0,0,0,1
57,0.905,1,0,1,0,0
57,0.638,1,1,1,0,1
57,0.561,1,1,1,0,1
57,0.833,0,0,0,0,1
57,1.206,1,2,1,0,0
57,0.682,1,2,1,0,0
57,0.879,0,0,0,0,1
57,0.875,0,2,0,0,0
57,0.759,1,1,1,0,1
57,0.683,0,2,0,0,0
57,0.929,2,2,2,0,1
57,0.678,2,2,2,0,1
57,1.073,2,1,2,0,0
57,1.046,1,2,1,0,0
57,0.611,0,0,0,0,1
57,0.881,1,2,1,0,0
57,0.974,0,0,0,0,1
57,1.121,2,0,2,0,0
57,0.941,1,2,1,0,0
57,1.155,1,0,1,0,0
57,0.824,0,1,2,0,0
57,1.097,2,1,2,0,0
57,0.767,0,0,0,0,1
57,1.188,2,2,2,0,1
57,0.657,2,2,2,0,1
57,0.728,2,2,2,0,1
57,0.643,2,2,2,0,1
57,0.713,2,1,2,0,0
57,0.616,1,1,1,0,1
57,1.139,0,2,0,0,0
57,0.713,0,2,0,0,0
57,0.709,2,2,2,0,1
57,0.955,0,0,0,0,1
57,0.728,2,2,2,0,1
58,0.957,0,1,0,0,0
58,0.759,1,2,1,0,0
58,0.642,2,0,0,0,0
58,0.773,1,1,1,0,1
58,0.688,1,1,1,0,1
58,0.579,2,2,2,0,1
58,0.573,2,2,2,0,1
58,0.616,1,1,1,0,1
58,0.546,1,1,1,0,1
58,0.685,0,2,0,0,0
58,0.712,1,0,1,0,0
58,0.764,0,2,0,0,0
58,0.823,2,0,2,0,0
58,0.778,2,0,2,0,0
58,0.605,1,1,1,0,1
58,0.879,1,0,1,0,0
58,0.834,2,0,2,0,0
58,0.572,2,2,2,0,1
58,0.511,1,1,1,0,1
58,0.682,0,2,0,0,0
58,0.693,1,2,1,0,0
58,0.704,1,2,1,0,0
58,0.498,0,0,0,0,1
58,0.501,0,0,0,0,1
58,0.52,2,2,2,0,1
58,0.539,1,1,1,0,1
58,0.662,0,1,0,0,0
58,0.689,2,1,2,0,0
58,0.547,2,2,2,0,1
58,0.518,1,0,1,0,0
58,0.721,1,1,1,0,1
58,0.46,0,0,0,0,1
58,0.575,0,0,0,0,1
58,0.737,2,2,2,0,1
58,0.54,0,0,0,0,1
58,0.535,0,0,0,0,1
58,0.642,1,0,1,0,0
58,0.597,1,1,1,0,1
58,0.649,1,1,1,0,1
58,0.466,0,0,0,0,1
58,0.732,2,2,2,0,1
58,0.576,1,1,1,0,1
58,0.571,1,1,1,0,1
58,0.479,0,0,0,0,1
58,0.594,0,0,0,0,1
58,0.779,2,2,2,0,1
58,0.694,2,1,2,0,0
58,0.706,0,2,0,0,0
58,0.604,1,1,1,0,1
58,0.743,1,2,1,0,0
58,0.77,1,2,1,0,0
58,0.693,2,2,2,0,1
58,0.648,2,2,2,0,1
58,0.53,2,2,2,0,1
58,0.565,2,2,2,0,1
58,0.56,0,1,0,0,0
58,0.635,1,0,1,0,0
58,0.541,1,1,1,0,1
58,0.551,2,2,2,0,1
58,0.498,0,0,0,0,1
58,0.789,1,1,1,0,1
58,0.696,1,2,1,0,0
58,0.715,2,1,2,0,0
58,0.662,0,2,0,0,0
58,0.961,2,1,2,0,0
58,0.988,2,0,2,0,0
58,0.664,0,1,0,0,0
58,0.763,0,1,0,0,0
58,0.631,0,0,0,0,1
58,0.849,2,0,2,0,0
58,0.636,0,0,0,0,1
58,0.719,1,1,1,0,1
58,0.69,0,2,0,0,0
58,0.941,1,2,1,0,0
58,0.776,1,0,1,0,0
58,0.691,0,0,0,0,1
58,0.783,2,2,2,0,1
58,0.77,2,0,2,0,0
58,0.749,1,2,1,0,0
58,0.569,0,0,0,0,1
58,0.709,0,1,0,0,0
58,0.472,0,2,0,0,0
58,0.579,0,1,0,0,0
58,0.446,0,0,0,0,1
58,0.745,1,0,1,0,0
58,0.556,2,1,2,0,0
58,0.551,2,2,2,0,1
58,0.562,0,1,0,0,0
58,0.405,0,2,0,0,0
58,0.576,2,1,2,0,0
58,0.523,2,2,2,0,1
58,0.59,2,1,2,0,0
58,0.569,2,1,2,0,0
58,0.588,0,0,0,0,1
59,0.801,2,1,2,0,0
59,0.687,0,1,0,0,0
59,0.639,0,1,0,0,0
59,0.54,1,1,1,0,1
59,0.512,0,0,0,0,1
59,0.671,1,1,1,0,1
59,0.489,2,2,2,0,1
59,0.659,2,1,2,0,0
59,0.468,2,2,2,0,1
59,0.714,1,2,1,0,0
59,0.625,2,1,2,0,0
59,0.759,2,0,2,0,0
59,0.476,2,1,2,0,0
59,0.442,2,1,2,0,0
59,0.426,2,0,2,0,0
59,0.527,2,2,2,0,1
59,0.593,1,2,1,0,0
59,0.506,2,2,2,0,1
59,0.62,2,1,2,0,0
59,0.466,2,2,2,0,1
59,0.671,1,1,1,0,1
59,0.571,2,1,2,0,0
59,0.55,0,0,0,0,1
59,0.575,0,2,0,0,0
59,0.614,1,1,1,0,1
59,0.443,0,0,0,0,1
59,0.527,0,0,0,0,1
59,0.487,0,1,0,0,0
59,0.511,0,0,0,0,1
59,0.824,1,0,1,0,0
59,0.649,2,0,2,0,0
59,0.757,1,2,1,0,0
59,0.558,0,2,0,0,0
59,0.914,2,0,2,0,0
59,0.675,1,0,1,0,0
59,0.516,1,1,1,0,1
59,0.722,2,0,2,0,0
59,0.645,1,2,1,0,0
59,0.597,0,1,0,0,0
59,0.665,2,0,2,0,0
59,0.582,2,1,1,0,0
59,0.505,0,2,0,0,0
59,0.531,1,1,1,0,1
59,0.735,0,1,0,0,0
59,0.779,1,1,1,0,1
59,0.496,1,1,1,0,1
59,0.443,1,0,1,0,0
59,0.664,0,1,0,0,0
59,0.467,2,2,2,0,1
59,0.509,0,1,0,0,0
59,0.828,1,0,1,0,0
59,0.657,0,0,0,0,1
59,0.62,0,0,0,0,1
59,0.758,2,2,2,0,1
59,0.438,2,2,2,0,1
59,0.483,2,2,2,0,1
59,0.44,2,2,2,0,1
59,0.666,0,2,0,0,0
59,0.919,0,0,0,0,1
59,0.808,1,1,1,0,1
59,0.765,1,0,1,0,0
59,0.544,0,0,0,0,1
59,0.475,2,2,2,0,1
59,0.889,0,2,0,0,0
59,0.744,1,1,1,0,1
59,0.679,0,0,0,0,1
59,0.559,1,1,1,0,1
59,0.468,2,2,2,0,1
59,0.533,0,0,0,0,1
59,0.751,1,2,1,0,0
59,0.554,0,0,0,0,1
59,0.685,1,0,1,0,0
59,0.422,2,2,2,0,1
59,0.79,1,2,1,0,0
59,0.647,2,0,2,0,0
59,0.458,0,0,0,0,1
59,0.502,0,0,0,0,1
59,0.538,0,2,0,0,0
59,0.616,2,0,2,0,0
59,0.544,1,0,1,0,0
59,0.477,1,1,1,0,1
59,0.74,0,2,0,0,0
59,0.543,2,2,2,0,1
59,0.581,1,1,1,0,1
59,0.585,0,2,0,0,0
59,0.739,0,0,0,0,1
59,0.495,0,0,0,0,1
59,0.544,1,1,1,0,1
59,0.529,1,2,1,0,0
59,0.419,2,2,2,0,1
59,0.583,0,1,0,0,0
59,0.607,1,1,1,0,1
59,0.69,1,0,0,0,0
60,1.136,0,1,1,0,0
60,1.024,1,1,1,0,1
60,0.844,2,0,2,0,0
60,0.775,2,1,2,0,0
60,0.676,1,1,1,0,1
60,0.622,0,2,0,0,0
60,1.009,2,0,2,0,0
60,0.634,1,1,1,0,1
60,0.589,1,1,1,0,1
60,0.728,0,0,0,0,1
60,0.821,2,0,2,0,0
60,0.912,0,0,1,0,1
60,0.764,2,2,2,0,1
60,0.65,0,0,0,0,1
60,0.85,0,2,0,0,0
60,0.853,1,0,1,0,0
60,0.671,2,1,2,0,0
60,0.756,2,0,2,0,0
60,0.574,2,2,2,0,1
60,0.786,1,2,1,0,0
60,0.734,1,2,1,0,0
60,0.725,0,0,0,0,1
60,0.664,1,1,1,0,1
60,0.747,0,1,0,0,0
60,0.709,1,0,1,0,0
60,0.81,0,1,0,0,0
60,0.997,2,2,2,0,1
60,0.561,2,1,2,0,0
60,0.835,1,2,1,0,0
60,0.57,0,0,0,0,1
60,0.746,0,1,0,0,0
60,0.474,0,0,0,0,1
60,0.542,0,0,0,0,1
60,0.859,2,2,2,0,1
60,0.573,2,2,2,0,1
60,0.51,2,2,2,0,1
60,0.522,1,0,1,0,0
60,0.732,2,2,2,0,1
60,0.578,1,0,1,0,0
60,0.485,1,1,1,0,1
60,0.754,0,0,0,0,1
60,0.844,1,1,1,0,1
60,0.737,2,2,2,0,1
60,0.838,1,1,1,0,1
60,0.499,1,1,1,0,1
60,0.641,0,0,0,0,1
60,0.693,2,0,2,0,0
60,0.771,2,1,2,0,0
60,0.936,0,2,0,0,0
60,0.54,0,0,0,0,1
60,0.672,1,2,1,0,0
60,0.708,2,0,2,0,0
60,0.65,1,1,1,0,1
60,0.82,2,2,2,0,1
60,0.734,1,2,1,0,0
60,0.725,0,0,0,0,1
60,0.979,2,2,1,0,1
60,0.648,0,0,0,0,1
60,0.74,1,1,1,0,1
60,0.707,0,2,0,0,0
60,0.703,0,2,0,0,0
60,0.556,0,0,0,0,1
60,0.97,2,2,2,0,1
60,0.606,1,1,1,0,1
60,0.873,0,2,0,0,0
60,0.67,1,2,1,0,0
60,0.674,1,2,1,0,0
60,0.773,1,0,1,0,0
60,0.882,0,2,0,0,0
60,0.571,1,0,1,0,0
60,0.549,0,0,0,0,1
60,0.628,1,1,1,0,1
60,0.561,1,1,1,0,1
60,0.621,1,2,1,0,0
60,0.697,2,1,2,0,0
60,0.661,0,0,0,0,1
60,0.626,0,0,0,0,1
60,0.599,1,0,1,0,0
60,0.804,2,2,2,0,1
60,0.696,2,2,2,0,1
60,0.666,1,1,1,0,1
60,0.917,2,1,2,0,0
60,0.7,2,2,2,0,1
60,0.633,1,1,1,0,1
60,0.805,0,1,0,0,0
60,0.567,0,1,0,0,0
60,0.789,2,0,2,0,0
60,0.918,2,0,2,0,0
60,0.555,2,2,2,0,1
60,0.527,2,1,2,0,0
60,0.5,2,2,2,0,1
60,0.992,1,0,1,0,0
60,0.717,0,1,0,0,0
61,0.686,2,0,2,0,0
61,0.424,1,2,1,0,0
61,0.818,2,0,2,0,0
61,0.589,2,1,2,0,0
61,0.489,2,2,2,0,1
61,0.692,1,1,1,0,1
61,1.07,1,1,1,0,1
61,0.696,2,2,2,0,1
61,0.723,2,2,2,0,1
61,0.701,1,0,1,0,0
61,0.568,2,2,2,0,1
61,0.754,2,2,2,0,1
61,0.606,0,0,0,0,1
61,0.392,0,0,0,0,1
61,0.818,2,0,2,0,0
61,0.878,0,2,0,0,0
61,0.905,1,0,1,0,0
61,0.451,1,2,1,0,0
61,0.621,2,2,2,0,1
61,0.729,0,1,0,0,0
61,0.676,1,1,1,0,1
61,0.591,2,1,2,0,0
61,1.102,2,1,2,0,0
61,0.627,1,1,1,0,1
61,0.558,2,2,2,0,1
61,0.649,2,0,2,0,0
61,0.656,0,2,0,0,0
61,0.635,1,1,2,0,1
61,0.726,0,1,0,0,0
61,0.64,1,1,1,0,1
61,0.539,2,1,2,0,0
61,0.469,1,1,1,0,1
61,0.432,1,1,1,0,1
61,1.034,2,0,2,0,0
61,0.5,2,2,2,0,1
61,0.623,0,2,0,0,0
61,0.938,2,2,2,0,1
61,0.933,0,2,0,0,0
61,0.542,0,2,0,0,0
61,0.936,1,1,1,0,1
61,0.612,0,0,0,0,1
61,0.704,1,2,2,0,0
61,0.923,0,1,0,0,0
61,0.821,1,0,1,0,0
61,0.736,0,0,0,0,1
61,0.778,2,0,2,0,0
61,0.485,2,2,2,0,1
61,1.089,1,0,1,0,0
61,0.475,1,1,1,0,1
61,0.662,2,2,2,0,1
61,0.448,2,1,2,0,0
61,0.571,0,0,0,0,1
61,0.454,0,0,0,0,1
61,0.498,0,1,0,0,0
61,0.808,1,0,1,0,0
61,0.676,0,1,0,0,0
61,1.024,1,2,1,0,0
61,0.41,2,0,2,0,0
61,0.693,1,1,1,0,1
61,0.512,0,0,0,0,1
61,0.46,0,2,0,0,0
61,0.47,0,2,0,0,0
61,1.105,2,1,2,0,0
61,0.733,0,0,0,0,1
61,0.632,2,2,2,0,1
61,0.643,1,2,1,0,0
61,0.814,0,1,0,0,0
61,0.777,1,1,1,0,1
61,0.58,2,2,2,0,1
61,0.778,2,1,2,0,0
61,0.501,0,0,0,0,1
61,0.64,2,2,2,0,1
61,0.635,2,2,2,0,1
61,0.518,2,1,2,0,0
61,0.673,0,0,0,0,1
61,0.7,1,0,1,0,0
61,0.695,1,2,1,0,0
61,0.578,0,0,0,0,1
61,0.941,1,2,1,0,0
61,0.807,0,2,0,0,0
61,0.482,0,0,0,0,1
61,0.494,0,0,0,0,1
61,0.889,1,2,1,0,0
61,0.58,0,0,0,0,1
61,0.447,0,0,0,0,1
61,0.555,1,1,1,0,1
61,0.789,1,0,1,0,0
61,0.687,1,0,1,0,0
61,0.634,0,1,0,0,0
61,0.597,1,1,1,0,1
61,0.528,0,1,0,0,0
61,0.667,2,2,2,0,1
61,0.646,0,0,0,0,1
62,0.615,2,0,2,0,0
62,0.988,2,1,2,0,0
62,0.401,0,2,0,0,0
62,0.902,2,1,1,0,0
62,0.6,2,2,2,0,1
62,0.574,1,1,1,0,1
62,0.405,0,0,0,0,1
62,0.799,1,1,1,0,1
62,0.646,0,0,0,0,1
62,0.545,1,1,1,0,1
62,0.62,1,1,1,0,1
62,0.56,0,0,0,0,1
62,0.497,0,2,0,0,0
62,0.724,2,2,2,0,1
62,0.869,1,2,1,0,0
62,0.66,2,2,2,0,1
62,1.02,2,0,2,0,0
62,0.568,1,0,1,0,0
62,0.879,1,2,1,0,0
62,0.92,2,0,2,0,0
62,0.609,2,2,2,0,1
62,0.789,2,1,2,0,0
62,0.492,0,0,0,0,1
62,0.666,2,2,2,0,1
62,0.53,2,1,2,0,0
62,0.526,2,2,2,0,1
62,0.472,2,2,2,0,1
62,0.709,0,1,0,0,0
62,1.111,1,2,1,0,0
62,0.541,1,1,1,0,1
62,0.651,2,2,2,0,1
62,1.091,2,0,2,0,0
62,0.55,2,2,2,0,1
62,0.364,0,1,0,0,0
62,0.492,0,0,0,0,1
62,0.625,1,2,1,0,0
62,0.899,0,1,0,0,0
62,0.677,1,1,1,0,1
62,0.567,0,2,0,0,0
62,0.52,0,1,0,0,0
62,0.405,1,1,1,0,1
62,0.777,2,1,2,0,0
62,0.783,1,1,1,0,1
62,0.894,1,2,1,0,0
62,0.631,0,1,0,0,0
62,0.588,0,2,0,0,0
62,0.889,1,2,1,0,0
62,0.597,2,0,2,0,0
62,0.432,0,0,0,0,1
62,0.614,0,1,0,0,0
62,0.723,2,2,2,0,1
62,0.471,0,0,0,0,1
62,0.699,2,2,2,0,1
62,0.785,1,1,1,0,1
62,0.624,1,1,1,0,1
62,0.497,1,1,1,0,1
62,0.506,1,1,1,0,1
62,0.658,1,2,1,0,0
62,0.519,0,0,0,0,1
62,0.801,2,0,2,0,0
62,0.976,1,0,1,0,0
62,0.569,2,2,2,0,1
62,0.613,2,2,2,0,1
62,0.515,0,0,0,0,1
62,0.796,0,2,0,0,0
62,0.969,0,2,0,0,0
62,0.603,2,2,2,0,1
62,0.353,1,0,1,0,0
62,0.736,1,0,1,0,0
62,0.544,1,1,1,0,1
62,0.413,1,0,1,0,0
62,0.724,1,0,1,0,0
62,0.534,0,0,0,0,1
62,0.828,2,0,1,0,0
62,0.786,2,2,2,0,1
62,0.618,1,1,1,0,1
62,0.496,0,0,0,0,1
62,0.977,0,1,0,0,0
62,0.488,0,0,0,0,1
62,0.779,0,2,0,0,0
62,0.933,1,0,1,0,0
62,0.591,0,1,0,0,0
62,0.474,1,1,1,0,1
62,0.723,2,1,2,0,0
62,0.659,0,2,0,0,0
62,0.548,0,0,0,0,1
62,0.804,1,2,1,0,0
62,0.479,0,0,0,0,1
62,0.629,1,1,1,0,1
62,0.728,2,2,2,0,1
62,0.348,0,0,0,0,1
62,0.47,0,0,0,0,1
62,0.804,1,0,1,0,0
62,0.812,2,1,2,0,0
63,0.63,0,0,0,0,1
63,0.454,0,0,0,0,1
63,0.466,0,1,0,0,0
63,0.561,0,1,0,0,0
63,0.611,1,1,1,0,1
63,0.482,1,1,1,0,1
63,0.604,0,1,0,0,0
63,0.852,0,2,0,0,0
63,0.531,2,2,2,0,1
63,0.53,0,0,0,0,1
63,0.64,2,0,2,0,0
63,0.404,2,2,2,0,1
63,0.515,2,1,2,0,0
63,0.485,1,1,1,0,1
63,0.608,1,1,1,0,1
63,0.513,2,1,2,0,0
63,0.829,0,1,0,0,0
63,0.53,0,0,0,0,1
63,0.428,0,0,0,0,1
63,0.462,0,1,0,0,0
63,0.534,2,2,2,0,1
63,0.417,2,2,2,0,1
63,0.529,0,2,0,0,0
63,0.531,1,2,1,0,0
63,0.482,0,0,0,0,1
63,0.47,2,2,2,0,1
63,0.622,0,0,0,0,1
63,0.656,1,0,1,0,0
63,0.482,0,0,0,0,1
63,0.467,0,0,0,0,1
63,0.515,2,2,2,0,1
63,0.513,1,0,1,0,0
63,0.504,0,0,0,0,1
63,0.67,1,2,1,0,0
63,0.687,2,0,2,0,0
63,0.425,0,2,0,0,0
63,0.456,2,2,2,0,1
63,0.639,0,1,0,0,0
63,0.763,1,2,1,0,0
63,0.484,0,2,2,0,0
63,0.419,1,0,1,0,0
63,0.602,1,1,1,0,1
63,0.345,2,2,2,0,1
63,0.516,0,1,1,0,0
63,0.593,0,0,0,0,1
63,0.705,2,2,2,0,1
63,0.579,0,0,0,0,1
63,0.593,1,1,1,0,1
63,0.538,1,1,1,0,1
63,0.718,0,2,0,0,0
63,0.578,1,1,1,0,1
63,0.404,1,1,1,0,1
63,0.343,2,0,2,0,0
63,0.546,0,2,0,0,0
63,0.686,2,1,2,0,0
63,0.561,1,1,1,0,1
63,0.703,1,0,0,0,0
63,0.722,2,2,2,0,1
63,0.509,2,1,2,0,0
63,0.437,2,0,2,0,0
63,0.457,2,2,2,0,1
63,0.709,0,0,0,0,1
63,0.578,1,2,1,0,0
63,0.421,1,2,1,0,0
63,0.648,2,0,0,0,0
63,0.624,1,2,1,0,0
63,0.593,1,1,1,0,1
63,0.585,0,0,0,0,1
63,0.578,1,1,1,0,1
63,0.523,2,1,2,0,0
63,0.706,1,0,1,0,0
63,0.593,0,0,0,0,1
63,0.498,0,1,0,0,0
63,0.69,1,0,1,0,0
63,0.468,2,2,2,0,1
63,0.548,1,1,1,0,1
63,0.67,2,1,2,0,0
63,0.435,2,0,2,0,0
63,0.876,2,1,2,0,0
63,0.576,2,2,2,0,1
63,0.524,1,2,1,0,0
63,0.433,1,1,1,0,1
63,0.497,1,0,2,0,0
63,0.717,2,1,2,0,0
63,0.501,2,2,2,0,1
63,0.592,2,0,2,0,0
63,0.669,0,2,0,0,0
63,0.592,2,2,2,0,1
63,0.655,1,0,1,0,0
63,0.514,1,1,1,0,1
63,0.571,2,2,2,0,1
63,0.525,2,0,2,0,0
63,0.502,0,0,0,0,1
63,0.659,1,1,1,0,1
64,0.598,1,0,1,0,0
64,0.726,0,1,0,0,0
64,0.599,1,2,2,0,0
64,0.575,2,2,2,0,1
64,0.552,0,0,0,0,1
64,0.686,2,1,2,0,0
64,0.575,0,0,0,0,1
64,0.68,1,2,1,0,0
64,0.486,0,0,0,0,1
64,0.661,0,2,0,0,0
64,0.699,1,1,1,0,1
64,0.79,0,1,0,0,0
64,0.573,0,1,0,0,0
64,0.603,1,1,1,0,1
64,0.41,2,0,2,0,0
64,0.384,2,1,2,0,0
64,0.537,0,0,0,0,1
64,0.704,2,1,2,0,0
64,0.718,1,2,1,0,0
64,0.692,2,0,2,0,0
64,0.538,1,1,1,0,1
64,0.523,1,2,1,0,0
64,0.52,0,0,0,0,1
64,0.7,1,2,1,0,0
64,0.585,2,2,2,0,1
64,0.513,0,2,0,0,0
64,0.414,0,2,0,0,0
64,0.647,2,2,2,0,1
64,0.52,2,2,2,0,1
64,0.52,0,0,0,0,1
64,0.458,0,0,0,0,1
64,0.524,1,0,1,0,0
64,0.384,1,0,1,0,0
64,0.571,0,0,0,0,1
64,0.472,0,0,0,0,1
64,0.527,1,0,1,0,0
64,0.615,0,0,0,0,1
64,0.756,0,0,0,0,1
64,0.642,2,1,2,0,0
64,0.636,1,1,1,0,1
64,0.571,1,1,1,0,1
64,0.657,2,2,2,0,1
64,0.681,1,0,1,0,0
64,0.678,0,1,0,0,0
64,0.685,0,2,0,0,0
64,0.544,2,2,2,0,1
64,0.676,2,0,2,0,0
64,0.673,1,0,1,0,0
64,0.657,2,0,2,0,0
64,0.452,2,2,2,0,1
64,0.508,0,2,0,0,0
64,0.519,1,2,1,0,0
64,0.639,0,1,0,0,0
64,0.57,1,1,1,0,1
64,0.555,1,1,1,0,1
64,0.467,2,2,2,0,1
64,0.496,1,1,1,0,1
64,0.464,0,0,0,0,1
64,0.609,2,2,2,0,1
64,0.53,1,1,1,0,1
64,0.543,0,0,0,0,1
64,0.793,0,1,0,0,0
64,0.82,1,2,1,0,0
64,0.755,2,1,2,0,0
64,0.802,1,1,1,0,1
64,0.699,2,0,2,0,0
64,0.504,2,0,2,0,0
64,0.583,1,2,1,0,0
64,0.547,2,2,2,0,1
64,0.735,1,0,1,0,0
64,0.662,2,1,2,0,0
64,0.698,2,1,2,0,0
64,0.433,2,2,2,0,1
64,0.666,0,1,0,0,0
64,0.687,2,0,2,0,0
64,0.629,0,1,0,0,0
64,0.56,2,2,2,0,1
64,0.58,1,1,1,0,1
64,0.61,2,0,2,0,0
64,0.605,2,2,2,0,1
64,0.528,0,0,0,0,1
64,0.444,0,2,0,0,0
64,0.469,2,2,2,0,1
64,0.628,2,1,2,0,0
64,0.595,1,1,1,0,1
64,0.487,1,1,1,0,1
64,0.62,2,2,2,0,1
64,0.479,0,0,0,0,1
64,0.513,0,0,0,0,1
64,0.619,1,1,1,0,1
64,0.707,0,2,0,0,0
64,0.566,0,2,0,0,0
64,0.628,1,0,2,0,0
64,0.589,1,1,1,0,1
64,0.588,2,2,2,0,1
64,0.506,1,1,1,0,1
65,0.811,0,2,0,0,0
65,0.776,0,1,0,0,0
65,1.032,2,1,2,0,0
65,0.585,0,0,0,0,1
65,0.595,1,0,1,0,0
65,0.564,1,1,1,0,1
65,0.529,1,1,1,0,1
65,0.657,2,1,2,0,0
65,0.798,0,1,0,0,0
65,0.995,1,1,1,0,1
65,0.876,1,0,1,0,0
65,0.566,1,1,1,0,1
65,0.563,2,2,2,0,1
65,0.557,1,1,1,0,1
65,0.589,0,0,0,0,1
65,0.679,1,1,1,0,1
65,0.719,0,2,2,0,0
65,0.832,0,1,0,0,0
65,0.678,1,1,1,0,1
65,1.009,1,2,1,0,0
65,0.726,0,2,0,0,0
65,0.718,0,1,0,0,0
65,0.604,0,2,0,0,0
65,0.603,2,2,2,0,1
65,0.737,2,0,2,0,0
65,0.606,1,1,1,0,1
65,0.59,2,2,2,0,1
65,0.776,1,0,1,0,0
65,0.753,0,0,0,0,1
65,0.517,0,0,0,0,1
65,0.588,2,2,2,0,1
65,0.574,2,2,2,0,1
65,0.445,2,2,2,0,1
65,0.627,1,1,1,0,1
65,1.045,2,0,2,0,0
65,0.597,1,0,0,0,0
65,0.62,2,2,2,0,1
65,0.667,1,1,1,0,1
65,0.902,1,2,1,0,0
65,0.703,1,2,1,0,0
65,0.643,1,1,1,0,1
65,0.683,0,2,0,0,0
65,0.456,1,1,1,0,1
65,0.615,0,0,0,0,1
65,0.724,1,0,1,0,0
65,0.681,1,0,1,0,0
65,0.64,0,0,0,0,1
65,0.743,1,2,1,0,0
65,0.606,2,1,1,0,0
65,0.652,1,1,1,0,1
65,0.61,0,0,0,0,1
65,0.465,0,0,0,0,1
65,0.863,2,0,2,0,0
65,0.568,2,2,2,0,1
65,0.523,2,2,2,0,1
65,0.576,1,1,1,0,1
65,0.844,2,0,2,0,0
65,0.63,0,0,0,0,1
65,0.639,1,0,1,0,0
65,0.574,2,2,2,0,1
65,0.825,0,0,0,0,1
65,0.822,1,2,1,0,0
65,0.385,2,2,2,0,1
65,0.72,0,1,0,0,0
65,0.645,2,2,2,0,1
65,0.631,0,0,0,0,1
65,0.707,1,1,1,0,1
65,1.067,2,0,2,0,0
65,0.681,0,1,0,0,0
65,0.566,0,0,0,0,1
65,0.892,1,0,0,0,0
65,0.745,2,2,2,0,1
65,0.615,0,0,0,0,1
65,0.733,1,2,1,0,0
65,0.922,0,1,0,0,0
65,0.517,0,0,0,0,1
65,0.657,2,1,2,0,0
65,1.047,0,1,0,0,0
65,0.844,1,2,1,0,0
65,0.6,0,0,0,0,1
65,0.493,0,2,0,0,0
65,0.765,1,2,1,0,0
65,0.509,2,1,2,0,0
65,0.883,2,0,2,0,0
65,0.524,2,2,2,0,1
65,0.519,0,0,0,0,1
65,0.851,2,2,1,0,1
65,0.673,0,2,0,0,0
65,0.91,2,0,1,0,0
65,0.763,1,1,1,0,1
65,0.742,2,1,2,0,0
65,0.592,2,2,2,0,1
65,1.06,2,0,2,0,0
65,0.787,0,2,0,0,0
66,0.933,1,1,1,0,1
66,0.648,0,2,0,0,0
66,0.655,2,2,2,0,1
66,0.518,0,2,0,0,0
66,0.657,2,2,2,0,1
66,0.754,1,0,1,0,0
66,1.186,2,0,2,0,0
66,0.702,1,1,1,0,1
66,0.67,2,2,2,0,1
66,0.572,0,0,0,0,1
66,0.683,1,2,2,0,0
66,0.991,2,1,2,0,0
66,0.715,2,2,2,0,1
66,0.586,0,1,0,0,0
66,0.675,2,2,2,0,1
66,0.735,0,0,0,0,1
66,0.623,0,2,0,0,0
66,0.731,1,0,1,0,0
66,0.596,2,2,2,0,1
66,0.782,1,0,1,0,0
66,0.653,2,2,2,0,1
66,0.744,1,0,1,0,0
66,0.685,2,1,2,0,0
66,0.564,2,2,2,0,1
66,0.459,2,1,2,0,0
66,0.766,0,0,0,0,1
66,1.181,2,0,2,0,0
66,0.818,1,0,1,0,0
66,0.662,1,1,1,0,1
66,0.925,0,0,0,0,1
66,0.763,1,1,1,0,1
66,0.687,1,1,1,0,1
66,0.511,1,1,1,0,1
66,1.269,0,0,0,0,1
66,1.081,1,2,1,0,0
66,0.754,0,0,0,0,1
66,1.225,0,1,0,0,0
66,0.673,1,1,1,0,1
66,0.729,0,2,0,0,0
66,0.692,1,1,1,0,1
66,0.715,1,2,1,0,0
66,0.752,0,0,0,0,1
66,0.684,2,1,2,0,0
66,0.571,2,2,2,0,1
66,0.569,2,0,2,0,0
66,0.47,2,2,2,0,1
66,1.187,2,0,2,0,0
66,0.815,0,1,0,0,0
66,0.708,2,2,2,0,1
66,0.664,0,0,0,0,1
66,0.741,0,0,0,0,1
66,0.729,2,1,2,0,0
66,0.53,1,1,1,0,1
66,0.554,0,1,0,0,0
66,0.673,2,2,2,0,1
66,0.684,2,0,2,0,0
66,0.684,2,0,2,0,0
66,0.94,0,2,0,0,0
66,0.69,1,1,1,0,1
66,0.717,0,1,0,0,0
66,0.885,0,0,0,0,1
66,1.243,2,1,2,0,0
66,0.816,1,2,1,0,0
66,0.626,1,1,1,0,1
66,0.638,0,0,0,0,1
66,0.963,2,2,2,0,1
66,0.843,1,2,1,0,0
66,0.76,2,0,2,0,0
66,0.597,0,0,0,0,1
66,0.955,1,2,1,0,0
66,0.577,0,0,0,0,1
66,0.643,0,1,0,0,0
66,0.854,1,1,1,0,1
66,0.757,2,0,2,0,0
66,0.738,1,2,1,0,0
66,0.79,2,2,2,0,1
66,0.558,1,1,1,0,1
66,0.677,1,1,1,0,1
66,0.575,1,0,1,0,0
66,1.162,0,2,0,0,0
66,1.163,0,0,0,0,1
66,0.902,0,0,0,0,1
66,0.583,1,1,1,0,1
66,0.943,0,1,0,0,0
66,0.676,0,2,0,0,0
66,0.784,1,0,1,0,0
66,0.695,0,0,0,0,1
66,0.839,2,2,2,0,1
66,0.7,2,1,2,0,0
66,0.727,1,2,1,0,0
66,0.512,1,1,1,0,1
66,0.747,2,1,2,0,0
67,1.174,2,1,2,0,0
67,0.523,0,0,0,0,1
67,0.883,2,2,1,0,1
67,0.816,0,0,0,0,1
67,0.981,2,2,2,0,1
67,0.89,0,1,0,0,0
67,0.878,0,2,0,0,0
67,0.676,0,0,0,0,1
67,0.702,0,2,0,0,0
67,0.585,1,1,1,0,1
67,0.676,0,0,0,0,1
67,0.692,1,0,1,0,0
67,0.534,1,1,1,0,1
67,0.853,2,1,2,0,0
67,0.699,2,2,2,0,1
67,0.455,2,2,2,0,1
67,0.531,2,0,2,0,0
67,0.74,1,1,1,0,1
67,0.445,1,1,1,0,1
67,0.704,2,2,2,0,1
67,0.502,2,2,2,0,1
67,0.784,1,0,0,0,0
67,0.434,0,0,0,0,1
67,1.142,2,1,2,0,0
67,0.53,2,2,2,0,1
67,0.742,0,2,0,0,0
67,0.968,1,2,1,0,0
67,0.649,0,0,0,0,1
67,0.934,1,2,1,0,0
67,0.782,0,1,0,0,0
67,1.262,2,0,1,0,0
67,0.627,0,0,0,0,1
67,1.002,1,0,1,0,0
67,0.614,1,1,1,0,1
67,0.92,0,2,0,0,0
67,1.036,1,2,1,0,0
67,0.815,0,2,0,0,0
67,1.375,2,0,2,0,0
67,0.626,0,1,0,0,0
67,0.671,0,0,0,0,1
67,0.828,0,1,0,0,0
67,1.411,1,2,1,0,0
67,0.685,1,2,1,0,0
67,0.551,1,1,1,0,1
67,0.585,0,1,0,0,0
67,0.58,0,0,0,0,1
67,0.564,1,1,1,0,1
67,0.982,2,1,2,0,0
67,0.743,1,1,1,0,1
67,0.9,2,2,2,0,1
67,0.713,2,0,2,0,0
67,0.761,1,1,1,0,1
67,0.902,2,2,2,0,1
67,0.59,1,1,1,0,1
67,1.114,2,2,2,0,1
67,0.727,2,2,2,0,1
67,0.628,2,1,2,0,0
67,0.548,2,1,2,0,0
67,0.799,1,1,1,0,1
67,0.669,2,2,2,0,1
67,0.698,1,2,1,0,0
67,0.459,0,0,0,0,1
67,1.116,2,2,2,0,1
67,0.946,1,0,1,0,0
67,1.101,2,0,2,0,0
67,0.89,1,0,1,0,0
67,0.808,2,2,2,0,1
67,0.64,1,1,1,0,1
67,0.702,1,2,1,0,0
67,0.829,0,1,0,0,0
67,0.799,1,1,1,0,1
67,1.135,2,1,2,0,0
67,0.621,2,2,1,0,1
67,0.718,0,2,0,0,0
67,0.981,1,0,1,0,0
67,1.009,2,0,2,0,0
67,0.688,1,1,1,0,1
67,0.435,0,1,0,0,0
67,0.676,0,0,0,0,1
67,1.263,2,1,2,0,0
67,1.044,0,1,0,0,0
67,0.691,0,0,0,0,1
67,0.559,0,0,0,0,1
67,0.624,0,0,0,0,1
67,0.992,2,0,2,0,0
67,0.599,0,0,0,0,1
67,0.939,2,0,2,0,0
67,0.936,1,2,1,0,0
67,0.942,2,2,2,0,1
67,0.685,1,1,1,0,1
67,0.584,0,2,0,0,0
67,0.536,1,1,1,0,1
67,1.201,0,2,0,0,0
67,0.808,1,0,1,0,0
67,0.622,0,0,0,0,1
68,1.135,1,0,1,0,0
68,0.753,2,2,2,0,1
68,1.014,1,2,1,0,0
68,0.651,0,0,0,0,1
68,0.677,1,1,1,0,1
68,0.482,1,0,1,0,0
68,0.764,2,1,2,0,0
68,0.64,2,2,2,0,1
68,0.674,2,2,2,0,1
68,0.75,0,0,0,0,1
68,0.525,0,0,0,0,1
68,0.984,2,2,2,0,1
68,0.663,2,1,1,0,0
68,1.419,1,2,1,0,0
68,0.616,0,0,0,0,1
68,0.597,0,0,0,0,1
68,0.878,0,1,0,0,0
68,1.055,1,1,1,0,1
68,0.567,1,1,1,0,1
68,0.504,2,2,2,0,1
68,1.089,0,0,0,0,1
68,0.513,0,1,0,0,0
68,0.721,0,1,0,0,0
68,1.42,2,0,1,0,0
68,1.055,1,1,1,0,1
68,0.684,1,0,1,0,0
68,0.502,1,2,1,0,0
68,0.661,0,0,0,0,1
68,1.049,1,2,1,0,0
68,0.736,0,2,0,0,0
68,0.934,1,1,1,0,1
68,0.657,0,0,0,0,1
68,0.699,1,1,1,0,1
68,0.651,0,1,0,0,0
68,0.919,1,1,1,0,1
68,0.971,2,2,2,0,1
68,0.816,0,1,0,0,0
68,0.942,2,2,2,0,1
68,0.769,0,0,0,0,1
68,0.981,1,2,1,0,0
68,0.742,1,1,1,0,1
68,1.125,0,2,0,0,0
68,0.828,1,2,1,0,0
68,0.709,1,1,1,0,1
68,0.745,0,2,0,0,0
68,0.663,0,0,0,0,1
68,0.538,1,1,1,0,1
68,0.89,1,0,1,0,0
68,0.719,1,0,1,0,0
68,0.714,2,0,2,0,0
68,0.961,0,0,0,0,1
68,0.599,0,0,0,0,1
68,0.881,2,2,2,0,1
68,1.269,0,1,1,0,0
68,0.809,0,0,0,0,1
68,0.721,0,2,0,0,0
68,0.843,1,2,1,0,0
68,0.686,2,2,2,0,1
68,0.627,0,1,0,0,0
68,0.703,0,0,0,0,1
68,0.954,2,2,2,0,1
68,0.418,2,1,2,0,0
68,0.438,1,1,1,0,1
68,0.427,1,1,1,0,1
68,1.385,0,1,0,0,0
68,1.376,2,2,2,0,1
68,0.888,2,0,2,0,0
68,0.826,1,1,1,0,1
68,0.638,1,2,1,0,0
68,0.976,2,1,2,0,0
68,0.692,0,0,0,0,1
68,1.019,2,1,2,0,0
68,0.532,2,2,2,0,1
68,0.571,1,1,1,0,1
68,1.067,2,1,2,0,0
68,1.062,0,2,0,0,0
68,0.974,2,2,2,0,1
68,0.671,2,2,2,0,1
68,0.631,0,2,0,0,0
68,0.481,1,0,1,0,0
68,0.502,1,1,1,0,1
68,0.465,1,0,1,0,0
68,0.838,2,2,2,0,1
68,0.723,1,1,1,0,1
68,1.066,2,0,0,0,0
68,0.622,2,0,2,0,0
68,0.468,2,1,2,0,0
68,0.458,2,2,2,0,1
68,1.311,0,2,0,0,0
68,1.462,2,0,2,0,0
68,0.634,0,2,0,0,0
69,0.469,2,2,2,0,1
69,0.492,0,0,0,0,1
69,0.51,2,2,2,0,1
69,0.746,0,2,0,0,0
69,0.48,0,0,0,0,1
69,0.58,1,0,1,0,0
69,0.56,0,2,0,0,0
69,0.875,1,0,1,0,0
69,1.021,2,1,2,0,0
69,0.511,2,2,2,0,1
69,0.699,0,2,0,0,0
69,0.777,1,0,1,0,0
69,0.64,0,1,0,0,0
69,0.49,0,2,0,0,0
69,0.637,1,0,1,0,0
69,0.503,0,0,0,0,1
69,0.633,2,1,2,0,0
69,0.442,2,2,2,0,1
69,0.518,1,1,1,0,1
69,0.497,0,1,0,0,0
69,0.592,1,1,1,0,1
69,0.764,2,0,2,0,0
69,0.978,2,1,2,0,0
69,0.749,1,0,1,0,0
69,0.545,1,1,1,0,1
69,0.564,2,2,2,0,1
69,0.514,0,0,0,0,1
69,0.655,1,2,1,0,0
69,0.514,2,2,2,0,1
69,0.621,1,2,1,0,0
69,0.554,2,2,2,0,1
69,0.544,1,1,1,0,1
69,0.436,1,2,1,0,0
69,0.454,0,0,0,0,1
69,0.447,1,1,1,0,1
69,0.458,1,2,1,0,0
69,0.659,0,1,0,0,0
69,0.703,2,0,2,0,0
69,0.514,2,2,2,0,1
69,0.594,0,0,0,0,1
69,0.827,1,0,1,0,0
69,0.607,1,1,1,0,1
69,0.518,0,0,0,0,1
69,0.713,0,1,0,0,0
69,0.551,1,1,1,0,1
69,0.507,2,1,2,0,0
69,0.49,2,2,2,0,1
69,0.474,0,1,0,0,0
69,0.646,1,1,1,0,1
69,0.743,1,2,1,0,0
69,0.584,0,2,0,0,0
69,0.54,0,0,0,0,1
69,0.995,2,0,2,0,0
69,1.018,1,1,1,0,1
69,0.492,1,1,1,0,1
69,0.523,2,2,2,0,1
69,0.579,1,1,1,0,1
69,0.901,1,2,1,0,0
69,1.152,2,0,2,0,0
69,0.621,0,0,0,0,1
69,0.715,2,0,2,0,0
69,0.856,0,2,0,0,0
69,0.596,0,0,0,0,1
69,0.618,1,1,1,0,1
69,0.779,2,0,2,0,0
69,0.507,0,0,0,0,1
69,0.774,1,1,1,0,1
69,0.868,1,0,1,0,0
69,0.573,2,2,2,0,1
69,0.698,0,0,0,0,1
69,0.704,2,1,2,0,0
69,0.536,2,2,2,0,1
69,0.465,2,2,2,0,1
69,0.621,0,2,0,0,0
69,0.934,2,0,2,0,0
69,0.832,2,2,2,0,1
69,0.619,2,2,2,0,1
69,0.46,0,0,0,0,1
69,0.575,1,1,1,0,1
69,0.813,1,0,1,0,0
69,0.654,2,1,2,0,0
69,0.643,0,0,0,0,1
69,1.111,0,1,0,0,0
69,0.789,1,2,1,0,0
69,0.508,0,0,0,0,1
69,0.588,2,2,2,0,1
69,0.825,0,1,0,0,0
69,0.697,2,1,2,0,0
69,0.63,1,1,1,0,1
69,0.587,1,2,1,0,0
69,0.51,1,1,1,0,1
69,0.559,2,1,2,0,0
69,0.667,0,1,0,0,0
69,0.611,0,0,0,0,1
70,0.853,2,2,2,0,1
70,0.686,0,0,0,0,1
70,0.765,2,0,0,0,0
70,0.978,1,1,1,0,1
70,1.136,0,2,0,0,0
70,1.135,1,0,1,0,0
70,0.923,2,0,2,0,0
70,0.82,0,0,0,0,1
70,0.874,1,2,1,0,0
70,1.211,1,0,1,0,0
70,0.93,1,1,1,0,1
70,0.8,0,1,0,0,0
70,0.619,2,2,2,0,1
70,1.022,0,1,0,0,0
70,1.114,0,2,0,0,0
70,0.702,0,0,0,0,1
70,0.971,0,1,0,0,0
70,0.737,1,1,1,0,1
70,1.055,2,0,2,0,0
70,0.699,0,0,0,0,1
70,0.834,0,0,0,0,1
70,0.498,0,0,0,0,1
70,0.998,1,2,1,0,0
70,1.328,2,1,2,0,0
70,0.789,1,2,1,0,0
70,0.796,2,1,2,0,0
70,1.017,2,0,2,0,0
70,0.718,1,1,1,0,1
70,0.99,2,2,2,0,1
70,0.98,2,0,2,0,0
70,1.25,1,2,1,0,0
70,1.18,2,1,2,0,0
70,0.932,1,0,1,0,0
70,0.817,0,0,0,0,1
70,0.868,0,0,0,0,1
70,0.625,0,0,0,0,1
70,1.24,2,2,2,0,1
70,0.876,2,1,2,0,0
70,0.708,0,0,0,0,1
70,1.37,2,1,1,0,0
70,0.693,0,0,0,0,1
70,1.123,1,1,1,0,1
70,1.327,0,1,0,0,0
70,0.822,1,0,1,0,0
70,1.027,1,0,1,0,0
70,1.478,2,2,2,0,1
70,0.518,2,2,2,0,1
70,1.096,0,2,0,0,0
70,0.91,2,0,2,0,0
70,0.775,1,1,1,0,1
70,0.82,0,0,0,0,1
70,1.21,1,0,1,0,0
70,0.529,1,1,1,0,1
70,0.808,2,0,2,0,0
70,0.663,2,2,2,0,1
70,0.522,2,2,2,0,1
70,0.498,2,2,2,0,1
70,0.56,1,1,1,0,1
70,0.548,1,2,2,0,0
70,0.756,1,1,1,0,1
70,1.024,1,2,1,0,0
70,0.538,1,1,1,0,1
70,0.91,2,0,2,0,0
70,0.635,1,1,1,0,1
70,0.608,0,0,0,0,1
70,0.575,0,0,0,0,1
70,0.712,2,2,2,0,1
70,0.572,2,2,2,0,1
70,1.195,1,1,1,0,1
70,0.812,0,1,0,0,0
70,0.52,0,0,0,0,1
70,1.253,0,1,0,0,0
70,0.76,0,2,2,0,0
70,0.85,1,1,1,0,1
70,1.01,1,0,1,0,0
70,0.827,2,2,2,0,1
70,0.92,0,2,0,0,0
70,1.29,2,1,2,0,0
70,0.663,2,2,2,0,1
70,0.984,0,2,0,0,0
70,1.345,2,1,2,0,0
70,0.802,1,1,1,0,1
70,0.867,1,1,1,0,1
70,0.855,1,0,1,0,0
70,0.735,2,2,2,0,1
70,0.632,2,2,2,0,1
70,0.873,1,1,1,0,1
70,1.125,0,2,0,0,0
70,1.414,1,2,1,0,0
70,0.914,0,0,0,0,1
70,0.78,2,2,2,0,1
71,0.746,1,0,1,0,0
71,0.648,2,1,2,0,0
71,0.629,2,0,2,0,0
71,0.713,0,2,0,0,0
71,0.786,0,2,0,0,0
71,0.701,1,2,1,0,0
71,0.657,1,1,1,0,1
71,0.701,2,2,2,0,1
71,1.007,2,0,2,0,0
71,0.726,2,2,2,0,1
71,0.504,0,0,0,0,1
71,0.513,0,0,0,0,1
71,0.488,0,0,0,0,1
71,0.747,0,1,0,0,0
71,1.015,0,1,0,0,0
71,0.695,1,1,1,0,1
71,0.82,0,2,0,0,0
71,0.633,0,0,0,0,1
71,0.868,1,1,1,0,1
71,0.789,0,1,0,0,0
71,0.656,0,1,0,0,0
71,0.526,2,2,2,0,1
71,0.541,2,2,2,0,1
71,0.65,1,1,1,0,1
71,1.088,2,1,2,0,0
71,0.517,2,2,2,0,1
71,0.564,1,1,1,0,1
71,0.558,0,0,0,0,1
71,0.53,1,1,1,0,1
71,0.501,0,0,0,0,1
71,0.748,0,2,0,0,0
71,0.715,1,0,1,0,0
71,0.727,1,1,1,0,1
71,0.572,2,2,2,0,1
71,0.726,0,2,0,0,0
71,0.653,0,0,0,0,1
71,0.656,1,1,1,0,1
71,0.53,1,1,1,0,1
71,0.719,0,1,0,0,0
71,0.879,2,1,2,0,0
71,0.675,1,1,1,0,1
71,0.587,2,2,2,0,1
71,0.562,2,2,2,0,1
71,0.679,1,1,1,0,1
71,0.565,0,0,0,0,1
71,1.015,1,2,1,0,0
71,0.573,0,0,0,0,1
71,0.528,0,0,0,0,1
71,0.627,2,2,2,0,1
71,0.889,2,0,2,0,0
71,0.726,1,0,1,0,0
71,0.66,0,0,0,0,1
71,0.723,2,1,2,0,0
71,0.703,0,1,0,0,0
71,0.836,2,0,2,0,0
71,0.755,1,0,1,0,0
71,0.727,1,0,1,0,0
71,0.521,1,0,1,0,0
71,0.693,2,2,2,0,1
71,0.65,2,2,2,0,1
71,0.511,0,0,0,0,1
71,0.629,2,2,2,0,1
71,0.753,1,2,1,0,0
71,0.934,2,1,2,0,0
71,0.738,1,1,2,0,1
71,0.686,1,2,1,0,0
71,0.638,2,1,2,0,0
71,0.584,1,1,1,0,1
71,0.644,2,2,2,0,1
71,0.964,2,0,2,0,0
71,0.719,0,2,0,0,0
71,0.671,2,2,2,0,1
71,0.89,0,0,0,0,1
71,0.677,1,1,1,0,1
71,0.57,1,1,1,0,1
71,0.797,0,2,0,0,0
71,0.728,2,1,2,0,0
71,0.781,1,2,1,0,0
71,0.868,2,0,2,0,0
71,0.663,0,2,0,0,0
71,0.896,2,0,2,0,0
71,0.741,1,0,1,0,0
71,0.641,1,2,1,0,0
71,0.635,1,0,1,0,0
71,0.843,2,0,2,0,0
71,0.591,1,1,1,0,1
71,0.546,2,2,2,0,1
71,0.609,1,2,1,0,0
71,0.543,0,0,0,0,1
71,0.566,1,2,1,0,0
71,0.852,0,1,0,0,0
71,0.681,2,1,2,0,0
71,0.554,2,2,2,0,1
71,0.543,0,0,0,0,1
72,1.076,1,2,1,0,0
72,0.727,2,1,2,0,0
72,0.865,2,2,2,0,1
72,0.903,2,0,2,0,0
72,0.895,1,0,1,0,0
72,0.979,0,2,0,0,0
72,0.836,2,1,2,0,0
72,0.958,1,1,1,0,1
72,1.082,1,1,1,0,1
72,0.55,1,1,1,0,1
72,0.927,1,2,1,0,0
72,0.691,1,2,1,0,0
72,0.787,1,0,1,0,0
72,0.73,2,1,2,0,0
72,0.756,0,1,0,0,0
72,0.914,2,1,2,0,0
72,0.898,1,0,1,0,0
72,0.978,0,2,0,0,0
72,1.421,2,2,2,0,1
72,0.923,0,1,0,0,0
72,0.98,2,2,2,0,1
72,1,2,0,2,0,0
72,0.756,0,1,0,0,0
72,0.918,1,1,1,0,1
72,0.57,2,2,2,0,1
72,0.722,0,1,0,0,0
72,0.86,1,1,1,0,1
72,0.975,2,0,2,0,0
72,0.736,2,2,2,0,1
72,0.793,1,0,0,0,0
72,1.195,2,2,2,0,1
72,0.83,0,0,0,0,1
72,0.869,1,2,1,0,0
72,0.71,2,2,2,0,1
72,0.694,0,0,0,0,1
72,0.945,2,1,2,0,0
72,0.658,0,0,0,0,1
72,0.921,2,0,2,0,0
72,0.697,0,0,0,0,1
72,0.846,0,2,0,0,0
72,0.619,0,1,0,0,0
72,0.571,0,2,0,0,0
72,0.636,2,2,2,0,1
72,0.713,0,1,0,0,0
72,0.846,2,0,2,0,0
72,1.086,2,0,2,0,0
72,0.645,2,0,2,0,0
72,0.822,0,0,0,0,1
72,1.409,1,1,1,0,1
72,0.557,1,1,1,0,1
72,0.678,0,0,0,0,1
72,0.988,1,0,1,0,0
72,0.881,2,1,2,0,0
72,0.642,2,2,2,0,1
72,0.761,0,0,0,0,1
72,0.996,2,1,2,0,0
72,0.803,1,1,1,0,1
72,0.976,2,2,2,0,1
72,0.672,2,2,2,0,1
72,0.999,1,2,1,0,0
72,0.793,2,2,2,0,1
72,1.147,2,1,2,0,0
72,0.875,0,0,0,0,1
72,0.741,0,0,0,0,1
72,0.872,1,0,1,0,0
72,1.104,1,0,0,0,0
72,1.018,0,2,0,0,0
72,0.566,0,0,0,0,1
72,0.856,1,1,1,0,1
72,0.657,1,1,1,0,1
72,0.896,2,0,2,0,0
72,1.047,0,1,1,0,0
72,1.049,0,2,0,0,0
72,0.873,0,2,0,0,0
72,0.907,1,0,1,0,0
72,0.922,0,0,0,0,1
72,0.652,1,1,1,0,1
72,0.922,0,0,0,0,1
72,0.735,2,2,2,0,1
72,0.736,2,2,2,0,1
72,0.858,2,2,2,0,1
72,1.227,1,1,1,0,1
72,1.31,0,0,0,0,1
72,1.087,1,2,1,0,0
72,1.098,0,1,0,0,0
72,0.879,1,1,1,0,1
72,0.734,0,0,0,0,1
72,0.58,1,1,1,0,1
72,1.289,1,2,1,0,0
72,0.768,2,2,2,0,1
72,0.652,0,0,0,0,1
72,0.614,0,0,0,0,1
72,0.72,1,1,1,0,1
73,0.516,1,1,1,0,1
73,0.933,2,1,2,0,0
73,0.445,0,2,0,0,0
73,0.876,2,2,2,0,1
73,1.342,0,2,0,0,0
73,0.858,2,0,2,0,0
73,1.036,2,1,2,0,0
73,0.735,1,1,1,0,1
73,0.62,0,0,0,0,1
73,0.89,0,2,0,0,0
73,0.787,2,2,2,0,1
73,1.171,0,0,0,0,1
73,0.809,2,0,2,0,0
73,0.723,2,2,2,0,1
73,0.876,0,0,0,0,1
73,0.975,0,2,0,0,0
73,0.768,2,2,2,0,1
73,0.542,1,1,1,0,1
73,0.535,0,0,0,0,1
73,0.717,1,1,1,0,1
73,1.348,0,0,0,0,1
73,1.228,1,2,2,0,0
73,1.445,0,2,0,0,0
73,0.845,1,2,1,0,0
73,1.147,2,1,2,0,0
73,0.513,0,1,0,0,0
73,1.06,1,0,1,0,0
73,0.745,2,2,2,0,1
73,0.896,0,0,0,0,1
73,1.077,0,1,0,0,0
73,0.908,0,2,0,0,0
73,0.808,1,1,1,0,1
73,0.827,1,0,1,0,0
73,1.027,2,1,2,0,0
73,1.431,0,1,0,0,0
73,1.006,2,0,2,0,0
73,0.746,1,1,1,0,1
73,1.008,1,2,1,0,0
73,0.832,2,2,2,0,1
73,0.692,0,0,0,0,1
73,0.751,1,1,1,0,1
73,0.719,0,0,0,0,1
73,0.756,0,1,0,0,0
73,0.865,2,1,2,0,0
73,0.908,2,0,2,0,0
73,0.947,1,2,1,0,0
73,1.185,2,1,2,0,0
73,0.914,1,1,1,0,1
73,0.76,1,0,1,0,0
73,0.768,0,1,0,0,0
73,0.741,1,0,1,0,0
73,0.716,1,0,1,0,0
73,1.038,2,0,2,0,0
73,0.823,1,2,1,0,0
73,1.051,2,1,2,0,0
73,0.88,0,0,0,0,1
73,0.796,0,0,0,0,1
73,0.654,1,1,1,0,1
73,0.925,0,0,0,0,1
73,0.944,2,0,2,0,0
73,0.847,0,0,0,0,1
73,0.725,1,1,1,0,1
73,0.667,1,1,1,0,1
73,0.987,1,2,1,0,0
73,1.309,2,0,2,0,0
73,0.705,1,1,1,0,1
73,0.855,2,2,2,0,1
73,0.835,0,0,0,0,1
73,0.732,0,1,0,0,0
73,0.712,0,0,0,0,1
73,0.688,1,1,1,0,1
73,0.676,1,0,1,0,0
73,0.757,2,2,2,0,1
73,0.744,2,2,2,0,1
73,0.761,1,1,1,0,1
73,1.316,0,1,0,0,0
73,0.792,2,2,2,0,1
73,0.672,2,2,2,0,1
73,0.781,2,2,2,0,1
73,0.445,0,0,0,0,1
73,1.003,1,2,1,0,0
73,1.122,2,0,2,0,0
73,0.71,1,1,1,0,1
73,0.809,0,2,0,0,0
73,0.75,1,0,1,0,0
73,0.681,2,1,2,0,0
73,1.014,2,2,2,0,1
73,1.016,0,1,0,0,0
73,0.946,2,2,2,0,1
73,0.881,0,2,0,0,0
73,0.793,1,0,1,0,0
73,0.794,1,1,1,0,1
73,0.767,2,2,2,0,1
73,0.737,0,0,0,0,1
73,0.897,1,2,1,0,0
73,0.784,2,2,0,0,1
74,0.667,2,1,2,0,0
74,0.564,0,0,0,0,1
74,0.7,2,0,2,0,0
74,0.704,0,2,0,0,0
74,0.561,1,1,1,0,1
74,0.593,2,2,2,0,1
74,0.619,2,2,2,0,1
74,0.555,0,0,0,0,1
74,0.516,0,0,0,0,1
74,0.894,1,2,1,0,0
74,0.704,1,0,1,0,0
74,0.6,0,0,0,0,1
74,0.682,1,2,1,0,0
74,0.611,0,0,0,0,1
74,0.685,1,1,1,0,1
74,0.447,2,2,2,0,1
74,0.536,0,0,0,0,1
74,0.523,1,1,1,0,1
74,0.579,0,2,0,0,0
74,0.596,1,0,1,0,0
74,0.774,0,1,0,0,0
74,0.558,0,0,0,0,1
74,0.544,0,0,0,0,1
74,0.642,1,1,1,0,1
74,0.667,1,0,1,0,0
74,0.54,1,0,1,0,0
74,0.677,2,0,2,0,0
74,0.726,0,0,0,0,1
74,0.696,2,2,2,0,1
74,0.786,1,0,1,0,0
74,0.556,2,1,2,0,0
74,0.622,1,1,1,0,1
74,0.384,2,2,2,0,1
74,0.408,2,2,2,0,1
74,0.572,1,1,1,0,1
74,0.724,2,0,2,0,0
74,0.677,2,1,2,0,0
74,0.736,1,2,1,0,0
74,0.693,2,0,2,0,0
74,0.58,2,2,2,0,1
74,0.558,2,2,2,0,1
74,0.72,2,1,2,0,0
74,0.522,2,0,2,0,0
74,0.466,0,1,0,0,0
74,0.603,1,1,1,0,1
74,0.466,2,0,2,0,0
74,0.804,0,1,0,0,0
74,0.622,1,1,1,0,1
74,0.56,2,2,2,0,1
74,0.985,0,2,0,0,0
74,0.699,0,1,0,0,0
74,0.557,0,2,0,0,0
74,0.598,0,1,0,0,0
74,0.832,1,2,1,0,0
74,0.537,2,2,2,0,1
74,0.595,1,2,1,0,0
74,0.579,0,0,0,0,1
74,0.605,0,0,0,0,1
74,0.527,0,2,0,0,0
74,0.655,1,0,1,0,0
74,0.88,2,1,2,0,0
74,0.57,1,1,1,0,1
74,0.804,1,0,1,0,0
74,0.534,1,1,1,0,1
74,0.455,1,1,1,0,1
74,0.633,0,1,0,0,0
74,0.699,2,1,2,0,0
74,0.613,0,0,0,0,1
74,0.591,0,0,0,0,1
74,0.697,2,0,2,0,0
74,0.505,1,0,1,0,0
74,0.571,2,2,2,0,1
74,0.58,1,1,1,0,1
74,0.629,0,0,0,0,1
74,0.598,2,2,2,0,1
74,0.552,2,2,2,0,1
74,0.546,2,2,2,0,1
74,0.658,0,0,0,0,1
74,0.844,0,2,0,0,0
74,0.79,2,0,2,0,0
74,0.551,2,2,2,0,1
74,0.641,0,1,0,0,0
74,0.627,1,1,1,0,1
74,0.485,1,1,1,0,1
74,0.695,0,1,0,0,0
74,0.608,0,0,0,0,1
74,0.698,1,1,1,0,1
74,0.932,2,1,2,0,0
74,0.725,2,1,2,0,0
74,0.806,1,2,1,0,0
74,0.672,2,2,2,0,1
74,0.657,0,2,0,0,0
74,0.691,1,2,1,0,0
74,0.572,1,1,1,0,1
75,1.142,1,2,1,0,0
75,0.524,2,2,2,0,1
75,0.812,0,0,0,0,1
75,0.89,1,2,1,0,0
75,0.593,2,0,2,0,0
75,0.902,0,0,0,0,1
75,0.581,1,1,1,0,1
75,1.256,2,0,2,0,0
75,0.518,0,0,0,0,1
75,0.575,1,0,1,0,0
75,0.797,0,2,0,0,0
75,0.444,0,0,0,0,1
75,0.599,2,2,2,0,1
75,1.281,2,2,2,0,1
75,0.431,2,2,2,0,1
75,0.678,0,1,0,0,0
75,0.675,0,0,0,0,1
75,0.57,1,1,1,0,1
75,0.728,0,1,0,0,0
75,1.04,2,1,2,0,0
75,0.523,2,2,2,0,1
75,0.491,1,0,0,0,0
75,0.588,2,2,2,0,1
75,0.481,2,2,2,0,1
75,0.538,0,0,0,0,1
75,0.659,0,2,2,0,0
75,1.084,2,2,2,0,1
75,0.995,0,1,0,0,0
75,0.809,2,1,2,0,0
75,0.867,2,0,2,0,0
75,0.521,2,0,0,0,0
75,0.49,0,0,0,0,1
75,0.985,2,1,2,0,0
75,0.377,2,2,2,0,1
75,0.787,2,1,2,0,0
75,1,1,1,1,0,1
75,0.781,0,1,0,0,0
75,0.481,2,2,2,0,1
75,1.157,2,0,2,0,0
75,0.929,1,2,1,0,0
75,0.417,2,2,2,0,1
75,0.87,1,0,1,0,0
75,0.477,1,1,1,0,1
75,0.867,0,0,0,0,1
75,0.509,2,1,1,0,0
75,0.579,1,1,1,0,1
75,0.528,1,1,1,0,1
75,0.832,1,1,1,0,1
75,0.745,0,0,0,0,1
75,0.584,0,2,2,0,0
75,0.575,0,0,0,0,1
75,0.434,0,0,0,0,1
75,0.62,2,2,2,0,1
75,0.712,1,1,1,0,1
75,0.601,1,2,2,0,0
75,0.8,0,0,0,0,1
75,0.567,2,2,2,0,1
75,0.905,0,1,0,0,0
75,0.434,1,1,1,0,1
75,0.626,1,0,0,0,0
75,0.8,2,0,2,0,0
75,0.606,1,1,1,0,1
75,0.628,0,0,0,0,1
75,0.852,2,1,2,0,0
75,0.619,1,0,1,0,0
75,0.613,0,0,1,0,1
75,0.592,2,2,2,0,1
75,1.105,1,0,1,0,0
75,0.529,1,1,1,0,1
75,0.625,2,2,2,0,1
75,0.791,1,2,1,0,0
75,0.766,0,2,0,0,0
75,0.599,0,0,0,0,1
75,0.471,1,1,1,0,1
75,1.073,1,1,1,0,1
75,0.48,1,0,1,0,0
75,1.018,0,2,0,0,0
75,0.592,0,1,1,0,0
75,0.893,0,1,0,0,0
75,1.069,2,1,2,0,0
75,0.867,1,0,0,0,0
75,0.818,2,0,2,0,0
75,0.563,2,2,2,0,1
75,0.619,1,1,1,0,1
75,0.914,1,2,1,0,0
75,0.978,0,1,0,0,0
75,0.687,2,1,2,0,0
75,0.662,1,2,0,0,0
75,0.911,2,0,2,0,0
75,0.687,1,2,1,0,0
75,0.973,0,2,2,0,0
75,0.724,1,1,1,0,1
75,1.117,0,0,0,0,1
76,0.913,0,1,0,0,0
76,1.386,1,1,1,0,1
76,0.664,1,1,1,0,1
76,0.792,1,1,1,0,1
76,0.695,1,1,1,0,1
76,1.41,1,2,1,0,0
76,0.687,0,0,0,0,1
76,0.79,2,1,1,0,0
76,1.443,2,0,1,0,0
76,1.4,1,0,1,0,0
76,0.814,2,1,2,0,0
76,0.878,2,0,2,0,0
76,1.096,2,1,2,0,0
76,1.097,2,1,2,0,0
76,0.976,2,0,2,0,0
76,1.226,1,0,1,0,0
76,0.545,0,0,0,0,1
76,1.129,1,0,1,0,0
76,0.734,0,2,0,0,0
76,0.605,1,1,1,0,1
76,0.652,2,2,2,0,1
76,0.579,0,1,0,0,0
76,0.716,2,2,2,0,1
76,0.725,1,1,1,0,1
76,0.78,2,2,2,0,1
76,0.886,1,2,1,0,0
76,1.007,2,2,2,0,1
76,0.774,1,1,1,0,1
76,0.541,0,0,0,0,1
76,0.655,2,2,2,0,1
76,0.704,0,0,0,0,1
76,1,2,1,2,0,0
76,0.976,1,2,2,0,0
76,0.953,1,0,1,0,0
76,0.738,1,1,1,0,1
76,1.041,2,0,2,0,0
76,1.062,2,0,2,0,0
76,0.896,0,2,0,0,0
76,0.837,2,2,2,0,1
76,0.837,2,1,2,0,0
76,0.701,0,0,0,0,1
76,0.911,2,1,2,0,0
76,0.742,0,0,0,0,1
76,0.676,0,0,0,0,1
76,0.724,0,0,0,0,1
76,0.798,0,0,0,0,1
76,0.868,2,2,2,0,1
76,1.19,1,0,1,0,0
76,0.935,1,2,1,0,0
76,1.337,0,2,0,0,0
76,1.09,1,0,1,0,0
76,0.859,0,0,0,0,1
76,1.333,1,2,1,0,0
76,1.152,2,0,2,0,0
76,0.783,0,2,0,0,0
76,0.647,2,2,1,0,1
76,0.862,1,1,1,0,1
76,1.215,2,2,2,0,1
76,0.783,0,2,0,0,0
76,1.335,0,2,0,0,0
76,0.759,0,0,0,0,1
76,1.008,2,2,2,0,1
76,0.79,0,2,0,0,0
76,0.966,2,2,2,0,1
76,0.815,1,1,1,0,1
76,0.768,1,0,1,0,0
76,0.616,1,1,1,0,1
76,1.144,2,1,2,0,0
76,0.959,1,0,1,0,0
76,0.775,0,0,0,0,1
76,0.991,2,0,2,0,0
76,0.677,1,1,1,0,1
76,0.693,1,1,1,0,1
76,1.102,0,2,0,0,0
76,1.18,0,0,0,0,1
76,0.65,1,1,1,0,1
76,0.635,1,1,1,0,1
76,0.855,0,1,0,0,0
76,0.982,0,1,0,0,0
76,0.91,2,2,2,0,1
76,1.16,1,2,1,0,0
76,0.975,2,2,2,0,1
76,1.294,0,1,0,0,0
76,1.11,1,1,1,0,1
76,0.889,0,1,0,0,0
76,1.414,0,1,0,0,0
76,0.652,2,2,2,0,1
76,0.797,0,0,0,0,1
76,0.83,2,2,2,0,1
76,0.799,0,0,0,0,1
77,0.603,0,0,0,0,1
77,0.833,1,2,1,0,0
77,0.679,2,2,2,0,1
77,0.836,0,2,0,0,0
77,0.639,0,1,0,0,0
77,0.897,1,1,1,0,1
77,0.575,0,0,0,0,1
77,1.162,2,1,2,0,0
77,0.827,1,1,1,0,1
77,0.997,0,1,0,0,0
77,1.294,1,1,1,0,1
77,1.184,1,2,1,0,0
77,0.697,0,2,0,0,0
77,0.824,1,1,1,0,1
77,0.792,2,2,2,0,1
77,0.913,0,2,0,0,0
77,0.695,2,2,2,0,1
77,1.22,1,1,1,0,1
77,0.492,2,2,2,0,1
77,0.649,0,0,0,0,1
77,1.051,2,2,2,0,1
77,0.751,0,1,0,0,0
77,0.877,2,2,2,0,1
77,0.677,0,2,0,0,0
77,0.852,1,1,1,0,1
77,0.407,2,2,2,0,1
77,0.634,0,1,0,0,0
77,1.035,1,2,1,0,0
77,0.812,1,0,1,0,0
77,0.702,1,1,1,0,1
77,0.96,0,0,0,0,1
77,0.895,2,1,2,0,0
77,0.612,2,0,2,0,0
77,0.633,0,0,0,0,1
77,1.019,1,0,1,0,0
77,1.336,2,1,2,0,0
77,0.487,0,0,0,0,1
77,0.967,1,0,1,0,0
77,0.788,0,2,0,0,0
77,1.009,2,1,2,0,0
77,0.673,0,1,0,0,0
77,0.783,1,2,1,0,0
77,0.583,0,1,0,0,0
77,0.515,0,0,0,0,1
77,0.899,2,1,2,0,0
77,1.443,2,1,2,0,0
77,0.559,0,0,0,0,1
77,0.858,2,2,0,0,1
77,0.83,0,0,0,0,1
77,0.451,2,2,2,0,1
77,0.499,2,2,2,0,1
77,0.935,1,2,1,0,0
77,1.296,0,2,0,0,0
77,1.061,2,2,2,0,1
77,1.103,1,0,1,0,0
77,1.134,2,0,2,0,0
77,0.974,1,1,1,0,1
77,1.216,2,0,2,0,0
77,1.078,1,2,1,0,0
77,0.95,1,1,1,0,1
77,1.106,2,0,2,0,0
77,1.405,2,0,2,0,0
77,0.905,1,1,1,0,1
77,0.856,0,2,0,0,0
77,0.939,0,0,0,0,1
77,1.011,1,1,1,0,1
77,1.096,1,2,1,0,0
77,0.71,1,1,1,0,1
77,0.514,2,2,2,0,1
77,0.873,1,1,1,0,1
77,0.434,2,2,2,0,1
77,0.981,0,0,0,0,1
77,0.462,2,2,2,0,1
77,1.229,2,1,2,0,0
77,0.691,1,1,1,0,1
77,0.423,0,0,0,0,1
77,0.924,2,0,2,0,0
77,0.714,0,0,0,0,1
77,0.918,1,1,1,0,1
77,0.583,2,2,2,0,1
77,0.558,0,0,0,0,1
77,0.736,1,0,2,0,0
77,0.875,1,0,1,0,0
77,0.251,0,1,2,0,0
77,0.4,0,0,0,0,1
77,0.772,1,2,1,0,0
77,1.157,2,0,2,0,0
77,0.83,1,0,1,0,0
77,0.482,2,2,2,0,1
77,0.614,0,2,0,0,0
77,0.631,0,0,0,0,1
77,0.785,0,1,0,0,0
77,0.904,2,0,2,0,0
77,0.629,1,1,1,0,1
78,0.764,1,1,1,0,1
78,0.77,2,1,1,0,0
78,0.887,2,2,2,0,1
78,0.592,2,0,2,0,0
78,0.519,2,2,2,0,1
78,0.796,1,1,1,0,1
78,0.53,2,2,2,0,1
78,0.939,1,2,1,0,0
78,0.932,1,0,1,0,0
78,0.926,0,0,0,0,1
78,0.964,2,1,2,0,0
78,0.508,2,2,2,0,1
78,0.737,0,1,0,0,0
78,0.491,2,2,2,0,1
78,0.609,0,2,0,0,0
78,0.551,0,1,0,0,0
78,0.765,2,0,2,0,0
78,0.628,2,1,2,0,0
78,0.975,0,1,0,0,0
78,0.63,0,2,0,0,0
78,0.604,0,0,0,0,1
78,0.609,2,2,2,0,1
78,0.534,1,2,1,0,0
78,0.783,2,0,2,0,0
78,0.664,0,1,0,0,0
78,0.896,2,1,2,0,0
78,1.077,1,1,1,0,1
78,0.796,1,0,0,0,0
78,0.917,2,2,2,0,1
78,0.622,0,0,0,0,1
78,0.949,1,0,1,0,0
78,0.603,1,0,1,0,0
78,0.657,0,2,2,0,0
78,0.443,0,0,0,0,1
78,0.691,1,1,2,0,1
78,0.633,0,0,0,0,1
78,0.879,2,2,2,0,1
78,0.898,1,1,1,0,1
78,0.75,0,0,0,0,1
78,0.838,2,1,2,0,0
78,0.552,2,1,2,0,0
78,0.863,2,0,2,0,0
78,0.741,0,0,0,0,1
78,0.546,0,0,0,0,1
78,0.696,0,0,0,0,1
78,0.943,1,2,2,0,0
78,0.87,1,2,1,0,0
78,1.036,2,0,2,0,0
78,0.822,0,2,0,0,0
78,1.022,2,1,2,0,0
78,0.581,0,0,0,0,1
78,0.475,0,0,0,0,1
78,0.559,0,1,0,0,0
78,0.569,2,2,2,0,1
78,1.121,1,0,1,0,0
78,0.391,1,1,1,0,1
78,0.655,0,1,0,0,0
78,0.804,0,1,1,0,0
78,1.055,1,2,0,0,0
78,0.547,0,0,0,0,1
78,0.714,1,1,1,0,1
78,0.625,1,1,1,0,1
78,0.775,1,0,0,0,0
78,0.512,0,0,0,0,1
78,0.728,2,2,2,0,1
78,0.848,1,1,1,0,1
78,1.014,0,2,0,0,0
78,1.148,1,2,1,0,0
78,0.565,1,1,1,0,1
78,1.086,2,0,2,0,0
78,0.962,2,2,2,0,1
78,0.713,1,1,1,0,1
78,0.559,1,1,1,0,1
78,0.921,0,2,0,0,0
78,0.719,2,2,2,0,1
78,0.87,1,1,1,0,1
78,1.212,2,0,2,0,0
78,0.852,2,2,2,0,1
78,1.134,1,2,1,0,0
78,0.741,1,0,1,0,0
78,0.731,0,0,0,0,1
78,0.832,0,2,0,0,0
78,1.082,1,1,1,0,1
78,0.612,0,0,0,0,1
78,0.443,1,1,1,0,1
78,0.787,2,2,2,0,1
78,1.05,2,1,1,0,0
78,0.883,1,0,1,0,0
78,0.921,1,2,1,0,0
78,0.977,2,2,2,0,1
78,0.504,0,1,0,0,0
78,0.543,2,2,2,0,1
78,0.616,0,0,0,0,1
78,0.915,2,0,2,0,0
78,1.093,0,2,0,0,0
78,1.034,1,1,2,0,1
79,0.619,2,0,2,0,0
79,0.561,2,2,2,0,1
79,0.727,1,1,1,0,1
79,0.573,0,0,0,0,1
79,0.539,0,0,0,0,1
79,0.614,1,1,1,0,1
79,0.704,0,2,0,0,0
79,0.774,0,1,0,0,0
79,0.856,2,1,2,0,0
79,0.703,1,0,0,0,0
79,1.318,2,0,2,0,0
79,0.757,0,0,0,0,1
79,0.8,2,2,2,0,1
79,0.679,2,2,2,0,1
79,0.809,2,0,2,0,0
79,0.7,2,1,2,0,0
79,0.684,1,1,1,0,1
79,0.733,1,1,1,0,1
79,0.673,0,0,0,0,1
79,1.02,2,1,2,0,0
79,0.734,0,0,0,0,1
79,0.737,1,1,1,0,1
79,0.875,2,1,2,0,0
79,0.706,0,0,0,0,1
79,0.941,0,1,0,0,0
79,0.825,1,2,1,0,0
79,0.667,0,0,0,0,1
79,0.867,0,1,0,0,0
79,0.889,2,2,2,0,1
79,1.051,0,2,0,0,0
79,1.107,1,2,1,0,0
79,0.857,2,2,2,0,1
79,0.66,1,2,1,0,0
79,0.863,2,2,2,0,1
79,1.15,1,0,1,0,0
79,1.077,0,0,0,0,1
79,0.811,0,2,0,0,0
79,1.105,2,0,2,0,0
79,0.611,2,2,2,0,1
79,0.885,1,1,1,0,1
79,0.739,0,0,0,0,1
79,0.838,1,1,1,0,1
79,0.943,0,1,0,0,0
79,0.646,2,2,2,0,1
79,0.893,0,2,0,0,0
79,0.93,2,1,2,0,0
79,1.049,1,0,1,0,0
79,1.092,1,0,1,0,0
79,1.003,2,1,2,0,0
79,0.687,0,1,0,0,0
79,0.718,2,2,2,0,1
79,1.038,0,2,0,0,0
79,0.854,1,1,1,0,1
79,1.048,2,2,2,0,1
79,0.893,2,1,2,0,0
79,0.679,2,0,2,0,0
79,0.834,0,0,0,0,1
79,0.929,1,2,1,0,0
79,0.912,1,2,1,0,0
79,0.63,1,1,1,0,1
79,0.713,1,2,1,0,0
79,0.992,0,2,0,0,0
79,0.774,0,2,0,0,0
79,0.789,0,0,0,0,1
79,0.832,2,2,2,0,1
79,0.848,1,2,1,0,0
79,0.815,2,2,2,0,1
79,0.725,1,1,1,0,1
79,0.656,0,0,0,0,1
79,0.707,1,1,1,0,1
79,0.746,2,2,2,0,1
79,0.631,0,0,0,0,1
79,0.715,1,1,1,0,1
79,0.625,0,0,0,0,1
79,1.084,1,0,1,0,0
79,0.647,1,2,1,0,0
79,0.91,2,0,2,0,0
79,0.712,1,1,1,0,1
79,0.816,2,0,2,0,0
79,1.062,1,1,1,0,1
79,0.74,1,0,1,0,0
79,0.656,1,0,1,0,0
79,0.898,0,1,0,0,0
79,0.905,1,0,1,0,0
79,0.841,0,0,0,0,1
79,0.86,2,1,2,0,0
79,0.718,2,2,2,0,1
79,0.662,2,0,2,0,0
79,0.541,2,2,2,0,1
79,0.828,1,1,1,0,1
79,0.764,1,1,1,0,1
79,0.891,0,2,0,0,0
79,0.746,2,2,2,0,1
79,1.133,0,0,0,0,1
79,0.924,0,1,0,0,0
80,0.514,1,1,1,0,1
80,0.529,1,1,1,0,1
80,0.721,2,0,2,0,0
80,0.672,2,2,2,0,1
80,0.553,2,2,2,0,1
80,0.596,0,0,0,0,1
80,1.239,2,1,1,0,0
80,0.812,0,2,0,0,0
80,0.42,2,2,2,0,1
80,0.584,1,2,1,0,0
80,0.616,1,0,1,0,0
80,0.58,2,2,2,0,1
80,0.906,1,1,2,0,1
80,0.529,2,2,2,0,1
80,1.003,2,1,2,0,0
80,0.874,1,2,1,0,0
80,0.626,0,0,0,0,1
80,0.924,1,2,1,0,0
80,0.646,2,2,2,0,1
80,0.502,1,2,2,0,0
80,0.581,2,1,2,0,0
80,0.923,0,1,0,0,0
80,0.704,2,2,2,0,1
80,0.859,0,1,0,0,0
80,1.248,1,2,2,0,0
80,0.72,1,1,1,0,1
80,0.783,0,1,0,0,0
80,1.361,1,2,1,0,0
80,1.07,1,1,2,0,1
80,0.765,2,2,2,0,1
80,1.417,2,0,2,0,0
80,0.518,0,0,0,0,1
80,1.189,2,2,2,0,1
80,0.569,0,1,0,0,0
80,1.427,1,1,1,0,1
80,0.642,1,0,1,0,0
80,0.668,0,0,0,0,1
80,0.569,0,0,0,0,1
80,0.689,2,1,2,0,0
80,1.262,0,2,0,0,0
80,0.532,2,2,2,0,1
80,0.881,2,0,2,0,0
80,0.616,0,2,0,0,0
80,0.581,1,1,2,0,1
80,0.937,2,1,2,0,0
80,0.681,0,0,0,0,1
80,1.328,2,2,1,0,1
80,0.728,1,2,1,0,0
80,0.828,1,1,2,0,1
80,0.657,0,0,0,0,1
80,0.782,1,1,1,0,1
80,0.651,1,2,1,0,0
80,0.97,1,0,1,0,0
80,0.652,0,0,0,0,1
80,0.517,0,0,0,0,1
80,0.659,0,0,0,0,1
80,0.896,2,0,1,0,0
80,0.898,0,1,0,0,0
80,0.861,2,0,2,0,0
80,0.673,1,1,1,0,1
80,0.72,0,1,0,0,0
80,0.925,2,2,2,0,1
80,0.86,0,1,0,0,0
80,0.906,2,1,2,0,0
80,0.704,0,2,0,0,0
80,0.596,0,0,0,0,1
80,0.768,2,0,2,0,0
80,1.177,1,0,1,0,0
80,0.704,1,1,1,0,1
80,0.526,1,0,1,0,0
80,0.55,1,1,1,0,1
80,0.594,0,0,0,0,1
80,0.64,2,2,2,0,1
80,0.447,2,0,2,0,0
80,0.72,0,0,0,0,1
80,0.766,2,2,2,0,1
80,0.893,1,0,1,0,0
80,1.208,2,1,2,0,0
80,1.18,2,0,1,0,0
80,1.446,0,2,0,0,0
80,0.985,0,2,0,0,0
80,0.782,1,1,2,0,1
80,1.154,2,1,2,0,0
80,0.937,0,2,0,0,0
80,1.329,0,0,0,0,1
80,1.022,1,1,1,0,1
80,0.72,1,1,1,0,1
80,0.813,0,1,0,0,0
80,1.028,1,0,1,0,0
80,0.782,0,2,0,0,0
80,1.281,2,2,1,0,1
80,0.847,1,1,1,0,1
80,0.626,2,2,2,0,1
80,1.288,1,0,1,0,0
80,1.138,0,0,1,0,1
81,0.943,0,1,0,0,0
81,0.633,0,1,0,0,0
81,0.65,2,0,2,0,0
81,0.5,2,0,2,0,0
81,0.596,0,2,0,0,0
81,0.389,0,1,0,0,0
81,0.567,1,0,1,0,0
81,0.839,2,0,2,0,0
81,0.65,1,0,1,0,0
81,0.484,1,0,1,0,0
81,0.694,0,1,0,0,0
81,0.63,0,1,0,0,0
81,0.68,1,1,1,0,1
81,0.461,1,0,1,0,0
81,0.39,2,0,2,0,0
81,0.522,2,2,2,0,1
81,0.472,1,1,1,0,1
81,0.299,0,0,0,0,1
81,0.434,0,2,0,0,0
81,0.501,2,2,2,0,1
81,0.475,0,0,0,0,1
81,0.328,0,0,0,0,1
81,0.288,0,0,0,0,1
81,0.615,1,0,1,0,0
81,0.397,2,2,2,0,1
81,0.443,2,2,2,0,1
81,0.723,1,2,1,0,0
81,0.401,2,1,2,0,0
81,0.376,0,2,2,0,0
81,0.573,2,2,2,0,1
81,0.416,2,1,2,0,0
81,0.378,0,2,0,0,0
81,0.67,1,2,1,0,0
81,0.624,0,0,0,0,1
81,0.533,1,1,1,0,1
81,0.5,2,0,2,0,0
81,0.85,2,2,2,0,1
81,0.373,1,1,1,0,1
81,0.454,0,0,0,0,1
81,0.403,2,2,2,0,1
81,0.288,1,1,1,0,1
81,0.582,0,2,0,0,0
81,0.965,2,1,2,0,0
81,0.51,2,2,2,0,1
81,0.779,1,2,1,0,0
81,0.501,0,0,0,0,1
81,0.534,2,2,2,0,1
81,0.38,2,2,2,0,1
81,0.635,2,1,2,0,0
81,0.375,1,1,1,0,1
81,0.473,2,2,2,0,1
81,0.461,1,1,2,0,1
81,0.489,1,2,2,0,0
81,0.585,0,2,0,0,0
81,0.505,0,0,0,0,1
81,0.361,0,0,0,0,1
81,0.477,0,2,0,0,0
81,0.36,0,0,0,0,1
81,0.558,0,1,0,0,0
81,0.747,2,1,2,0,0
81,0.291,1,1,1,0,1
81,0.37,1,1,1,0,1
81,0.423,0,0,0,0,1
81,0.329,1,2,2,0,0
81,0.559,0,1,0,0,0
81,0.714,1,0,1,0,0
81,0.738,2,0,2,0,0
81,0.515,1,1,1,0,1
81,0.501,0,0,0,0,1
81,0.776,1,0,2,0,0
81,0.58,0,1,0,0,0
81,0.593,2,1,1,0,0
81,0.467,0,0,0,0,1
81,0.745,1,0,1,0,0
81,0.617,1,2,1,0,0
81,0.415,1,1,1,0,1
81,0.684,1,2,2,0,0
81,0.307,2,2,2,0,1
81,0.419,2,2,2,0,1
81,0.506,0,0,0,0,1
81,0.457,0,0,0,0,1
81,0.911,0,2,0,0,0
81,0.745,2,0,1,0,0
81,0.492,2,2,2,0,1
81,0.36,1,1,1,0,1
81,0.379,1,1,1,0,1
81,0.417,1,1,1,0,1
81,0.567,2,1,2,0,0
81,0.777,1,1,1,0,1
81,0.88,2,1,2,0,0
81,0.781,1,1,1,0,1
81,0.715,1,2,2,0,0
81,0.522,2,2,2,0,1
81,0.429,2,2,2,0,1
81,0.663,0,0,0,0,1
82,0.526,1,1,1,0,1
82,0.647,1,1,1,0,1
82,1.285,1,1,1,0,1
82,0.861,1,2,1,0,0
82,1.001,2,1,2,0,0
82,0.854,1,2,1,0,0
82,0.752,1,2,1,0,0
82,0.637,0,0,0,0,1
82,1.255,2,2,2,0,1
82,0.722,1,0,1,0,0
82,0.894,0,1,0,0,0
82,0.906,0,2,0,0,0
82,1.192,2,0,2,0,0
82,1.059,0,2,0,0,0
82,0.782,1,2,1,0,0
82,0.776,0,0,0,0,1
82,0.756,0,0,0,0,1
82,0.752,1,0,1,0,0
82,0.913,1,1,1,0,1
82,0.651,0,0,0,0,1
82,0.676,0,0,0,0,1
82,0.913,2,1,2,0,0
82,1.213,2,0,2,0,0
82,1.027,2,1,2,0,0
82,0.942,2,0,2,0,0
82,0.858,2,2,2,0,1
82,0.838,0,2,0,0,0
82,1.064,0,2,0,0,0
82,0.701,2,2,2,0,1
82,0.662,0,0,0,0,1
82,0.834,2,0,2,0,0
82,0.931,1,0,1,0,0
82,0.85,0,0,0,0,1
82,0.841,2,2,2,0,1
82,0.708,2,0,2,0,0
82,0.638,2,2,2,0,1
82,0.568,1,1,1,0,1
82,0.675,2,2,2,0,1
82,0.59,2,2,2,0,1
82,0.632,1,1,1,0,1
82,0.852,2,1,2,0,0
82,0.734,1,1,1,0,1
82,0.846,1,1,1,0,1
82,0.615,0,0,0,0,1
82,0.61,0,0,0,0,1
82,0.649,0,0,0,0,1
82,0.852,0,1,0,0,0
82,0.752,0,1,0,0,0
82,0.678,0,0,0,0,1
82,0.8,0,1,0,0,0
82,0.972,1,0,1,0,0
82,0.952,2,1,2,0,0
82,0.726,1,1,1,0,1
82,0.857,0,2,0,0,0
82,0.836,1,0,1,0,0
82,0.881,2,2,2,0,1
82,0.881,0,0,0,0,1
82,1.147,2,1,2,0,0
82,0.872,1,0,0,0,0
82,0.804,0,1,0,0,0
82,0.781,0,0,0,0,1
82,1.081,0,2,0,0,0
82,0.771,1,1,1,0,1
82,1.04,2,0,0,0,0
82,0.684,2,2,2,0,1
82,0.886,2,1,2,0,0
82,0.786,2,2,2,0,1
82,0.86,2,2,2,0,1
82,1.046,1,2,1,0,0
82,0.799,1,1,1,0,1
82,0.635,1,1,1,0,1
82,0.887,1,2,1,0,0
82,0.803,2,2,2,0,1
82,0.796,1,1,1,0,1
82,0.951,0,2,0,0,0
82,0.501,0,0,0,0,1
82,0.699,2,2,2,0,1
82,0.887,1,2,1,0,0
82,1.046,2,0,2,0,0
82,0.69,0,0,0,0,1
82,0.653,1,1,1,0,1
82,1.055,1,1,1,0,1
82,0.922,0,1,0,0,0
82,0.903,1,0,1,0,0
82,0.584,2,2,2,0,1
82,0.914,1,0,1,0,0
82,0.733,2,2,2,0,1
82,0.724,0,1,0,0,0
82,0.638,0,2,0,0,0
83,0.797,2,2,2,0,1
83,1.064,2,1,2,0,0
83,0.936,0,0,0,0,1
83,1.032,2,2,2,0,1
83,0.735,1,1,1,0,1
83,1.027,1,0,1,0,0
83,0.954,1,1,1,0,1
83,0.953,0,0,0,0,1
83,0.86,1,1,1,0,1
83,1.012,2,0,2,0,0
83,1.14,0,1,0,0,0
83,1.023,2,1,2,0,0
83,0.894,0,2,0,0,0
83,0.988,1,0,2,0,0
83,1.289,2,0,2,0,0
83,0.748,2,2,2,0,1
83,0.748,0,0,0,0,1
83,1.017,1,0,1,0,0
83,0.886,2,1,2,0,0
83,1.059,1,0,1,0,0
83,0.816,0,0,0,0,1
83,0.925,1,2,1,0,0
83,0.975,0,0,0,0,1
83,1.022,1,0,1,0,0
83,0.962,2,1,2,0,0
83,1,2,2,2,0,1
83,0.643,2,2,2,0,1
83,1.184,1,1,1,0,1
83,1.298,1,2,1,0,0
83,0.883,2,1,2,0,0
83,0.964,1,1,1,0,1
83,1.05,1,2,1,0,0
83,1.193,0,2,0,0,0
83,0.707,0,1,0,0,0
83,1.016,2,2,2,0,1
83,0.838,0,0,0,0,1
83,0.784,1,1,1,0,1
83,0.85,2,2,2,0,1
83,1.08,1,2,1,0,0
83,1.21,1,2,1,0,0
83,1.384,2,0,2,0,0
83,0.944,1,1,1,0,1
83,1.156,1,0,1,0,0
83,0.883,0,1,0,0,0
83,0.922,1,1,1,0,1
83,1.056,1,2,1,0,0
83,1.087,2,1,2,0,0
83,0.999,0,0,0,0,1
83,1.005,1,1,1,0,1
83,1.134,0,2,0,0,0
83,0.871,0,0,0,0,1
83,1.284,1,0,1,0,0
83,1.227,1,0,1,0,0
83,0.908,2,2,2,0,1
83,0.708,0,0,0,0,1
83,0.869,1,1,1,0,1
83,0.871,0,1,0,0,0
83,0.842,2,2,2,0,1
83,0.857,1,1,1,0,1
83,0.84,0,0,0,0,1
83,1.067,2,0,2,0,0
83,1.065,2,2,2,0,1
83,0.726,2,2,2,0,1
83,0.528,2,2,2,0,1
83,0.978,2,1,2,0,0
83,1.117,0,2,0,0,0
83,0.926,0,2,0,0,0
83,0.497,0,0,0,0,1
83,1.074,2,0,2,0,0
83,0.94,0,0,0,0,1
83,0.752,2,2,2,0,1
83,1.117,0,1,0,0,0
83,0.995,2,2,2,0,1
83,0.81,2,2,2,0,1
83,1.062,0,2,0,0,0
83,0.877,2,2,2,0,1
83,0.902,1,1,1,0,1
83,1.143,2,1,2,0,0
83,0.983,1,1,1,0,1
83,1.071,0,1,0,0,0
83,0.994,0,0,0,0,1
83,1.156,1,2,1,0,0
83,1.025,0,0,0,0,1
83,1.4,0,1,0,0,0
83,0.973,0,2,0,0,0
83,1.181,2,0,2,0,0
83,0.861,1,1,1,0,1
83,0.903,0,2,0,0,0
83,0.801,1,1,1,0,1
83,0.76,0,0,0,0,1
83,1.346,0,1,0,0,0
83,0.967,1,2,1,0,0
83,0.693,1,1,1,0,1
83,1.112,2,0,2,0,0
83,0.813,0,0,0,0,1
84,0.888,2,2,2,0,1
84,0.865,0,2,0,0,0
84,0.815,2,0,2,0,0
84,0.875,2,1,1,0,0
84,0.787,0,0,0,0,1
84,1.14,0,1,0,0,0
84,0.828,1,0,1,0,0
84,0.701,2,2,2,0,1
84,1.039,1,1,1,0,1
84,0.919,1,1,1,0,1
84,0.731,2,2,2,0,1
84,0.896,2,1,2,0,0
84,0.773,1,1,1,0,1
84,0.925,0,1,0,0,0
84,0.767,0,0,1,0,1
84,0.831,1,1,1,0,1
84,0.793,0,0,0,0,1
84,0.708,1,0,1,0,0
84,0.7,2,0,2,0,0
84,0.863,1,0,0,0,0
84,0.92,0,2,0,0,0
84,0.771,2,0,2,0,0
84,0.915,0,1,0,0,0
84,0.901,2,1,2,0,0
84,0.952,0,0,0,0,1
84,0.721,0,0,0,0,1
84,0.948,2,1,2,0,0
84,0.846,0,2,0,0,0
84,0.735,1,1,1,0,1
84,0.928,0,2,0,0,0
84,0.874,1,1,1,0,1
84,0.877,0,0,0,0,1
84,0.804,0,0,0,0,1
84,0.612,0,0,0,0,1
84,0.971,1,2,1,0,0
84,0.764,2,2,2,0,1
84,0.766,0,2,0,0,0
84,0.728,2,2,2,0,1
84,0.841,1,0,1,0,0
84,0.641,1,1,1,0,1
84,0.735,1,2,1,0,0
84,0.536,1,1,1,0,1
84,0.866,1,2,1,0,0
84,1.082,1,0,1,0,0
84,0.922,2,0,2,0,0
84,0.832,2,1,2,0,0
84,0.683,1,1,1,0,1
84,0.66,2,2,2,0,1
84,0.526,2,2,2,0,1
84,0.824,2,2,2,0,1
84,0.705,1,1,1,0,1
84,0.817,0,2,0,0,0
84,0.658,0,0,0,0,1
84,0.775,0,1,0,0,0
84,0.728,2,0,2,0,0
84,1.096,2,1,2,0,0
84,0.914,0,1,0,0,0
84,0.941,2,1,2,0,0
84,0.75,2,2,2,0,1
84,0.832,2,2,2,0,1
84,0.715,0,0,0,0,1
84,0.602,0,0,0,0,1
84,0.861,1,0,1,0,0
84,0.873,1,2,1,0,0
84,0.865,1,2,1,0,0
84,1.01,0,1,0,0,0
84,0.867,1,1,1,0,1
84,1.052,0,0,0,0,1
84,0.909,1,2,1,0,0
84,0.854,2,0,2,0,0
84,0.739,0,0,0,0,1
84,0.875,2,1,2,0,0
84,0.636,2,2,2,0,1
84,0.724,1,1,1,0,1
84,0.697,1,2,1,0,0
84,0.826,2,2,2,0,1
84,0.819,0,0,0,0,1
84,0.733,1,1,1,0,1
84,0.886,2,2,2,0,1
84,0.88,0,2,0,0,0
84,0.898,2,0,2,0,0
84,0.929,1,1,1,0,1
84,0.625,1,1,1,0,1
84,0.723,2,0,2,0,0
84,0.926,0,1,0,0,0
84,0.848,1,2,1,0,0
84,0.866,0,1,1,0,0
84,0.73,2,2,2,0,1
84,0.781,1,1,1,0,1
84,0.638,2,2,2,0,1
84,0.864,2,2,2,0,1
84,0.888,0,2,0,0,0
84,0.986,1,0,1,0,0
84,0.792,0,0,0,0,1
84,0.867,1,0,1,0,0
84,1.013,0,0,0,0,1
85,0.955,0,1,0,0,0
85,0.898,2,0,2,0,0
85,0.658,1,0,1,0,0
85,0.621,0,1,0,0,0
85,0.66,0,0,0,0,1
85,0.751,0,1,0,0,0
85,0.633,2,0,2,0,0
85,0.46,1,1,1,0,1
85,0.832,2,2,2,0,1
85,0.645,2,2,2,0,1
85,0.878,1,1,1,0,1
85,0.969,2,1,2,0,0
85,0.664,1,1,1,0,1
85,0.832,2,2,2,0,1
85,0.615,0,0,0,0,1
85,0.673,2,0,2,0,0
85,0.636,2,0,2,0,0
85,0.625,2,0,2,0,0
85,0.586,0,2,0,0,0
85,0.692,2,1,2,0,0
85,0.665,2,1,2,0,0
85,0.56,2,1,2,0,0
85,0.774,1,0,1,0,0
85,0.797,2,2,2,0,1
85,0.947,1,1,2,0,1
85,0.701,1,2,1,0,0
85,0.934,0,2,0,0,0
85,1.037,1,1,1,0,1
85,1.286,0,0,0,0,1
85,0.669,2,2,2,0,1
85,0.997,2,1,2,0,0
85,0.704,1,1,1,0,1
85,1.225,1,0,1,0,0
85,0.832,1,1,1,0,1
85,0.918,1,2,1,0,0
85,0.726,2,2,2,0,1
85,0.644,0,0,0,0,1
85,0.499,0,1,0,0,0
85,0.754,2,1,2,0,0
85,0.84,1,0,1,0,0
85,0.85,0,2,0,0,0
85,0.716,1,2,1,0,0
85,0.643,0,2,0,0,0
85,0.652,2,0,2,0,0
85,0.705,2,2,2,0,1
85,0.555,2,2,2,0,1
85,0.533,0,0,0,0,1
85,0.734,0,2,0,0,0
85,0.626,2,2,2,0,1
85,0.54,2,0,2,0,0
85,0.807,1,1,1,0,1
85,0.817,1,0,1,0,0
85,0.511,1,1,1,0,1
85,0.466,1,2,1,0,0
85,0.632,0,0,0,0,1
85,0.548,2,2,2,0,1
85,0.734,1,1,1,0,1
85,0.648,0,0,0,0,1
85,0.723,2,2,2,0,1
85,0.687,1,2,1,0,0
85,0.736,1,0,1,0,0
85,0.729,0,2,0,0,0
85,1.25,0,2,0,0,0
85,0.924,2,2,2,0,1
85,0.871,0,0,0,0,1
85,0.689,1,0,1,0,0
85,0.755,1,1,1,0,1
85,0.669,0,1,0,0,0
85,0.861,0,1,0,0,0
85,0.584,1,1,1,0,1
85,0.728,0,2,0,0,0
85,0.62,0,0,0,0,1
85,0.551,0,0,0,0,1
85,0.766,0,1,0,0,0
85,0.802,0,1,0,0,0
85,0.909,1,1,1,0,1
85,0.726,2,0,2,0,0
85,1.086,2,1,2,0,0
85,0.54,2,2,2,0,1
85,0.775,1,1,1,0,1
85,0.542,0,0,0,0,1
85,0.563,1,1,1,0,1
85,0.663,2,2,2,0,1
85,0.686,2,1,2,0,0
85,1.022,1,0,1,0,0
85,0.745,1,1,1,0,1
85,0.897,2,2,2,0,1
85,1.117,1,2,1,0,0
85,0.821,1,2,1,0,0
85,0.989,2,2,2,0,1
85,0.855,0,0,0,0,1
85,0.792,0,0,0,0,1
85,1.225,0,0,0,0,1
85,0.714,1,2,1,0,0
86,0.729,1,2,1,0,0
86,0.749,0,0,0,0,1
86,0.663,0,1,0,0,0
86,0.438,0,0,0,0,1
86,0.773,2,2,2,0,1
86,0.567,0,0,0,0,1
86,0.56,0,0,0,0,1
86,0.61,1,1,1,0,1
86,0.819,0,2,2,0,0
86,0.774,2,0,2,0,0
86,0.689,1,1,1,0,1
86,0.43,1,1,1,0,1
86,0.483,1,1,1,0,1
86,0.49,1,2,1,0,0
86,0.702,2,1,2,0,0
86,0.818,1,2,1,0,0
86,0.451,1,1,1,0,1
86,0.448,1,1,1,0,1
86,0.678,2,0,2,0,0
86,0.747,0,0,0,0,1
86,0.628,2,0,2,0,0
86,0.694,0,0,0,0,1
86,0.623,2,2,2,0,1
86,0.729,1,0,1,0,0
86,0.64,1,0,1,0,0
86,0.404,1,1,1,0,1
86,0.601,2,2,2,0,1
86,0.587,1,1,1,0,1
86,0.708,0,1,0,0,0
86,0.509,2,2,2,0,1
86,0.633,1,1,1,0,1
86,0.529,2,2,2,0,1
86,0.861,1,0,1,0,0
86,0.522,1,2,1,0,0
86,0.672,2,0,2,0,0
86,0.752,2,1,1,0,0
86,0.83,0,1,0,0,0
86,0.619,1,0,1,0,0
86,0.601,2,2,2,0,1
86,0.635,0,0,0,0,1
86,0.577,2,2,2,0,1
86,0.938,0,1,0,0,0
86,0.751,1,1,1,0,1
86,0.501,1,1,1,0,1
86,0.781,0,1,0,0,0
86,0.828,2,2,2,0,1
86,0.923,0,1,0,0,0
86,0.892,0,1,0,0,0
86,0.72,1,1,1,0,1
86,0.626,2,2,2,0,1
86,0.699,0,2,0,0,0
86,1.084,0,2,0,0,0
86,0.81,1,2,1,0,0
86,0.652,2,1,2,0,0
86,0.884,1,2,1,0,0
86,0.869,1,0,1,0,0
86,0.577,2,2,2,0,1
86,0.533,2,1,2,0,0
86,0.687,0,0,0,0,1
86,0.556,0,0,0,0,1
86,0.377,0,0,0,0,1
86,0.629,0,2,0,0,0
86,0.626,1,1,1,0,1
86,0.708,0,0,0,0,1
86,0.54,0,0,0,0,1
86,0.782,2,2,2,0,1
86,0.554,0,0,0,0,1
86,0.486,0,0,0,0,1
86,0.947,1,0,1,0,0
86,0.613,2,2,2,0,1
86,0.608,1,1,1,0,1
86,0.829,2,0,2,0,0
86,0.692,2,0,2,0,0
86,0.717,2,1,2,0,0
86,0.585,1,1,1,0,1
86,0.679,2,1,2,0,0
86,0.624,1,2,1,0,0
86,0.672,1,1,1,0,1
86,0.783,1,0,1,0,0
86,0.506,2,2,2,0,1
86,0.845,0,2,0,0,0
86,0.506,0,2,0,0,0
86,0.614,1,0,1,0,0
86,0.597,2,1,2,0,0
86,0.62,2,2,2,0,1
86,0.615,0,0,0,0,1
86,0.774,2,2,2,0,1
86,0.681,2,0,2,0,0
86,0.602,2,1,2,0,0
86,0.78,0,2,0,0,0
86,0.75,2,0,2,0,0
86,0.629,1,2,1,0,0
86,0.561,0,0,0,0,1
86,0.476,2,2,2,0,1
87,0.655,1,1,1,0,1
87,0.653,2,1,2,0,0
87,0.52,2,2,2,0,1
87,0.447,2,1,2,0,0
87,0.465,2,1,2,0,0
87,0.55,0,0,0,0,1
87,0.483,1,1,1,0,1
87,0.606,2,0,2,0,0
87,0.379,2,2,2,0,1
87,0.48,0,0,0,0,1
87,0.432,0,0,0,0,1
87,0.478,2,2,2,0,1
87,0.525,0,2,0,0,0
87,0.643,2,2,2,0,1
87,0.54,0,0,0,0,1
87,0.395,0,1,0,0,0
87,0.552,1,0,1,0,0
87,0.514,1,0,1,0,0
87,0.481,0,0,0,0,1
87,0.537,1,0,1,0,0
87,0.423,2,2,2,0,1
87,0.514,1,1,1,0,1
87,0.559,0,1,0,0,0
87,0.422,0,0,0,0,1
87,0.553,2,0,2,0,0
87,0.548,1,2,1,0,0
87,0.636,0,2,0,0,0
87,0.546,2,2,2,0,1
87,0.415,1,0,1,0,0
87,0.444,1,1,1,0,1
87,0.44,0,0,0,0,1
87,0.506,1,2,1,0,0
87,0.542,0,1,0,0,0
87,0.47,0,0,0,0,1
87,0.442,0,2,0,0,0
87,0.45,0,1,0,0,0
87,0.552,2,2,2,0,1
87,0.511,1,0,1,0,0
87,0.525,2,0,0,0,0
87,0.716,0,1,0,0,0
87,0.557,1,1,1,0,1
87,0.498,2,1,2,0,0
87,0.577,1,2,1,0,0
87,0.646,2,0,2,0,0
87,0.459,1,2,1,0,0
87,0.487,0,2,0,0,0
87,0.566,2,2,2,0,1
87,0.415,1,1,1,0,1
87,0.483,0,0,0,0,1
87,0.48,0,0,0,0,1
87,0.509,1,1,1,0,1
87,0.546,0,1,0,0,0
87,0.563,2,0,2,0,0
87,0.535,2,0,2,0,0
87,0.61,1,0,1,0,0
87,0.605,2,1,2,0,0
87,0.471,2,2,2,0,1
87,0.457,1,0,1,0,0
87,0.488,0,0,0,0,1
87,0.514,1,1,1,0,1
87,0.49,2,1,2,0,0
87,0.577,0,1,0,0,0
87,0.449,1,0,1,0,0
87,0.508,2,2,2,0,1
87,0.543,2,0,2,0,0
87,0.489,1,1,1,0,1
87,0.491,2,2,2,0,1
87,0.491,2,0,2,0,0
87,0.475,0,2,1,0,0
87,0.502,0,0,0,0,1
87,0.392,0,0,0,0,1
87,0.475,1,2,1,0,0
87,0.59,0,1,0,0,0
87,0.554,1,1,1,0,1
87,0.531,2,2,2,0,1
87,0.53,2,2,2,0,1
87,0.684,0,2,0,0,0
87,0.569,1,1,1,0,1
87,0.485,1,2,1,0,0
87,0.556,0,0,0,0,1
87,0.503,2,2,2,0,1
87,0.444,2,2,2,0,1
87,0.673,1,2,1,0,0
87,0.626,0,2,0,0,0
87,0.553,1,1,1,0,1
87,0.464,1,1,1,0,1
87,0.518,2,1,2,0,0
87,0.55,1,2,1,0,0
87,0.476,0,0,0,0,1
87,0.543,1,1,1,0,1
87,0.504,0,0,2,0,1
87,0.517,1,1,1,0,1
87,0.367,1,1,1,0,1
87,0.479,2,2,2,0,1
88,0.464,1,1,1,0,1
88,0.636,2,2,2,0,1
88,0.602,0,0,0,0,1
88,0.479,2,2,2,0,1
88,0.782,0,2,0,0,0
88,0.411,1,1,1,0,1
88,0.519,1,1,1,0,1
88,0.861,2,0,2,0,0
88,0.872,0,1,0,0,0
88,0.678,1,2,1,0,0
88,0.827,2,0,2,0,0
88,0.635,0,0,0,0,1
88,0.782,0,2,0,0,0
88,0.477,1,1,1,0,1
88,0.619,2,2,2,0,1
88,0.489,2,2,2,0,1
88,1.133,1,0,1,0,0
88,0.875,0,2,0,0,0
88,0.68,0,1,0,0,0
88,0.511,0,0,0,0,1
88,0.54,0,1,0,0,0
88,0.434,0,0,0,0,1
88,0.735,2,1,2,0,0
88,0.526,2,1,2,0,0
88,0.555,0,0,0,0,1
88,0.571,2,2,2,0,1
88,0.536,2,1,0,0,0
88,0.95,1,0,1,0,0
88,0.772,1,1,1,0,1
88,0.65,2,2,2,0,1
88,0.817,1,0,1,0,0
88,0.551,1,1,1,0,1
88,0.54,1,1,1,0,1
88,0.93,2,0,2,0,0
88,0.507,2,2,2,0,1
88,0.992,0,0,0,0,1
88,0.63,0,2,0,0,0
88,0.538,2,2,2,0,1
88,0.432,2,2,2,0,1
88,0.441,2,2,2,0,1
88,0.711,1,2,1,0,0
88,0.495,0,0,0,0,1
88,0.534,0,0,0,0,1
88,0.868,1,1,1,0,1
88,0.746,0,0,0,0,1
88,0.44,0,0,0,0,1
88,0.599,2,0,2,0,0
88,0.484,2,0,2,0,0
88,0.913,0,1,0,0,0
88,0.856,2,1,2,0,0
88,0.909,0,0,0,0,1
88,0.835,0,1,0,0,0
88,0.801,1,0,1,0,0
88,0.914,1,2,1,0,0
88,0.566,1,2,1,0,0
88,0.451,1,1,1,0,1
88,0.698,2,0,2,0,0
88,0.801,0,1,0,0,0
88,0.638,0,2,0,0,0
88,0.712,2,1,2,0,0
88,0.517,1,2,1,0,0
88,0.452,1,0,1,0,0
88,0.595,0,1,0,0,0
88,0.585,1,2,1,0,0
88,0.44,0,2,2,0,0
88,0.605,2,2,2,0,1
88,0.571,0,0,0,0,1
88,0.754,2,1,2,0,0
88,0.683,2,0,2,0,0
88,0.52,1,1,1,0,1
88,0.446,1,1,1,0,1
88,0.5,1,0,1,0,0
88,0.419,1,2,1,0,0
88,0.4,2,1,2,0,0
88,0.494,0,1,0,0,0
88,0.5,1,1,1,0,1
88,0.515,1,1,1,0,1
88,0.662,2,0,2,0,0
88,0.508,0,0,0,0,1
88,0.618,2,2,2,0,1
88,0.368,2,2,2,0,1
88,0.621,1,1,1,0,1
88,0.435,2,2,2,0,1
88,0.649,0,0,0,0,1
88,0.414,2,2,2,0,1
88,0.916,2,1,2,0,0
88,0.507,2,2,2,0,1
88,1.231,0,0,0,0,1
88,0.765,1,1,1,0,1
88,1.003,1,0,1,0,0
88,0.986,0,2,0,0,0
88,0.581,1,1,1,0,1
88,0.458,1,2,1,0,0
88,0.792,1,0,1,0,0
88,0.959,0,0,0,0,1
89,0.937,1,1,0,0,1
89,0.507,2,0,2,0,0
89,0.438,0,0,0,0,1
89,0.783,2,0,2,0,0
89,0.582,2,1,2,0,0
89,0.401,2,0,2,0,0
89,0.619,1,1,1,0,1
89,0.547,2,2,2,0,1
89,0.417,2,0,2,0,0
89,0.387,2,0,2,0,0
89,0.401,2,2,2,0,1
89,0.799,0,2,0,0,0
89,0.661,0,2,0,0,0
89,0.532,2,1,2,0,0
89,0.84,0,1,0,0,0
89,0.622,1,2,1,0,0
89,0.472,0,0,0,0,1
89,0.512,2,2,2,0,1
89,0.768,0,2,0,0,0
89,0.56,1,1,1,0,1
89,0.412,2,2,2,0,1
89,0.74,0,2,0,0,0
89,0.444,0,2,0,0,0
89,0.461,2,2,2,0,1
89,0.729,0,1,0,0,0
89,0.55,2,2,2,0,1
89,0.479,0,0,0,0,1
89,0.782,1,2,1,0,0
89,0.553,0,0,0,0,1
89,0.49,0,1,0,0,0
89,0.566,0,0,0,0,1
89,0.733,1,2,1,0,0
89,0.615,1,1,1,0,1
89,0.717,1,2,1,0,0
89,0.725,1,0,1,0,0
89,0.513,1,1,1,0,1
89,0.529,0,0,0,0,1
89,0.598,0,2,0,0,0
89,0.507,2,2,2,0,1
89,0.417,2,1,2,0,0
89,0.44,2,2,2,0,1
89,0.554,1,1,1,0,1
89,0.619,2,1,2,0,0
89,0.768,1,0,1,0,0
89,0.531,0,0,0,0,1
89,0.524,0,2,0,0,0
89,0.855,2,0,2,0,0
89,0.562,1,1,1,0,1
89,0.715,0,1,0,0,0
89,0.54,0,0,0,0,1
89,0.698,1,1,1,0,1
89,0.916,1,2,1,0,0
89,0.48,1,1,1,0,1
89,0.457,2,2,2,0,1
89,0.387,2,0,2,0,0
89,0.445,0,0,0,0,1
89,0.589,1,0,1,0,0
89,0.744,1,0,1,0,0
89,0.55,2,0,2,0,0
89,0.402,2,2,2,0,1
89,0.474,0,0,0,0,1
89,0.518,1,0,1,0,0
89,0.503,2,2,2,0,1
89,0.384,2,2,2,0,1
89,0.368,2,2,2,0,1
89,0.351,2,1,2,0,0
89,0.505,0,0,0,0,1
89,0.48,1,1,1,0,1
89,0.54,1,1,1,0,1
89,0.379,0,1,0,0,0
89,0.888,1,0,1,0,0
89,0.552,0,0,0,0,1
89,0.419,2,1,2,0,0
89,0.427,2,1,2,0,0
89,0.471,0,0,0,0,1
89,0.447,0,1,0,0,0
89,0.576,1,0,1,0,0
89,0.46,1,1,1,0,1
89,0.471,2,1,2,0,0
89,0.592,1,1,1,0,1
89,0.653,1,2,1,0,0
89,0.489,2,2,2,0,1
89,0.496,1,1,1,0,1
89,0.435,1,2,1,0,0
89,0.551,0,0,0,0,1
89,0.647,0,1,0,0,0
89,0.502,2,2,2,0,1
89,0.539,0,0,0,0,1
89,0.643,0,1,0,0,0
89,0.419,1,2,1,0,0
89,0.543,0,0,0,0,1
89,0.582,0,2,0,0,0
89,0.416,2,2,2,0,1
89,0.587,1,1,1,0,1
89,0.471,1,1,1,0,1
90,0.827,1,0,1,0,0
90,0.6,1,1,1,0,1
90,0.854,2,0,0,0,0
90,1.079,1,1,1,0,1
90,0.896,1,2,1,0,0
90,1.159,2,2,2,0,1
90,0.771,2,2,2,0,1
90,0.973,2,0,2,0,0
90,0.69,2,2,2,0,1
90,0.943,1,2,1,0,0
90,1.178,1,2,1,0,0
90,1.009,1,1,1,0,1
90,0.947,0,2,0,0,0
90,0.723,0,0,0,0,1
90,1.178,0,1,0,0,0
90,1.215,2,0,2,0,0
90,0.927,1,0,1,0,0
90,0.907,0,2,0,0,0
90,0.906,2,0,2,0,0
90,1.353,0,0,0,0,1
90,0.811,0,0,0,0,1
90,1,1,2,1,0,0
90,0.867,2,1,2,0,0
90,1.049,0,2,0,0,0
90,1.104,0,0,0,0,1
90,0.821,1,0,1,0,0
90,0.841,2,2,2,0,1
90,1.459,2,1,2,0,0
90,1.309,2,0,2,0,0
90,1.04,0,0,0,0,1
90,0.905,0,2,0,0,0
90,0.721,2,2,2,0,1
90,1.226,2,0,2,0,0
90,0.992,1,2,1,0,0
90,0.743,0,0,0,0,1
90,0.977,0,1,0,0,0
90,1.063,0,0,0,0,1
90,1.129,0,1,0,0,0
90,0.801,1,0,1,0,0
90,1.089,2,2,2,0,1
90,0.734,2,2,2,0,1
90,0.776,1,1,1,0,1
90,1.065,1,1,1,0,1
90,0.911,2,1,2,0,0
90,1.093,1,1,1,0,1
90,0.603,1,1,1,0,1
90,1.42,2,2,2,0,1
90,1.033,1,1,1,0,1
90,0.68,0,2,0,0,0
90,0.817,0,0,0,0,1
90,1.102,2,2,2,0,1
90,0.629,0,0,0,0,1
90,0.563,0,0,0,0,1
90,1.128,0,1,0,0,0
90,0.73,0,2,0,0,0
90,0.924,2,2,2,0,1
90,0.797,0,1,0,0,0
90,0.985,2,1,2,0,0
90,0.961,0,0,0,0,1
90,0.885,1,0,1,0,0
90,1.076,2,0,2,0,0
90,1.038,2,2,2,0,1
90,0.7,0,0,0,0,1
90,0.897,0,1,0,0,0
90,0.782,0,0,0,0,1
90,0.93,2,1,2,0,0
90,1.016,1,2,1,0,0
90,0.958,2,2,2,0,1
90,0.925,1,2,1,0,0
90,0.592,1,1,1,0,1
90,0.925,0,2,0,0,0
90,1.128,2,0,2,0,0
90,1.044,1,1,1,0,1
90,0.954,2,2,2,0,1
90,1.358,2,1,2,0,0
90,0.727,0,0,0,0,1
90,0.905,1,0,1,0,0
90,0.889,2,2,2,0,1
90,0.977,1,1,1,0,1
90,0.594,0,0,0,0,1
90,1.093,1,0,1,0,0
90,1.02,0,0,0,0,1
90,0.794,2,1,2,0,0
90,0.956,1,0,0,0,0
90,0.731,2,1,2,0,0
90,1.069,1,1,1,0,1
90,0.695,1,1,1,0,1
90,0.76,0,1,0,0,0
90,0.765,2,2,2,0,1
90,0.92,1,1,1,0,1
90,0.837,1,2,1,0,0
90,0.76,1,1,1,0,1
90,0.866,2,2,2,0,1
90,0.679,1,1,1,0,1
90,0.725,0,1,0,0,0
90,1.243,0,2,0,0,0
91,0.817,1,1,1,0,1
91,0.535,1,1,1,0,1
91,1.015,1,2,1,0,0
91,0.66,2,2,2,0,1
91,1.182,1,0,1,0,0
91,0.668,2,0,2,0,0
91,1.055,1,2,1,0,0
91,0.715,2,2,2,0,1
91,0.826,0,1,0,0,0
91,0.776,0,2,0,0,0
91,0.868,1,2,1,0,0
91,0.881,1,0,1,0,0
91,0.647,1,0,1,0,0
91,0.909,1,2,1,0,0
91,0.786,2,2,2,0,1
91,0.997,1,1,1,0,1
91,0.66,1,1,1,0,1
91,0.74,0,2,0,0,0
91,0.929,2,1,2,0,0
91,0.736,1,1,1,0,1
91,1.179,2,0,2,0,0
91,0.696,2,2,2,0,1
91,0.997,1,0,1,0,0
91,1.007,1,1,1,0,1
91,0.845,0,2,0,0,0
91,1.253,0,1,0,0,0
91,0.886,1,1,1,0,1
91,0.806,2,2,2,0,1
91,1.222,1,1,1,0,1
91,0.909,0,0,0,0,1
91,0.676,2,2,2,0,1
91,0.74,2,2,2,0,1
91,0.906,0,1,0,0,0
91,1.033,1,2,1,0,0
91,1.054,0,2,0,0,0
91,0.801,0,1,0,0,0
91,0.914,1,0,1,0,0
91,1.082,2,0,2,0,0
91,1.065,1,2,1,0,0
91,0.772,0,0,0,0,1
91,0.786,2,2,2,0,1
91,0.619,1,1,1,0,1
91,0.793,0,2,2,0,0
91,1.049,1,0,1,0,0
91,0.867,2,2,2,0,1
91,0.746,1,1,1,0,1
91,1.44,1,0,1,0,0
91,0.8,0,0,0,0,1
91,1.056,0,2,0,0,0
91,0.763,1,1,1,0,1
91,1.186,2,0,2,0,0
91,0.634,0,0,0,0,1
91,0.72,0,0,0,0,1
91,0.529,0,0,0,0,1
91,0.725,2,1,2,0,0
91,0.606,2,2,2,0,1
91,0.676,2,2,2,0,1
91,0.853,2,0,2,0,0
91,0.644,0,0,0,0,1
91,0.625,0,0,0,0,1
91,0.88,0,1,0,0,0
91,0.734,2,0,2,0,0
91,0.945,2,1,2,0,0
91,0.536,2,1,2,0,0
91,0.76,0,0,0,0,1
91,0.914,0,2,0,0,0
91,0.557,2,0,2,0,0
91,0.586,0,0,0,0,1
91,0.639,0,0,0,0,1
91,0.498,0,1,0,0,0
91,0.749,0,2,2,0,0
91,0.933,2,2,0,0,1
91,0.626,2,1,2,0,0
91,0.887,2,1,2,0,0
91,0.752,1,2,0,0,0
91,0.958,0,0,0,0,1
91,0.685,0,0,0,0,1
91,1.028,1,1,1,0,1
91,1.372,0,0,0,0,1
91,0.811,2,2,2,0,1
91,0.603,1,1,1,0,1
91,0.988,2,1,2,0,0
91,0.911,2,1,2,0,0
91,0.974,1,1,1,0,1
91,0.931,0,1,0,0,0
91,0.437,2,2,2,0,1
91,0.512,2,2,2,0,1
91,0.977,0,1,1,0,0
91,1.235,1,0,0,0,0
91,0.876,1,1,1,0,1
91,0.898,1,1,1,0,1
91,0.845,1,2,1,0,0
91,0.532,2,2,2,0,1
92,0.796,0,0,0,0,1
92,0.626,1,1,1,0,1
92,1.009,0,2,0,0,0
92,1.086,2,0,2,0,0
92,0.793,2,2,2,0,1
92,0.888,1,1,1,0,1
92,1.073,2,1,2,0,0
92,0.902,1,2,1,0,0
92,0.863,2,0,2,0,0
92,0.784,0,0,0,0,1
92,0.92,0,0,0,0,1
92,0.862,0,0,0,0,1
92,0.834,2,1,2,0,0
92,0.724,0,1,0,0,0
92,0.754,1,1,1,0,1
92,0.73,0,0,0,0,1
92,0.673,2,2,2,0,1
92,0.661,1,2,1,0,0
92,0.646,1,1,1,0,1
92,0.816,2,2,2,0,1
92,0.794,2,2,2,0,1
92,0.685,1,1,1,0,1
92,1.125,2,1,2,0,0
92,0.894,2,2,2,0,1
92,0.98,0,0,0,0,1
92,0.884,2,0,2,0,0
92,0.809,1,0,1,0,0
92,0.982,0,0,0,0,1
92,0.81,0,2,0,0,0
92,1.159,0,0,0,0,1
92,0.815,1,2,1,0,0
92,0.761,1,0,1,0,0
92,0.984,0,2,0,0,0
92,0.923,1,2,1,0,0
92,1.122,2,2,2,0,1
92,0.88,2,2,2,0,1
92,1.069,0,2,0,0,0
92,0.897,1,1,1,0,1
92,0.95,0,0,0,0,1
92,0.786,2,2,2,0,1
92,0.986,1,2,1,0,0
92,0.967,0,1,0,0,0
92,0.853,2,2,2,0,1
92,0.987,2,1,2,0,0
92,0.844,0,0,0,0,1
92,0.95,1,0,1,0,0
92,0.928,0,1,0,0,0
92,1.046,1,0,1,0,0
92,1.046,0,1,0,0,0
92,0.979,1,2,1,0,0
92,0.964,2,2,2,0,1
92,0.853,0,0,0,0,1
92,0.772,1,1,1,0,1
92,0.972,0,0,0,0,1
92,1.027,2,0,2,0,0
92,1.118,0,1,0,0,0
92,0.932,0,2,0,0,0
92,0.87,1,1,1,0,1
92,1.092,0,1,0,0,0
92,0.728,2,1,2,0,0
92,0.75,2,1,2,0,0
92,0.939,0,2,0,0,0
92,0.879,0,0,0,0,1
92,0.817,1,0,1,0,0
92,0.782,2,2,2,0,1
92,0.885,2,1,2,0,0
92,0.825,1,1,1,0,1
92,1.037,2,0,2,0,0
92,0.972,0,0,0,0,1
92,0.824,0,0,0,0,1
92,0.934,1,0,1,0,0
92,1.21,0,2,0,0,0
92,0.788,1,1,1,0,1
92,0.693,2,2,2,0,1
92,0.891,1,1,1,0,1
92,1.013,0,2,0,0,0
92,1.301,2,0,2,0,0
92,0.89,2,0,2,0,0
92,0.997,0,0,0,0,1
92,0.969,2,1,2,0,0
92,1.08,1,1,1,0,1
92,0.72,1,1,1,0,1
92,0.951,0,1,0,0,0
92,0.807,2,2,2,0,1
92,0.885,1,0,1,0,0
92,1.016,2,2,2,0,1
92,0.657,2,2,2,0,1
92,0.548,2,0,2,0,0
92,1.033,1,1,1,0,1
92,1.149,1,2,1,0,0
93,1.159,2,1,2,0,0
93,0.466,2,2,2,0,1
93,0.549,2,1,2,0,0
93,1.072,1,0,1,0,0
93,0.699,0,0,0,0,1
93,0.893,1,1,1,0,1
93,1.152,1,0,1,0,0
93,0.949,2,2,2,0,1
93,0.592,0,0,0,0,1
93,0.539,2,2,2,0,1
93,0.662,0,0,0,0,1
93,0.73,2,2,2,0,1
93,0.693,1,2,1,0,0
93,0.696,1,1,1,0,1
93,0.923,1,2,1,0,0
93,0.752,0,1,0,0,0
93,0.963,1,0,1,0,0
93,0.838,0,0,0,0,1
93,0.762,1,0,1,0,0
93,1.086,1,1,1,0,1
93,0.745,1,1,1,0,1
93,0.516,2,2,2,0,1
93,1.176,1,2,1,0,0
93,0.621,2,2,2,0,1
93,0.612,2,2,2,0,1
93,0.735,1,2,1,0,0
93,0.475,0,0,0,0,1
93,0.566,2,1,2,0,0
93,0.834,2,0,2,0,0
93,0.518,2,0,2,0,0
93,0.651,2,0,2,0,0
93,0.606,1,1,1,0,1
93,0.906,2,0,2,0,0
93,0.574,2,2,2,0,1
93,0.841,1,2,1,0,0
93,0.828,2,2,2,0,1
93,0.712,1,1,1,0,1
93,0.7,0,0,0,0,1
93,0.631,2,0,2,0,0
93,0.664,1,1,1,0,1
93,0.571,2,1,2,0,0
93,0.654,1,1,1,0,1
93,0.714,0,2,0,0,0
93,0.653,0,0,0,0,1
93,0.847,1,1,1,0,1
93,0.618,1,1,1,0,1
93,0.598,2,1,2,0,0
93,0.816,0,2,0,0,0
93,0.635,2,2,2,0,1
93,0.992,0,0,0,0,1
93,0.59,0,0,0,0,1
93,1.121,1,0,1,0,0
93,0.598,2,2,2,0,1
93,1.224,0,2,0,0,0
93,0.579,2,2,2,0,1
93,0.519,2,2,2,0,1
93,0.828,0,1,0,0,0
93,0.631,0,0,0,0,1
93,0.61,1,1,1,0,1
93,0.758,1,1,1,0,1
93,0.723,2,0,2,0,0
93,0.654,0,2,0,0,0
93,0.946,1,1,1,0,1
93,0.506,0,1,0,0,0
93,0.902,2,2,2,0,1
93,0.69,1,0,1,0,0
93,0.743,1,2,1,0,0
93,0.658,0,2,2,0,0
93,0.822,1,2,1,0,0
93,0.802,1,0,1,0,0
93,0.942,0,2,0,0,0
93,0.681,0,0,0,0,1
93,0.749,0,0,0,0,1
93,1.017,1,2,1,0,0
93,0.604,0,0,0,0,1
93,0.767,1,0,1,0,0
93,0.578,2,0,2,0,0
93,0.91,2,1,2,0,0
93,0.93,0,0,0,0,1
93,0.861,2,1,2,0,0
93,0.673,0,2,0,0,0
93,0.509,0,1,2,0,0
93,0.776,1,1,1,0,1
93,0.692,1,1,1,0,1
93,0.56,2,2,2,0,1
93,0.724,2,0,2,0,0
93,0.663,2,2,2,0,1
93,0.77,0,1,0,0,0
93,0.573,0,0,0,0,1
93,0.65,0,1,0,0,0
93,0.533,0,0,0,0,1
93,0.584,0,1,0,0,0
93,0.684,0,1,0,0,0
94,0.529,2,2,2,0,1
94,0.791,2,1,2,0,0
94,0.715,0,2,0,0,0
94,0.503,1,0,1,0,0
94,0.526,2,2,2,0,1
94,0.609,0,2,0,0,0
94,0.748,0,1,0,0,0
94,0.677,1,1,1,0,1
94,0.641,0,0,0,0,1
94,0.664,1,1,1,0,1
94,0.518,2,2,2,0,1
94,0.458,1,1,1,0,1
94,0.699,2,2,2,0,1
94,0.796,1,0,0,0,0
94,1.043,2,0,1,0,0
94,0.525,2,2,2,0,1
94,0.884,0,1,0,0,0
94,0.54,2,2,2,0,1
94,0.937,1,0,1,0,0
94,0.55,0,0,0,0,1
94,0.859,0,1,0,0,0
94,0.808,2,1,2,0,0
94,0.783,1,2,1,0,0
94,0.528,2,2,2,0,1
94,0.59,0,0,0,0,1
94,0.62,1,2,2,0,0
94,0.557,0,0,0,0,1
94,0.649,1,1,1,0,1
94,0.649,1,1,1,0,1
94,0.77,1,2,1,0,0
94,0.972,2,1,2,0,0
94,0.632,0,1,0,0,0
94,0.581,2,2,2,0,1
94,0.976,0,2,0,0,0
94,0.818,0,2,0,0,0
94,1.233,1,0,1,0,0
94,0.597,0,0,0,0,1
94,0.681,2,0,0,0,0
94,0.599,0,0,0,0,1
94,0.562,0,0,0,0,1
94,0.882,2,1,2,0,0
94,0.66,2,2,2,0,1
94,0.628,1,1,1,0,1
94,0.869,2,2,2,0,1
94,0.636,0,2,0,0,0
94,0.616,1,1,1,0,1
94,0.431,0,0,0,0,1
94,0.487,2,2,2,0,1
94,0.723,2,1,1,0,0
94,0.527,2,1,1,0,0
94,0.781,0,2,0,0,0
94,0.848,0,0,0,0,1
94,0.734,1,1,1,0,1
94,1.032,1,2,1,0,0
94,0.606,1,0,0,0,0
94,0.889,1,0,1,0,0
94,0.902,1,0,1,0,0
94,0.786,0,2,0,0,0
94,0.884,2,0,2,0,0
94,0.674,1,1,1,0,1
94,0.7,1,1,1,0,1
94,0.557,1,1,1,0,1
94,0.53,1,1,1,0,1
94,0.919,2,0,2,0,0
94,0.647,1,1,1,0,1
94,0.728,2,2,2,0,1
94,0.626,0,0,0,0,1
94,0.798,1,0,1,0,0
94,0.982,1,2,2,0,0
94,0.705,0,0,0,0,1
94,0.514,1,1,1,0,1
94,0.882,0,1,0,0,0
94,1.014,1,2,1,0,0
94,0.847,0,2,0,0,0
94,1.099,2,0,2,0,0
94,1.039,2,1,2,0,0
94,0.943,0,1,0,0,0
94,0.614,0,0,0,0,1
94,0.741,1,2,1,0,0
94,0.644,2,2,2,0,1
94,0.62,1,1,1,0,1
94,0.937,1,2,1,0,0
94,0.87,2,0,2,0,0
94,0.77,2,0,2,0,0
94,0.814,2,1,2,0,0
94,0.679,0,0,0,0,1
94,0.519,2,2,2,0,1
94,0.754,0,0,0,0,1
94,0.707,1,1,1,0,1
94,0.543,0,0,0,0,1
94,0.815,0,1,0,0,0
94,0.887,2,0,2,0,0
94,0.612,0,0,0,0,1
94,0.755,0,1,0,0,0
94,0.519,2,2,2,0,1
95,1.018,1,2,1,0,0
95,0.832,1,0,1,0,0
95,0.597,1,1,1,0,1
95,0.812,0,1,0,0,0
95,0.881,2,0,2,0,0
95,0.775,0,0,0,0,1
95,1.035,2,1,2,0,0
95,0.835,0,0,0,0,1
95,1.271,1,2,1,0,0
95,1.036,2,2,2,0,1
95,0.915,0,2,0,0,0
95,1.113,1,0,1,0,0
95,0.927,0,1,0,0,0
95,1.237,0,2,0,0,0
95,0.955,2,0,2,0,0
95,0.962,2,2,2,0,1
95,0.806,0,0,0,0,1
95,0.812,1,2,1,0,0
95,0.85,2,1,2,0,0
95,0.745,1,1,1,0,1
95,1.022,2,1,2,0,0
95,0.948,0,1,0,0,0
95,1.033,2,2,2,0,1
95,1.007,0,0,0,0,1
95,1.174,2,1,2,0,0
95,0.939,2,2,2,0,1
95,0.675,2,2,2,0,1
95,0.776,2,2,2,0,1
95,0.782,0,0,0,0,1
95,1.397,2,0,2,0,0
95,0.73,2,2,2,0,1
95,1.36,1,2,1,0,0
95,1.078,0,2,0,0,0
95,0.941,2,2,2,0,1
95,1.187,2,0,2,0,0
95,0.856,0,1,0,0,0
95,1.36,2,1,2,0,0
95,1.283,0,0,0,0,1
95,1.05,2,0,2,0,0
95,1.18,1,1,1,0,1
95,1.214,0,1,0,0,0
95,0.883,2,2,2,0,1
95,0.648,2,2,2,0,1
95,1.444,1,0,1,0,0
95,0.875,2,2,2,0,1
95,0.754,0,0,0,0,1
95,1.097,1,1,1,0,1
95,1.216,1,1,1,0,1
95,1.238,0,2,0,0,0
95,0.97,1,1,1,0,1
95,0.752,2,2,2,0,1
95,0.92,1,1,1,0,1
95,1.15,2,2,2,0,1
95,1.034,1,2,1,0,0
95,0.978,1,1,1,0,1
95,0.887,1,2,1,0,0
95,0.797,0,0,0,0,1
95,1.331,1,0,1,0,0
95,1.241,0,0,0,0,1
95,0.811,1,0,1,0,0
95,0.977,0,0,0,0,1
95,1.098,1,1,1,0,1
95,0.911,2,0,2,0,0
95,0.695,2,2,2,0,1
95,0.861,0,0,0,0,1
95,1.028,0,2,0,0,0
95,1.347,2,1,2,0,0
95,1.135,0,0,0,0,1
95,0.918,0,2,0,0,0
95,0.907,1,1,1,0,1
95,1.264,0,1,0,0,0
95,1.015,0,2,0,0,0
95,0.733,1,1,1,0,1
95,0.757,0,0,0,0,1
95,0.794,1,2,1,0,0
95,1.12,1,1,1,0,1
95,1.367,2,1,2,0,0
95,1.372,2,1,2,0,0
95,1.202,2,0,2,0,0
95,0.959,2,2,2,0,1
95,0.629,1,1,1,0,1
95,0.715,0,0,0,0,1
95,0.962,2,2,2,0,1
95,0.855,1,0,1,0,0
95,0.669,1,1,1,0,1
95,0.995,1,2,1,0,0
95,0.955,1,0,1,0,0
95,0.753,0,0,0,0,1
95,0.791,0,2,0,0,0
95,0.716,1,1,1,0,1
95,0.619,1,1,1,0,1
95,0.889,2,0,2,0,0
95,0.912,0,0,0,0,1
96,0.364,2,2,2,0,1
96,0.545,2,1,2,0,0
96,0.428,0,0,0,0,1
96,0.735,2,0,2,0,0
96,0.671,1,1,1,0,1
96,0.68,2,0,2,0,0
96,0.93,1,2,1,0,0
96,0.438,1,1,1,0,1
96,0.471,0,0,0,0,1
96,0.493,0,0,0,0,1
96,0.376,2,2,2,0,1
96,0.535,0,2,0,0,0
96,0.5,1,1,1,0,1
96,0.459,1,2,1,0,0
96,0.614,1,0,1,0,0
96,0.635,0,0,0,0,1
96,0.464,1,0,2,0,0
96,0.474,0,0,0,0,1
96,0.434,1,1,1,0,1
96,0.46,2,2,2,0,1
96,0.574,1,2,1,0,0
96,0.462,1,2,1,0,0
96,0.401,1,1,1,0,1
96,0.372,1,2,1,0,0
96,0.744,2,0,2,0,0
96,0.555,1,1,1,0,1
96,0.393,1,1,1,0,1
96,0.589,2,2,2,0,1
96,0.877,2,2,2,0,1
96,0.475,2,2,2,0,1
96,0.809,2,1,2,0,0
96,0.451,2,2,2,0,1
96,0.441,2,2,2,0,1
96,0.378,2,2,2,0,1
96,0.48,1,0,1,0,0
96,0.557,0,1,0,0,0
96,0.404,0,1,0,0,0
96,0.48,0,0,0,0,1
96,0.928,0,2,0,0,0
96,1.037,0,0,0,0,1
96,0.376,0,1,0,0,0
96,0.432,0,1,0,0,0
96,0.472,2,2,2,0,1
96,0.499,0,0,0,0,1
96,0.49,1,1,1,0,1
96,0.797,1,2,1,0,0
96,0.661,0,0,0,0,1
96,0.343,0,0,0,0,1
96,0.932,0,1,0,0,0
96,0.663,0,2,0,0,0
96,0.765,2,1,2,0,0
96,0.448,0,2,0,0,0
96,0.825,2,0,2,0,0
96,0.757,0,2,0,0,0
96,0.63,2,2,2,0,1
96,0.997,0,1,0,0,0
96,0.692,2,1,2,0,0
96,0.651,0,1,0,0,0
96,0.363,1,1,1,0,1
96,0.468,1,1,1,0,1
96,0.873,2,2,2,0,1
96,0.523,0,1,0,0,0
96,0.395,0,0,0,0,1
96,0.461,2,2,2,0,1
96,0.367,2,1,1,0,0
96,0.498,0,2,2,0,0
96,0.339,2,0,2,0,0
96,0.427,0,2,2,0,0
96,0.592,2,0,2,0,0
96,0.665,1,2,1,0,0
96,0.521,1,1,1,0,1
96,0.586,0,2,0,0,0
96,0.369,0,0,0,0,1
96,0.377,0,0,0,0,1
96,0.615,1,0,1,0,0
96,0.705,1,0,1,0,0
96,0.756,2,2,2,0,1
96,0.632,0,0,0,0,1
96,0.707,2,0,2,0,0
96,0.467,1,1,1,0,1
96,0.564,2,2,2,0,1
96,0.432,1,1,1,0,1
96,0.552,2,0,0,0,0
96,0.707,2,1,2,0,0
96,0.417,0,0,1,0,1
96,0.419,1,1,1,0,1
96,0.676,2,1,2,0,0
96,0.678,1,0,1,0,0
96,0.485,1,1,1,0,1
96,0.478,0,0,0,0,1
96,0.656,1,1,1,0,1
96,0.454,1,0,1,0,0
96,0.541,2,1,2,0,0
97,0.923,2,2,2,0,1
97,0.558,0,2,0,0,0
97,0.87,2,2,2,0,1
97,0.62,1,0,1,0,0
97,0.527,0,0,0,0,1
97,0.7,2,1,2,0,0
97,0.503,0,1,0,0,0
97,0.539,0,0,0,0,1
97,0.899,2,2,2,0,1
97,0.629,1,1,1,0,1
97,0.486,1,1,1,0,1
97,0.757,2,2,2,0,1
97,0.703,1,1,1,0,1
97,0.6,1,1,1,0,1
97,0.932,2,0,2,0,0
97,0.514,2,0,2,0,0
97,0.928,1,2,1,0,0
97,0.738,1,0,1,0,0
97,0.618,2,1,2,0,0
97,0.885,1,1,1,0,1
97,0.585,0,0,0,0,1
97,0.8,2,0,2,0,0
97,0.535,2,2,2,0,1
97,1.159,2,1,2,0,0
97,0.618,0,1,0,0,0
97,0.988,1,0,1,0,0
97,0.845,1,2,1,0,0
97,0.668,1,1,1,0,1
97,0.592,0,0,0,0,1
97,0.669,2,0,2,0,0
97,0.523,0,0,0,0,1
97,0.849,1,0,1,0,0
97,0.613,1,1,1,0,1
97,0.675,0,2,0,0,0
97,0.883,2,2,2,0,1
97,0.922,1,1,1,0,1
97,0.85,2,0,2,0,0
97,0.922,2,1,2,0,0
97,1.029,1,2,1,0,0
97,0.852,1,1,1,0,1
97,1.062,0,0,0,0,1
97,0.661,2,2,2,0,1
97,0.785,0,0,0,0,1
97,0.84,0,1,0,0,0
97,0.769,2,1,2,0,0
97,0.598,0,1,0,0,0
97,0.819,1,0,1,0,0
97,0.881,1,2,1,0,0
97,0.834,2,2,2,0,1
97,0.611,0,0,0,0,1
97,0.84,1,1,0,0,1
97,0.917,2,0,2,0,0
97,0.857,2,2,2,0,1
97,0.685,0,0,0,0,1
97,0.907,2,0,2,0,0
97,0.767,2,2,2,0,1
97,0.872,2,1,2,0,0
97,0.678,0,1,0,0,0
97,1.205,1,2,1,0,0
97,0.713,2,2,2,0,1
97,0.787,2,1,2,0,0
97,1.104,1,1,1,0,1
97,0.775,0,0,0,0,1
97,0.786,1,0,1,0,0
97,1.253,1,2,1,0,0
97,0.816,2,1,2,0,0
97,0.956,1,2,1,0,0
97,0.846,0,0,0,0,1
97,0.953,1,2,1,0,0
97,1.255,0,0,0,0,1
97,0.751,0,2,0,0,0
97,1.002,1,0,1,0,0
97,0.745,2,2,2,0,1
97,0.744,1,1,1,0,1
97,0.823,2,2,2,0,1
97,0.741,1,1,1,0,1
97,0.831,0,2,0,0,0
97,0.832,2,0,2,0,0
97,0.747,2,2,2,0,1
97,0.687,0,1,0,0,0
97,0.814,1,1,1,0,1
97,0.686,0,0,0,0,1
97,0.641,0,2,0,0,0
97,0.724,2,2,2,0,1
97,0.686,0,1,0,0,0
97,0.617,0,2,0,0,0
97,0.594,0,0,0,0,1
97,0.64,0,2,0,0,0
97,0.558,0,0,0,0,1
97,0.583,0,1,0,0,0
97,0.508,0,2,0,0,0
97,0.803,2,2,2,0,1
97,1.009,1,0,1,0,0
97,0.71,1,1,1,0,1
97,0.656,0,0,0,0,1
97,0.691,1,1,1,0,1
98,1.125,2,2,2,0,1
98,0.865,0,0,0,0,1
98,1.135,0,2,0,0,0
98,1.041,1,2,1,0,0
98,0.975,2,2,2,0,1
98,0.803,0,2,0,0,0
98,0.956,1,1,1,0,1
98,0.597,0,0,0,0,1
98,1.037,1,2,1,0,0
98,1.002,1,2,1,0,0
98,0.524,0,0,0,0,1
98,0.982,2,2,2,0,1
98,0.704,2,2,2,0,1
98,0.797,1,1,1,0,1
98,1.025,2,0,2,0,0
98,0.716,0,2,0,0,0
98,0.913,2,1,2,0,0
98,1.072,2,2,2,0,1
98,0.695,2,0,2,0,0
98,1.083,2,1,2,0,0
98,0.662,0,2,0,0,0
98,0.94,2,0,2,0,0
98,1.07,1,0,1,0,0
98,0.924,1,0,1,0,0
98,1.308,2,2,2,0,1
98,1.114,0,1,1,0,0
98,0.918,1,0,1,0,0
98,0.976,2,2,2,0,1
98,0.855,0,2,0,0,0
98,1.048,1,1,1,0,1
98,0.923,0,0,0,0,1
98,0.862,0,1,0,0,0
98,0.925,0,1,0,0,0
98,1.011,1,1,1,0,1
98,0.84,2,0,2,0,0
98,0.857,2,1,2,0,0
98,0.867,2,2,2,0,1
98,0.808,1,1,1,0,1
98,1.108,2,0,2,0,0
98,0.62,0,0,0,0,1
98,0.971,1,0,1,0,0
98,0.86,2,0,2,0,0
98,0.994,0,1,0,0,0
98,0.714,0,0,0,0,1
98,0.611,0,0,0,0,1
98,0.741,0,0,0,0,1
98,0.734,2,2,2,0,1
98,0.951,1,1,1,0,1
98,0.872,1,1,1,0,1
98,0.841,1,1,1,0,1
98,0.809,2,2,2,0,1
98,0.878,2,1,2,0,0
98,0.915,1,1,1,0,1
98,1.288,1,0,1,0,0
98,1.014,1,2,1,0,0
98,0.685,0,0,0,0,1
98,1.137,0,2,0,0,0
98,0.973,1,0,1,0,0
98,0.753,0,0,0,0,1
98,0.842,0,0,0,0,1
98,0.958,1,2,1,0,0
98,0.903,1,2,1,0,0
98,0.861,1,0,1,0,0
98,0.837,2,2,2,0,1
98,0.851,1,2,1,0,0
98,0.843,0,0,0,0,1
98,0.854,1,2,1,0,0
98,0.925,2,1,2,0,0
98,0.704,0,2,0,0,0
98,0.678,0,0,0,0,1
98,0.668,0,1,0,0,0
98,0.934,1,1,1,0,1
98,1.37,0,1,0,0,0
98,0.524,0,0,0,0,1
98,0.602,0,1,0,0,0
98,0.715,2,2,2,0,1
98,0.725,2,0,2,0,0
98,0.922,2,1,2,0,0
98,0.82,1,1,1,0,1
98,1.055,2,1,2,0,0
98,0.865,0,1,0,0,0
98,0.798,1,1,1,0,1
98,0.828,1,1,1,0,1
98,0.57,1,1,1,0,1
98,0.986,0,2,0,0,0
98,0.68,1,1,1,0,1
98,0.72,2,2,2,0,1
98,0.611,2,2,2,0,1
98,0.678,0,0,0,0,1
98,1.058,1,0,1,0,0
98,0.609,2,2,2,0,1
98,0.82,2,1,2,0,0
98,0.801,1,1,1,0,1
98,0.718,0,0,0,0,1
98,0.744,2,2,2,0,1
98,0.949,2,0,0,0,0
99,0.494,0,0,0,0,1
99,0.648,1,2,1,0,0
99,0.721,1,1,1,0,1
99,0.434,0,0,0,0,1
99,0.588,1,1,1,0,1
99,0.635,0,2,0,0,0
99,0.434,2,0,2,0,0
99,0.495,0,0,0,0,1
99,0.497,0,0,0,0,1
99,0.682,2,1,2,0,0
99,0.873,1,2,1,0,0
99,0.432,0,1,0,0,0
99,0.512,1,1,1,0,1
99,0.545,0,2,0,0,0
99,0.491,0,0,0,0,1
99,0.466,1,2,1,0,0
99,0.618,2,2,2,0,1
99,0.706,1,1,1,0,1
99,0.594,2,0,2,0,0
99,0.69,1,1,1,0,1
99,0.563,0,1,0,0,0
99,0.552,2,2,2,0,1
99,0.472,0,0,0,0,1
99,0.584,2,2,2,0,1
99,0.599,1,1,1,0,1
99,0.489,2,2,2,0,1
99,0.65,1,1,1,0,1
99,0.501,0,2,0,0,0
99,0.703,0,0,0,0,1
99,0.602,2,0,2,0,0
99,0.588,0,0,0,0,1
99,0.494,0,0,0,0,1
99,0.809,2,1,2,0,0
99,0.513,2,2,2,0,1
99,0.552,2,1,2,0,0
99,0.545,2,0,2,0,0
99,0.56,1,1,1,0,1
99,0.46,0,0,0,0,1
99,0.577,2,2,2,0,1
99,0.63,0,2,0,0,0
99,1.124,2,1,2,0,0
99,0.669,1,2,1,0,0
99,0.591,0,0,0,0,1
99,0.528,0,2,0,0,0
99,0.672,1,1,1,0,1
99,0.625,2,2,2,0,1
99,0.763,0,2,0,0,0
99,0.941,1,0,1,0,0
99,0.566,2,2,2,0,1
99,0.63,0,1,0,0,0
99,0.976,1,0,1,0,0
99,0.776,1,0,1,0,0
99,0.61,1,2,1,0,0
99,0.757,1,1,1,0,1
99,0.591,1,0,1,0,0
99,0.611,0,1,0,0,0
99,0.634,2,2,2,0,1
99,0.658,1,2,1,0,0
99,0.548,1,2,1,0,0
99,0.575,2,2,2,0,1
99,0.713,0,0,0,0,1
99,1.034,2,0,2,0,0
99,0.53,2,1,2,0,0
99,0.836,1,0,1,0,0
99,0.558,1,1,1,0,1
99,0.544,2,2,2,0,1
99,0.76,1,0,1,0,0
99,0.403,0,2,0,0,0
99,0.725,1,1,1,0,1
99,0.645,0,0,0,0,1
99,0.709,0,0,0,0,1
99,0.718,1,1,1,0,1
99,0.51,0,1,0,0,0
99,0.479,0,2,0,0,0
99,0.521,0,1,0,0,0
99,0.66,1,1,1,0,1
99,0.508,2,2,2,0,1
99,0.638,1,2,1,0,0
99,1.018,2,0,2,0,0
99,1.104,1,0,1,0,0
99,0.575,1,0,1,0,0
99,0.704,2,1,2,0,0
99,0.796,2,1,2,0,0
99,0.67,0,0,0,0,1
99,0.914,2,1,2,0,0
99,0.66,2,0,2,0,0
99,0.4,0,1,0,0,0
99,0.611,2,2,2,0,1
99,0.722,0,0,0,0,1
99,0.866,2,2,2,0,1
99,0.619,1,1,1,0,1
99,0.66,0,1,0,0,0
99,0.742,1,1,1,0,1
99,0.607,2,2,2,0,1
99,0.662,2,2,2,0,1
100,0.754,2,0,2,0,0
100,0.799,2,1,2,0,0
100,0.49,0,2,0,0,0
100,0.633,0,0,0,0,1
100,0.651,1,1,1,0,1
100,0.911,2,2,2,0,1
100,0.922,2,0,2,0,0
100,0.743,2,1,2,0,0
100,0.934,1,0,1,0,0
100,0.705,2,0,2,0,0
100,0.481,2,2,2,0,1
100,0.684,1,1,1,0,1
100,0.61,1,1,1,0,1
100,0.612,0,0,0,0,1
100,0.44,0,1,0,0,0
100,0.775,1,1,1,0,1
100,0.905,1,0,1,0,0
100,0.949,0,0,0,0,1
100,0.524,2,2,2,0,1
100,1.003,2,1,2,0,0
100,0.504,1,1,1,0,1
100,0.823,0,0,0,0,1
100,0.948,1,0,1,0,0
100,0.596,2,2,2,0,1
100,0.626,0,0,0,0,1
100,0.956,0,2,0,0,0
100,0.688,0,0,0,0,1
100,0.523,2,2,2,0,1
100,0.702,0,1,0,0,0
100,0.776,2,0,2,0,0
100,0.492,1,2,1,0,0
100,0.505,2,2,2,0,1
100,0.739,2,1,2,0,0
100,0.749,0,1,0,0,0
100,0.626,2,2,2,0,1
100,0.468,2,2,2,0,1
100,0.73,0,2,0,0,0
100,0.88,1,2,1,0,0
100,0.566,1,0,1,0,0
100,0.458,1,1,1,0,1
100,0.81,0,2,0,0,0
100,0.458,2,2,2,0,1
100,0.628,2,1,2,0,0
100,0.555,0,0,0,0,1
100,0.515,0,1,0,0,0
100,0.804,1,2,1,0,0
100,0.489,1,1,1,0,1
100,0.877,0,2,0,0,0
100,0.572,2,2,2,0,1
100,0.692,1,1,1,0,1
100,0.729,2,1,2,0,0
100,0.396,0,0,0,0,1
100,0.705,2,0,2,0,0
100,0.668,0,0,0,0,1
100,0.575,2,2,2,0,1
100,0.54,2,2,2,0,1
100,0.865,1,2,1,0,0
100,0.694,0,0,0,0,1
100,0.521,0,0,0,0,1
100,0.593,0,1,0,0,0
100,0.53,0,0,0,0,1
100,0.746,1,2,1,0,0
100,0.792,0,2,0,0,0
100,0.69,2,0,2,0,0
100,0.801,1,0,1,0,0
100,0.76,1,0,1,0,0
100,0.721,0,0,0,0,1
100,1.143,1,2,2,0,0
100,0.776,2,2,2,0,1
100,0.65,1,0,1,0,0
100,0.569,1,1,1,0,1
100,0.523,1,1,1,0,1
100,0.557,1,0,1,0,0
100,0.917,2,0,2,0,0
100,1.107,1,2,1,0,0
100,0.733,2,2,2,0,1
100,0.836,0,1,0,0,0
100,0.468,0,0,0,0,1
100,0.662,0,2,0,0,0
100,0.453,0,0,0,0,1
100,0.679,1,1,1,0,1
100,1.118,2,1,2,0,0
100,0.901,1,1,1,0,1
100,0.405,0,1,0,0,0
100,0.95,0,0,0,0,1
100,0.83,2,2,2,0,1
100,0.672,1,1,1,0,1
100,0.651,2,2,2,0,1
100,0.723,1,2,0,0,0
100,0.597,1,1,1,0,1
100,0.49,1,1,1,0,1
100,0.869,2,1,2,0,0
100,0.716,1,1,1,0,1
100,0.818,0,1,2,0,0
100,0.78,2,0,1,0,0
101,0.492,0,0,0,0,1
101,0.768,2,1,2,0,0
101,0.42,2,2,2,0,1
101,0.546,2,1,2,0,0
101,0.507,0,0,0,0,1
101,0.541,0,2,0,0,0
101,0.662,1,2,1,0,0
101,0.573,0,0,0,0,1
101,0.501,2,2,2,0,1
101,0.595,1,2,1,0,0
101,0.759,2,1,2,0,0
101,0.516,0,1,0,0,0
101,0.668,2,2,2,0,1
101,0.578,2,0,2,0,0
101,0.505,2,0,2,0,0
101,0.771,1,1,1,0,1
101,0.597,2,2,2,0,1
101,0.457,2,2,2,0,1
101,0.689,0,1,0,0,0
101,0.788,1,2,1,0,0
101,0.662,1,2,1,0,0
101,0.665,2,2,2,0,1
101,0.525,0,1,0,0,0
101,0.804,2,1,2,0,0
101,0.875,0,2,0,0,0
101,0.401,0,0,0,0,1
101,0.693,1,1,1,0,1
101,0.533,1,0,1,0,0
101,0.629,0,2,0,0,0
101,0.825,2,2,2,0,1
101,0.878,0,1,0,0,0
101,0.908,1,2,1,0,0
101,0.501,1,2,1,0,0
101,0.441,1,1,1,0,1
101,0.466,0,1,0,0,0
101,0.543,0,2,0,0,0
101,0.59,1,1,1,0,1
101,0.573,0,1,0,0,0
101,0.537,0,0,0,0,1
101,0.574,2,1,2,0,0
101,0.621,0,1,0,0,0
101,0.719,0,0,0,0,1
101,0.497,0,0,0,0,1
101,0.55,2,2,2,0,1
101,0.535,1,0,1,0,0
101,0.584,2,1,2,0,0
101,0.485,2,2,2,0,1
101,0.641,1,1,1,0,1
101,0.832,1,1,1,0,1
101,0.919,2,0,2,0,0
101,0.648,0,0,0,0,1
101,1.026,1,1,1,0,1
101,0.613,2,2,2,0,1
101,0.488,1,1,1,0,1
101,0.891,1,1,1,0,1
101,0.465,1,2,1,0,0
101,0.562,1,0,1,0,0
101,0.539,1,1,1,0,1
101,0.717,2,1,2,0,0
101,0.478,2,2,2,0,1
101,0.548,0,0,0,0,1
101,1.076,1,0,2,0,0
101,0.956,0,1,0,0,0
101,0.53,1,1,1,0,1
101,0.659,1,0,1,0,0
101,0.468,1,1,1,0,1
101,0.896,2,0,2,0,0
101,0.568,0,0,0,0,1
101,0.464,0,2,0,0,0
101,0.968,2,2,2,0,1
101,0.548,0,0,0,0,1
101,1.121,1,1,1,0,1
101,0.623,2,1,2,0,0
101,0.619,2,0,2,0,0
101,0.641,0,0,0,0,1
101,0.763,0,2,0,0,0
101,0.79,2,2,2,0,1
101,0.989,1,0,1,0,0
101,0.634,1,0,1,0,0
101,0.667,0,2,0,0,0
101,0.674,2,2,2,0,1
101,0.804,1,1,0,0,1
101,0.463,0,0,0,0,1
101,0.721,2,0,2,0,0
101,0.566,2,2,2,0,1
101,0.544,0,2,0,0,0
101,0.656,0,0,0,0,1
101,0.564,0,0,0,0,1
101,0.742,2,0,2,0,0
101,0.597,0,0,0,0,1
101,0.866,1,1,1,0,1
101,0.605,1,1,1,0,1
101,0.657,1,0,1,0,0
101,0.8,2,0,2,0,0
101,0.432,2,2,2,0,1
102,0.613,2,2,2,0,1
102,0.672,0,2,0,0,0
102,0.697,1,2,1,0,0
102,0.507,1,1,1,0,1
102,0.647,2,2,2,0,1
102,0.747,0,1,0,0,0
102,0.675,2,2,2,0,1
102,0.875,1,0,1,0,0
102,0.538,1,0,1,0,0
102,0.944,2,1,2,0,0
102,0.533,0,2,0,0,0
102,0.758,0,2,0,0,0
102,0.954,2,0,2,0,0
102,0.532,2,2,2,0,1
102,0.501,0,0,0,0,1
102,0.69,2,0,2,0,0
102,0.903,2,1,2,0,0
102,0.73,1,1,1,0,1
102,0.586,2,2,2,0,1
102,0.428,0,2,0,0,0
102,0.553,1,0,1,0,0
102,0.77,2,0,2,0,0
102,0.54,0,0,0,0,1
102,0.666,1,1,1,0,1
102,1.145,1,2,2,0,0
102,0.632,0,2,0,0,0
102,0.687,1,1,1,0,1
102,0.545,0,0,0,0,1
102,1.067,0,1,0,0,0
102,0.561,2,2,2,0,1
102,0.586,0,0,0,0,1
102,0.725,1,1,1,0,1
102,0.557,0,0,0,0,1
102,1.199,2,0,2,0,0
102,0.52,1,1,1,0,1
102,0.755,2,2,2,0,1
102,0.52,0,0,0,0,1
102,0.436,0,0,0,0,1
102,1.143,1,1,1,0,1
102,0.921,2,0,2,0,0
102,1.001,2,1,2,0,0
102,0.543,0,0,0,0,1
102,0.86,1,2,1,0,0
102,0.55,0,0,0,0,1
102,0.378,2,2,2,0,1
102,0.62,0,0,0,0,1
102,0.607,1,1,1,0,1
102,0.924,2,0,2,0,0
102,0.561,0,0,0,0,1
102,0.876,1,0,1,0,0
102,0.716,2,1,2,0,0
102,0.509,1,2,1,0,0
102,0.65,2,2,2,0,1
102,0.545,2,2,2,0,1
102,0.809,0,1,0,0,0
102,0.709,0,1,0,0,0
102,0.644,1,1,1,0,1
102,0.8,2,0,2,0,0
102,0.732,0,1,0,0,0
102,0.501,2,2,2,0,1
102,0.833,2,1,2,0,0
102,0.527,2,1,2,0,0
102,0.577,0,1,0,0,0
102,0.485,0,0,0,0,1
102,0.532,1,0,1,0,0
102,0.608,1,2,1,0,0
102,0.509,0,1,0,0,0
102,0.636,1,1,1,0,1
102,0.608,2,2,2,0,1
102,0.713,1,1,1,0,1
102,0.728,0,2,0,0,0
102,0.574,0,2,0,0,0
102,0.647,1,1,1,0,1
102,0.578,1,1,1,0,1
102,0.801,0,2,0,0,0
102,0.569,2,2,2,0,1
102,0.858,0,0,0,0,1
102,0.988,1,2,1,0,0
102,1.015,2,1,2,0,0
102,0.735,1,1,1,0,1
102,0.536,1,0,1,0,0
102,0.969,2,2,2,0,1
102,0.679,1,0,1,0,0
102,0.547,0,0,0,0,1
102,0.565,2,2,2,0,1
102,0.535,0,0,0,0,1
102,0.637,1,1,1,0,1
102,0.535,0,0,0,0,1
102,0.671,0,1,0,0,0
102,0.672,2,1,2,0,0
102,0.828,1,1,1,0,1
102,0.572,2,2,2,0,1
102,0.636,2,0,2,0,0
102,0.684,1,2,1,0,0
102,0.872,1,2,1,0,0
103,0.547,1,1,1,0,1
103,0.54,1,1,1,0,1
103,0.666,0,0,0,0,1
103,0.922,1,2,1,0,0
103,0.619,2,2,2,0,1
103,0.525,0,2,0,0,0
103,1.074,0,2,2,0,0
103,0.674,0,1,0,0,0
103,0.741,2,2,2,0,1
103,0.738,0,2,0,0,0
103,0.666,0,0,0,0,1
103,1.066,1,0,2,0,0
103,1.33,2,0,1,0,0
103,1.081,2,0,2,0,0
103,0.655,1,1,1,0,1
103,0.8,0,0,0,0,1
103,1.187,1,1,1,0,1
103,0.698,0,0,0,0,1
103,0.651,2,2,2,0,1
103,0.645,2,2,2,0,1
103,0.781,0,2,0,0,0
103,1.124,0,0,2,0,1
103,1.1,2,1,2,0,0
103,0.988,1,2,1,0,0
103,0.628,1,1,1,0,1
103,0.572,0,0,0,0,1
103,0.645,1,0,1,0,0
103,0.675,1,2,1,0,0
103,0.62,1,1,1,0,1
103,1.125,1,0,0,0,0
103,0.796,0,0,0,0,1
103,0.681,0,0,0,0,1
103,0.659,0,0,0,0,1
103,1.299,1,0,2,0,0
103,1.197,0,1,0,0,0
103,1.051,1,1,1,0,1
103,0.563,2,0,2,0,0
103,0.61,2,2,2,0,1
103,0.835,1,0,1,0,0
103,0.953,2,2,2,0,1
103,0.712,1,1,1,0,1
103,0.707,0,0,0,0,1
103,0.794,0,0,0,0,1
103,0.809,0,1,1,0,0
103,0.771,2,1,2,0,0
103,0.676,2,2,2,0,1
103,0.65,2,2,2,0,1
103,0.714,2,2,2,0,1
103,0.971,1,2,1,0,0
103,1.107,1,0,1,0,0
103,0.972,0,2,0,0,0
103,0.789,0,0,0,0,1
103,0.813,2,2,2,0,1
103,0.652,2,1,2,0,0
103,0.684,0,2,0,0,0
103,0.949,0,1,0,0,0
103,0.725,2,1,2,0,0
103,0.699,2,0,2,0,0
103,0.513,2,2,2,0,1
103,0.562,2,2,2,0,1
103,0.778,1,1,1,0,1
103,0.579,0,1,0,0,0
103,0.716,2,2,2,0,1
103,0.811,1,2,1,0,0
103,0.731,2,1,2,0,0
103,0.747,0,0,0,0,1
103,0.869,1,1,2,0,1
103,0.734,1,1,1,0,1
103,0.535,1,1,1,0,1
103,0.893,2,0,1,0,0
103,1.197,1,0,2,0,0
103,0.525,1,2,1,0,0
103,0.518,1,0,1,0,0
103,0.446,1,1,1,0,1
103,1.102,2,0,2,0,0
103,0.917,0,1,0,0,0
103,0.917,0,2,0,0,0
103,1.005,2,2,2,0,1
103,0.622,2,1,2,0,0
103,0.821,1,1,1,0,1
103,0.638,2,2,2,0,1
103,0.686,0,0,0,0,1
103,0.609,0,0,0,0,1
103,0.84,2,1,2,0,0
103,0.546,1,1,1,0,1
103,0.754,1,2,2,0,0
103,0.841,0,2,0,0,0
103,0.867,1,1,1,0,1
103,0.811,0,1,0,0,0
103,0.945,1,2,1,0,0
103,0.675,0,1,0,0,0
103,0.799,2,2,2,0,1
103,0.943,2,0,1,0,0
104,0.876,0,1,0,0,0
104,0.676,1,0,1,0,0
104,0.957,1,1,1,0,1
104,0.549,0,0,0,0,1
104,0.749,2,0,2,0,0
104,0.885,1,1,1,0,1
104,1.005,0,1,0,0,0
104,0.774,0,1,0,0,0
104,0.734,2,2,2,0,1
104,0.582,2,2,2,0,1
104,0.793,2,2,2,0,1
104,0.786,2,2,2,0,1
104,0.876,1,1,1,0,1
104,0.739,0,0,0,0,1
104,0.764,1,0,1,0,0
104,0.692,2,2,2,0,1
104,0.573,2,2,2,0,1
104,0.693,1,1,1,0,1
104,0.75,0,0,0,0,1
104,0.694,2,2,2,0,1
104,0.831,1,1,1,0,1
104,0.952,2,1,2,0,0
104,0.688,1,2,1,0,0
104,1.032,1,0,1,0,0
104,0.704,1,1,1,0,1
104,0.617,0,0,0,0,1
104,0.754,1,1,1,0,1
104,0.491,2,2,2,0,1
104,0.868,1,2,1,0,0
104,0.7,0,0,0,0,1
104,0.741,2,0,2,0,0
104,0.814,0,2,0,0,0
104,0.902,1,0,1,0,0
104,0.765,2,0,2,0,0
104,0.774,1,1,1,0,1
104,0.878,0,2,0,0,0
104,0.535,1,1,1,0,1
104,0.879,2,1,2,0,0
104,0.902,1,2,1,0,0
104,0.637,0,0,0,0,1
104,0.676,0,0,0,0,1
104,0.685,0,0,0,0,1
104,0.885,1,1,1,0,1
104,1.087,1,0,1,0,0
104,0.872,0,2,0,0,0
104,0.849,1,0,1,0,0
104,0.65,1,1,1,0,1
104,0.723,0,0,0,0,1
104,0.987,0,0,0,0,1
104,0.916,2,1,2,0,0
104,0.733,2,2,2,0,1
104,0.694,0,0,0,0,1
104,0.766,2,0,2,0,0
104,0.743,2,2,2,0,1
104,0.583,2,2,2,0,1
104,0.911,1,2,1,0,0
104,0.759,0,0,0,0,1
104,0.88,1,0,1,0,0
104,0.903,0,0,0,0,1
104,0.671,2,0,2,0,0
104,0.824,1,2,1,0,0
104,0.865,0,2,0,0,0
104,0.825,1,1,1,0,1
104,0.722,1,2,1,0,0
104,0.699,0,2,0,0,0
104,0.82,2,2,2,0,1
104,0.636,2,2,2,0,1
104,1.125,0,1,0,0,0
104,0.638,2,1,2,0,0
104,0.823,1,1,1,0,1
104,0.737,2,0,2,0,0
104,1.113,2,1,2,0,0
104,0.722,1,1,1,0,1
104,0.699,1,1,1,0,1
104,1.123,1,0,1,0,0
104,0.986,2,0,2,0,0
104,0.915,0,1,0,0,0
104,0.923,2,0,2,0,0
104,0.756,0,0,0,0,1
104,0.828,0,2,0,0,0
104,0.709,0,0,0,0,1
104,0.67,0,2,0,0,0
104,0.663,0,1,0,0,0
104,0.784,2,2,2,0,1
104,0.696,2,1,2,0,0
104,0.818,0,2,0,0,0
104,0.795,2,2,2,0,1
104,0.756,2,1,2,0,0
104,1.117,1,2,1,0,0
104,0.662,1,2,1,0,0
104,0.622,1,1,1,0,1
104,0.822,2,1,2,0,0
104,1.247,2,2,2,0,1
104,0.838,0,0,0,0,1
104,1.007,0,1,0,0,0
105,0.655,2,2,2,0,1
105,0.8,1,2,1,0,0
105,1.12,2,1,2,0,0
105,0.992,1,2,1,0,0
105,0.626,0,0,0,0,1
105,0.606,0,1,1,0,0
105,0.652,1,1,0,0,1
105,0.736,0,2,0,0,0
105,0.774,1,1,1,0,1
105,0.62,0,0,0,0,1
105,0.534,1,1,1,0,1
105,0.717,0,0,0,0,1
105,1.003,0,2,2,0,0
105,1.016,0,2,0,0,0
105,1.117,0,1,1,0,0
105,0.885,0,0,0,0,1
105,0.828,1,0,1,0,0
105,1.211,1,0,1,0,0
105,1.423,2,2,2,0,1
105,1.129,0,0,0,0,1
105,0.696,0,0,0,0,1
105,0.99,0,1,0,0,0
105,0.802,1,1,1,0,1
105,0.943,2,0,2,0,0
105,0.819,2,2,2,0,1
105,0.933,2,0,2,0,0
105,0.844,2,2,2,0,1
105,1.056,1,0,1,0,0
105,0.995,0,1,0,0,0
105,0.735,2,2,2,0,1
105,0.784,1,1,1,0,1
105,0.895,0,1,0,0,0
105,0.791,2,2,2,0,1
105,0.905,0,0,0,0,1
105,1.401,2,2,2,0,1
105,0.878,2,0,2,0,0
105,0.886,1,1,1,0,1
105,0.818,0,0,0,0,1
105,0.994,1,0,1,0,0
105,0.937,1,0,0,0,0
105,0.952,0,2,2,0,0
105,0.791,2,2,2,0,1
105,0.793,1,0,0,0,0
105,0.813,1,1,1,0,1
105,1.093,0,2,0,0,0
105,0.931,2,0,2,0,0
105,1.044,0,1,1,0,0
105,0.681,1,2,2,0,0
105,0.653,0,1,1,0,0
105,0.763,2,1,2,0,0
105,0.672,2,2,2,0,1
105,0.684,1,1,1,0,1
105,0.764,0,2,0,0,0
105,0.703,0,0,0,0,1
105,1.058,2,1,2,0,0
105,1.011,2,0,1,0,0
105,1.326,1,1,1,0,1
105,0.784,0,2,0,0,0
105,1.273,1,1,0,0,1
105,0.742,0,0,0,0,1
105,0.72,0,1,1,0,0
105,1.107,0,0,0,0,1
105,0.747,1,1,1,0,1
105,0.988,0,0,0,0,1
105,0.761,2,1,2,0,0
105,0.613,2,2,2,0,1
105,0.659,2,2,2,0,1
105,1.187,1,1,1,0,1
105,1.032,1,2,1,0,0
105,0.766,2,1,2,0,0
105,0.979,1,1,1,0,1
105,1.36,0,0,0,0,1
105,0.994,2,2,2,0,1
105,0.666,2,2,2,0,1
105,0.854,1,0,1,0,0
105,0.654,1,1,1,0,1
105,0.811,1,1,1,0,1
105,0.784,1,1,1,0,1
105,0.735,2,1,2,0,0
105,0.713,1,2,1,0,0
105,1.339,2,0,2,0,0
105,0.806,2,2,2,0,1
105,0.859,2,1,2,0,0
105,0.757,2,0,2,0,0
105,1.451,1,0,0,0,0
105,0.768,2,0,2,0,0
105,0.962,2,1,2,0,0
105,0.771,2,2,2,0,1
105,0.933,1,2,1,0,0
106,0.751,2,1,2,0,0
106,0.624,0,2,0,0,0
106,0.594,2,2,2,0,1
106,0.565,0,1,0,0,0
106,0.606,0,0,0,0,1
106,0.566,2,2,2,0,1
106,0.644,0,2,0,0,0
106,0.573,1,0,1,0,0
106,0.542,1,2,1,0,0
106,0.561,0,0,0,0,1
106,0.62,1,1,1,0,1
106,0.534,0,0,0,0,1
106,0.613,1,2,1,0,0
106,0.551,2,2,2,0,1
106,0.569,2,2,2,0,1
106,0.514,0,0,0,0,1
106,0.565,1,1,1,0,1
106,0.486,1,1,1,0,1
106,0.609,1,2,1,0,0
106,0.539,0,0,0,0,1
106,0.621,1,0,1,0,0
106,0.75,2,1,2,0,0
106,0.585,0,2,0,0,0
106,0.444,0,0,0,0,1
106,0.605,1,0,1,0,0
106,0.463,0,1,0,0,0
106,0.465,0,1,0,0,0
106,0.483,1,1,1,0,1
106,0.556,2,1,2,0,0
106,0.575,1,2,1,0,0
106,0.608,2,0,2,0,0
106,0.683,1,1,1,0,1
106,0.54,1,1,1,0,1
106,0.582,1,2,1,0,0
106,0.641,2,0,2,0,0
106,0.739,1,0,1,0,0
106,0.582,1,0,1,0,0
106,0.54,0,0,0,0,1
106,0.468,2,0,2,0,0
106,0.545,0,2,0,0,0
106,0.593,1,1,1,0,1
106,0.804,0,2,0,0,0
106,0.612,0,0,0,0,1
106,0.526,0,0,0,0,1
106,0.656,1,2,1,0,0
106,0.586,2,0,2,0,0
106,0.619,1,1,1,0,1
106,0.597,0,1,0,0,0
106,0.534,0,1,0,0,0
106,0.497,0,0,0,0,1
106,0.572,1,2,1,0,0
106,0.526,2,2,2,0,1
106,0.64,1,2,1,0,0
106,0.571,1,1,1,0,1
106,0.582,2,0,2,0,0
106,0.51,2,2,2,0,1
106,0.657,1,1,1,0,1
106,0.595,1,1,1,0,1
106,0.773,2,0,2,0,0
106,0.5,0,2,0,0,0
106,0.813,1,0,1,0,0
106,0.575,2,2,2,0,1
106,0.64,0,0,0,0,1
106,0.538,2,2,2,0,1
106,0.66,2,1,2,0,0
106,0.559,0,0,0,0,1
106,0.561,2,1,2,0,0
106,0.451,0,1,0,0,0
106,0.59,1,1,1,0,1
106,0.471,0,0,0,0,1
106,0.634,2,1,2,0,0
106,0.483,2,2,2,0,1
106,0.526,0,2,0,0,0
106,0.584,1,0,1,0,0
106,0.587,2,2,2,0,1
106,0.469,2,2,2,0,1
106,0.438,2,2,2,0,1
106,0.425,2,1,2,0,0
106,0.595,0,0,0,0,1
106,0.55,0,0,0,0,1
106,0.526,1,0,1,0,0
106,0.527,2,0,2,0,0
106,0.61,1,1,1,0,1
106,0.66,1,1,1,0,1
106,0.541,2,2,2,0,1
106,0.527,0,2,0,0,0
106,0.632,1,1,1,0,1
106,0.555,2,2,2,0,1
106,0.429,2,2,2,0,1
106,0.464,2,0,2,0,0
106,0.515,1,1,1,0,1
106,0.581,2,2,2,0,1
106,0.424,0,1,0,0,0
106,0.641,0,1,0,0,0
106,0.563,0,0,0,0,1
106,0.701,2,1,2,0,0
107,0.757,0,2,0,0,0
107,0.796,1,0,1,0,0
107,0.837,2,0,2,0,0
107,0.846,0,2,0,0,0
107,0.658,2,2,2,0,1
107,0.697,1,2,1,0,0
107,0.697,2,2,2,0,1
107,0.649,1,1,1,0,1
107,0.535,1,0,1,0,0
107,0.927,2,1,2,0,0
107,0.959,1,2,1,0,0
107,0.496,1,2,1,0,0
107,0.53,0,0,0,0,1
107,0.921,0,2,0,0,0
107,1.009,1,0,1,0,0
107,0.891,0,1,0,0,0
107,0.666,0,0,0,0,1
107,0.728,2,2,2,0,1
107,0.457,1,1,1,0,1
107,0.5,0,0,0,0,1
107,0.716,2,0,2,0,0
107,0.556,0,0,0,0,1
107,0.863,2,0,2,0,0
107,0.695,2,1,2,0,0
107,0.655,0,2,0,0,0
107,0.588,1,2,1,0,0
107,0.702,1,2,1,0,0
107,0.526,1,2,1,0,0
107,0.799,0,2,0,0,0
107,0.552,2,2,2,0,1
107,0.546,2,2,2,0,1
107,0.488,1,1,1,0,1
107,0.481,1,2,1,0,0
107,0.374,1,1,1,0,1
107,0.565,0,0,0,0,1
107,0.913,1,1,1,0,1
107,0.482,1,0,1,0,0
107,0.411,1,0,1,0,0
107,0.497,0,0,0,0,1
107,0.558,1,1,1,0,1
107,0.543,0,1,0,0,0
107,0.785,2,2,2,0,1
107,0.657,0,0,0,0,1
107,0.762,2,2,2,0,1
107,0.663,1,0,1,0,0
107,0.785,1,2,1,0,0
107,0.713,2,2,2,0,1
107,0.483,0,0,0,0,1
107,0.588,1,1,1,0,1
107,0.534,0,2,0,0,0
107,0.798,0,1,0,0,0
107,0.391,0,1,0,0,0
107,0.761,2,0,2,0,0
107,0.672,2,0,2,0,0
107,0.543,2,2,2,0,1
107,0.544,2,1,2,0,0
107,0.561,1,1,1,0,1
107,0.466,1,1,1,0,1
107,0.378,0,1,0,0,0
107,0.419,0,0,0,0,1
107,0.692,0,0,0,0,1
107,0.739,0,1,0,0,0
107,0.671,2,2,2,0,1
107,0.54,2,1,2,0,0
107,0.485,2,2,2,0,1
107,0.487,2,1,2,0,0
107,0.486,2,2,2,0,1
107,0.479,0,0,0,0,1
107,0.664,0,2,0,0,0
107,0.547,1,1,1,0,1
107,0.386,1,1,1,0,1
107,0.72,0,1,0,0,0
107,0.576,1,1,1,0,1
107,0.706,0,0,0,0,1
107,0.482,1,1,1,0,1
107,0.611,2,0,2,0,0
107,0.436,2,2,2,0,1
107,0.461,2,1,2,0,0
107,0.597,2,2,2,0,1
107,0.454,2,1,2,0,0
107,0.474,0,0,0,0,1
107,0.504,1,1,1,0,1
107,0.849,0,2,0,0,0
107,0.794,2,0,2,0,0
107,0.772,2,2,2,0,1
107,0.451,0,0,0,0,1
107,0.508,1,1,1,0,1
107,0.397,0,0,0,0,1
107,0.599,1,1,1,0,1
107,0.599,2,0,2,0,0
107,0.484,0,0,0,0,1
107,0.637,1,0,1,0,0
107,0.543,1,0,1,0,0
107,0.599,2,1,2,0,0
107,0.528,2,2,1,0,1
108,0.97,2,0,2,0,0
108,0.849,2,2,2,0,1
108,0.964,1,1,1,0,1
108,0.805,0,0,0,0,1
108,1.118,1,2,1,0,0
108,0.934,2,0,2,0,0
108,0.842,1,0,1,0,0
108,0.781,0,1,0,0,0
108,0.787,2,1,2,0,0
108,0.451,1,1,1,0,1
108,0.889,2,0,2,0,0
108,0.907,1,0,1,0,0
108,0.589,0,2,0,0,0
108,0.72,0,1,0,0,0
108,0.818,2,2,2,0,1
108,0.449,0,1,0,0,0
108,0.623,2,2,2,0,1
108,0.451,0,2,0,0,0
108,1.057,2,0,1,0,0
108,1.123,2,1,2,0,0
108,0.65,0,1,0,0,0
108,0.609,0,0,0,0,1
108,0.893,2,0,2,0,0
108,0.865,2,1,2,0,0
108,0.741,0,1,0,0,0
108,0.794,1,1,1,0,1
108,0.531,0,0,0,0,1
108,0.563,0,0,0,0,1
108,0.631,2,2,2,0,1
108,0.529,1,2,1,0,0
108,0.572,2,2,2,0,1
108,0.632,2,1,2,0,0
108,0.516,0,2,0,0,0
108,0.796,1,2,1,0,0
108,0.394,2,2,2,0,1
108,0.496,0,0,0,0,1
108,0.611,2,2,2,0,1
108,0.987,1,2,1,0,0
108,0.889,1,0,1,0,0
108,0.61,2,1,2,0,0
108,1.047,0,2,0,0,0
108,0.804,1,1,1,0,1
108,0.513,0,2,0,0,0
108,0.904,1,0,1,0,0
108,0.851,1,1,1,0,1
108,0.48,2,1,2,0,0
108,0.995,1,2,1,0,0
108,0.416,2,2,2,0,1
108,0.593,0,0,0,0,1
108,0.657,1,1,1,0,1
108,0.596,2,0,2,0,0
108,0.617,2,2,2,0,1
108,0.625,1,0,1,0,0
108,0.75,1,2,1,0,0
108,0.398,0,2,0,0,0
108,0.666,0,0,0,0,1
108,0.533,0,1,0,0,0
108,0.55,0,1,0,0,0
108,0.584,0,0,0,0,1
108,0.555,2,1,2,0,0
108,0.51,2,2,2,0,1
108,1.145,0,2,0,0,0
108,0.695,1,1,1,0,1
108,0.54,0,0,0,0,1
108,0.578,0,0,0,0,1
108,0.587,1,1,1,0,1
108,0.512,2,0,2,0,0
108,0.728,1,1,1,0,1
108,0.937,0,1,0,0,0
108,0.978,1,1,1,0,1
108,0.58,2,2,2,0,1
108,0.464,2,2,2,0,1
108,0.582,0,0,0,0,1
108,1.022,1,0,1,0,0
108,0.645,1,0,1,0,0
108,0.621,0,0,0,0,1
108,0.663,2,0,2,0,0
108,0.666,0,0,0,0,1
108,0.502,1,1,1,0,1
108,0.523,0,0,0,0,1
108,0.584,1,0,1,0,0
108,0.393,2,1,2,0,0
108,0.438,2,2,2,0,1
108,0.555,1,1,1,0,1
108,0.903,1,1,1,0,1
108,0.611,0,2,0,0,0
108,0.658,0,0,0,0,1
108,0.64,0,0,0,0,1
108,0.575,1,1,1,0,1
108,0.608,2,2,2,0,1
108,0.69,2,2,2,0,1
108,0.455,1,2,1,0,0
108,0.482,2,2,2,0,1
108,0.664,1,1,1,0,1
108,0.506,1,1,2,0,1
109,0.639,2,2,2,0,1
109,0.764,2,0,2,0,0
109,0.693,1,1,1,0,1
109,0.739,0,0,0,0,1
109,0.683,1,1,1,0,1
109,1.273,1,2,1,0,0
109,0.901,1,2,1,0,0
109,0.576,2,2,2,0,1
109,0.533,2,2,2,0,1
109,0.691,2,0,2,0,0
109,0.87,2,1,2,0,0
109,0.793,0,1,1,0,0
109,0.989,1,0,0,0,0
109,1.183,1,2,1,0,0
109,0.876,1,0,1,0,0
109,0.72,2,2,2,0,1
109,0.95,0,2,0,0,0
109,0.717,1,1,1,0,1
109,0.784,0,0,0,0,1
109,0.752,1,1,1,0,1
109,0.957,0,1,0,0,0
109,0.787,2,2,2,0,1
109,0.747,0,0,0,0,1
109,1.063,1,2,1,0,0
109,0.615,2,2,2,0,1
109,0.893,2,1,2,0,0
109,0.685,2,2,2,0,1
109,0.611,0,0,0,0,1
109,0.851,0,2,0,0,0
109,0.573,2,2,2,0,1
109,0.66,1,0,0,0,0
109,0.618,1,1,1,0,1
109,0.813,1,2,1,0,0
109,1.016,2,1,2,0,0
109,0.882,0,0,0,0,1
109,0.923,2,1,2,0,0
109,0.773,0,2,0,0,0
109,0.744,1,1,1,0,1
109,1.024,0,0,0,0,1
109,0.955,1,1,1,0,1
109,0.763,1,1,1,0,1
109,0.643,2,0,2,0,0
109,0.778,1,1,1,0,1
109,0.647,2,2,2,0,1
109,0.503,0,0,0,0,1
109,0.754,0,0,0,0,1
109,1.081,1,1,1,0,1
109,1.12,0,0,0,0,1
109,0.975,1,0,1,0,0
109,0.763,1,2,1,0,0
109,0.8,0,0,0,0,1
109,1.215,0,0,0,0,1
109,0.583,2,2,2,0,1
109,0.653,1,1,1,0,1
109,0.669,2,2,2,0,1
109,0.653,2,0,2,0,0
109,0.622,0,0,0,0,1
109,0.661,2,2,2,0,1
109,0.768,2,1,2,0,0
109,0.633,2,2,2,0,1
109,0.733,0,2,0,0,0
109,1.081,1,2,1,0,0
109,0.69,2,1,2,0,0
109,0.935,1,2,1,0,0
109,0.6,2,2,2,0,1
109,1.042,1,0,1,0,0
109,0.839,0,1,0,0,0
109,0.841,0,1,0,0,0
109,0.833,0,1,0,0,0
109,0.613,0,1,0,0,0
109,0.658,0,2,0,0,0
109,1.088,2,0,2,0,0
109,0.73,2,1,2,0,0
109,0.752,0,1,0,0,0
109,0.783,1,1,1,0,1
109,0.954,2,0,2,0,0
109,1.108,0,0,0,0,1
109,0.936,1,1,1,0,1
109,0.764,1,0,0,0,0
109,0.666,1,1,1,0,1
109,0.973,1,0,1,0,0
109,0.838,0,1,0,0,0
109,0.913,0,0,0,0,1
109,0.8,1,1,1,0,1
109,0.716,2,2,2,0,1
109,0.643,1,0,0,0,0
109,0.719,2,2,2,0,1
109,0.943,2,1,2,0,0
109,0.686,0,2,0,0,0
109,0.853,1,1,1,0,1
109,0.653,2,0,2,0,0
109,0.699,0,2,0,0,0
109,0.826,0,2,0,0,0
109,0.731,0,0,0,0,1
109,0.737,2,0,2,0,0
109,0.629,0,0,0,0,1
110,0.895,0,2,0,0,0
110,0.867,0,1,0,0,0
110,0.552,0,0,0,0,1
110,0.569,1,1,1,0,1
110,0.511,0,2,0,0,0
110,0.571,1,2,1,0,0
110,0.386,0,1,0,0,0
110,0.592,1,1,1,0,1
110,0.578,1,2,1,0,0
110,0.526,2,2,2,0,1
110,0.546,2,2,2,0,1
110,0.464,2,2,2,0,1
110,0.482,2,1,2,0,0
110,0.54,0,0,0,0,1
110,0.541,0,1,0,0,0
110,0.845,2,2,2,0,1
110,0.534,1,2,1,0,0
110,0.57,2,2,2,0,1
110,0.521,1,1,1,0,1
110,0.883,2,1,2,0,0
110,0.538,0,0,0,0,1
110,0.766,0,0,0,0,1
110,0.681,1,2,1,0,0
110,0.582,0,2,0,0,0
110,0.84,1,2,1,0,0
110,0.568,2,2,2,0,1
110,0.499,1,1,1,0,1
110,0.517,0,0,0,0,1
110,0.521,1,1,0,0,1
110,0.492,1,1,1,0,1
110,0.616,1,0,1,0,0
110,0.582,0,1,0,0,0
110,0.473,0,2,0,0,0
110,0.521,0,2,0,0,0
110,0.834,2,1,2,0,0
110,0.883,0,1,0,0,0
110,0.646,2,0,2,0,0
110,0.773,1,0,1,0,0
110,0.589,1,1,1,0,1
110,0.53,1,1,1,0,1
110,0.638,0,2,0,0,0
110,0.534,1,1,1,0,1
110,0.62,0,2,0,0,0
110,0.638,1,1,1,0,1
110,0.768,2,1,2,0,0
110,0.697,2,2,2,0,1
110,0.554,1,0,1,0,0
110,0.659,1,0,1,0,0
110,0.588,1,1,1,0,1
110,0.547,0,1,0,0,0
110,0.563,0,0,0,0,1
110,0.607,2,2,2,0,1
110,0.486,0,0,0,0,1
110,0.376,0,0,0,0,1
110,0.368,0,0,0,0,1
110,0.622,2,0,2,0,0
110,0.554,2,0,2,0,0
110,0.557,0,0,0,0,1
110,0.542,2,2,2,0,1
110,0.497,1,1,1,0,1
110,0.688,2,2,2,0,1
110,0.508,2,0,2,0,0
110,0.592,2,2,2,0,1
110,0.681,0,1,0,0,0
110,0.557,1,1,1,0,1
110,0.493,0,0,0,0,1
110,0.799,2,0,2,0,0
110,0.534,1,0,1,0,0
110,0.579,1,2,1,0,0
110,0.773,2,1,2,0,0
110,0.605,0,0,0,0,1
110,0.565,1,2,1,0,0
110,0.58,0,0,0,0,1
110,0.56,2,2,2,0,1
110,0.509,0,2,0,0,0
110,0.499,1,2,1,0,0
110,0.652,2,1,2,0,0
110,0.549,2,2,2,0,1
110,0.587,2,0,2,0,0
110,0.503,1,0,1,0,0
110,0.559,1,0,1,0,0
110,0.645,2,0,2,0,0
110,0.598,0,1,0,0,0
110,0.654,2,0,2,0,0
110,0.831,2,1,2,0,0
110,0.697,0,0,0,0,1
110,0.693,0,0,0,0,1
110,0.603,1,1,1,0,1
110,0.556,1,1,1,0,1
110,0.585,1,1,1,0,1
110,0.615,1,0,1,0,0
110,0.79,2,2,2,0,1
110,0.665,2,2,2,0,1
110,0.489,2,2,2,0,1
111,1.355,0,1,0,0,0
111,1.007,0,0,0,0,1
111,1.083,1,0,1,0,0
111,0.782,1,1,1,0,1
111,0.504,2,1,2,0,0
111,0.73,2,1,2,0,0
111,0.731,1,1,1,0,1
111,0.776,1,1,1,0,1
111,0.781,2,2,2,0,1
111,0.529,2,2,2,0,1
111,0.664,0,0,0,0,1
111,0.627,0,0,0,0,1
111,1.092,1,2,1,0,0
111,0.868,0,0,0,0,1
111,0.936,0,1,2,0,0
111,0.849,1,1,1,0,1
111,0.963,0,2,0,0,0
111,0.51,0,2,0,0,0
111,0.81,1,2,1,0,0
111,0.568,2,2,2,0,1
111,0.757,1,0,1,0,0
111,0.815,2,0,2,0,0
111,0.699,2,2,2,0,1
111,0.605,1,1,1,0,1
111,0.912,2,1,1,0,0
111,0.451,0,0,0,0,1
111,0.383,0,1,0,0,0
111,0.6,0,0,0,0,1
111,1.061,1,0,1,0,0
111,0.879,0,1,0,0,0
111,0.58,2,2,2,0,1
111,0.655,2,2,2,0,1
111,1.291,1,0,1,0,0
111,1.016,0,2,0,0,0
111,0.969,2,1,2,0,0
111,0.899,1,0,1,0,0
111,1.141,2,2,2,0,1
111,0.701,0,1,0,0,0
111,0.983,1,0,1,0,0
111,0.637,2,2,2,0,1
111,0.6,0,0,0,0,1
111,0.782,1,0,1,0,0
111,1.095,1,1,1,0,1
111,0.568,1,1,1,0,1
111,0.429,1,1,1,0,1
111,0.441,1,1,1,0,1
111,0.371,1,1,1,0,1
111,0.927,0,2,0,0,0
111,0.608,2,2,2,0,1
111,1.099,2,1,2,0,0
111,0.637,0,0,0,0,1
111,0.815,1,2,1,0,0
111,1.033,2,1,2,0,0
111,0.849,0,1,0,0,0
111,1.085,2,0,2,0,0
111,0.782,2,2,2,0,1
111,1.207,2,0,2,0,0
111,0.64,0,0,0,0,1
111,0.708,1,2,1,0,0
111,0.517,1,2,1,0,0
111,0.46,1,1,1,0,1
111,0.471,0,1,0,0,0
111,0.603,2,2,2,0,1
111,0.457,2,2,2,0,1
111,0.484,2,2,2,0,1
111,0.83,0,0,0,0,1
111,0.61,0,0,0,0,1
111,0.42,0,0,0,0,1
111,0.522,0,0,0,0,1
111,0.784,1,1,1,0,1
111,0.786,2,2,2,0,1
111,1.494,2,0,2,0,0
111,0.817,1,2,1,0,0
111,0.513,0,2,0,0,0
111,0.777,2,2,2,0,1
111,0.779,0,0,0,0,1
111,1.176,2,0,2,0,0
111,1.026,1,1,1,0,1
111,1.301,2,0,2,0,0
111,0.799,1,2,1,0,0
111,1.145,1,0,1,0,0
111,1.094,2,1,1,0,0
111,0.781,2,2,2,0,1
111,1.142,1,2,1,0,0
111,0.938,0,0,0,0,1
111,1.018,1,1,1,0,1
111,1.149,0,1,0,0,0
111,1.046,0,2,1,0,0
111,0.778,0,0,0,0,1
111,1.14,0,2,0,0,0
111,0.998,2,0,2,0,0
111,0.738,2,0,2,0,0
112,0.761,2,2,2,0,1
112,0.856,0,2,0,0,0
112,0.993,1,2,1,0,0
112,1.14,0,2,0,0,0
112,0.58,2,2,2,0,1
112,0.549,1,1,1,0,1
112,0.773,1,2,2,0,0
112,0.628,2,2,2,0,1
112,0.676,1,1,1,0,1
112,0.771,0,1,0,0,0
112,0.607,0,1,0,0,0
112,0.919,1,1,1,0,1
112,0.494,1,2,2,0,0
112,1.206,2,1,2,0,0
112,0.622,0,0,0,0,1
112,0.66,2,2,2,0,1
112,0.99,1,0,1,0,0
112,0.665,0,0,0,0,1
112,0.569,0,0,0,0,1
112,0.931,2,0,2,0,0
112,0.84,2,0,2,0,0
112,0.889,1,1,1,0,1
112,0.511,1,1,1,0,1
112,0.799,1,0,1,0,0
112,0.779,2,0,2,0,0
112,0.951,2,1,2,0,0
112,0.646,0,2,0,0,0
112,0.844,1,0,1,0,0
112,0.582,0,0,0,0,1
112,0.521,0,2,2,0,0
112,0.501,0,2,0,0,0
112,0.981,1,2,1,0,0
112,0.526,0,0,0,0,1
112,0.862,1,1,1,0,1
112,0.613,0,0,0,0,1
112,0.518,1,1,1,0,1
112,0.654,1,1,1,0,1
112,0.791,2,1,2,0,0
112,0.903,1,1,1,0,1
112,0.595,2,0,0,0,0
112,0.651,0,0,0,0,1
112,0.642,0,0,0,0,1
112,0.731,2,2,2,0,1
112,0.635,1,1,1,0,1
112,0.814,1,0,1,0,0
112,0.5,1,1,1,0,1
112,0.691,2,2,2,0,1
112,0.585,2,2,2,0,1
112,0.528,2,2,2,0,1
112,0.697,0,0,0,0,1
112,0.836,0,1,0,0,0
112,0.469,0,1,0,0,0
112,0.605,0,1,0,0,0
112,0.789,1,2,1,0,0
112,0.581,0,0,0,0,1
112,0.521,0,2,0,0,0
112,0.38,0,0,0,0,1
112,0.455,0,2,0,0,0
112,0.555,2,2,2,0,1
112,0.44,0,0,0,0,1
112,0.506,0,0,0,0,1
112,0.727,1,0,1,0,0
112,0.65,2,2,2,0,1
112,0.637,0,0,0,0,1
112,1.014,0,1,0,0,0
112,0.561,0,0,0,0,1
112,0.802,1,2,1,0,0
112,0.931,1,1,1,0,1
112,1.074,0,1,0,0,0
112,0.486,2,2,2,0,1
112,0.742,2,0,2,0,0
112,0.83,0,2,0,0,0
112,0.671,1,2,1,0,0
112,1.016,1,1,1,0,1
112,0.649,1,1,1,0,1
112,0.502,1,2,1,0,0
112,0.678,2,2,2,0,1
112,0.475,2,2,2,0,1
112,0.712,1,1,1,0,1
112,0.741,2,1,2,0,0
112,0.716,2,0,2,0,0
112,0.486,2,2,2,0,1
112,1.124,2,1,2,0,0
112,0.411,2,0,2,0,0
112,0.611,1,1,1,0,1
112,0.491,2,0,0,0,0
112,0.657,0,0,0,0,1
112,0.619,2,2,2,0,1
112,0.529,2,2,2,0,1
112,0.5,2,1,1,0,0
112,0.689,2,1,2,0,0
112,1.083,0,1,0,0,0
112,0.897,2,1,1,0,0
113,0.634,1,1,1,0,1
113,0.528,1,1,1,0,1
113,0.467,2,0,2,0,0
113,0.662,1,0,1,0,0
113,0.472,2,2,2,0,1
113,0.375,0,2,0,0,0
113,0.416,0,1,0,0,0
113,0.398,2,2,2,0,1
113,0.714,2,0,2,0,0
113,0.878,2,1,2,0,0
113,0.638,1,2,1,0,0
113,0.522,2,2,2,0,1
113,0.639,0,0,0,0,1
113,0.404,0,1,0,0,0
113,0.598,0,0,0,0,1
113,0.578,0,2,0,0,0
113,0.496,2,1,2,0,0
113,0.638,1,2,1,0,0
113,0.455,0,0,2,0,1
113,0.418,0,0,0,0,1
113,0.518,0,0,0,0,1
113,0.654,2,2,2,0,1
113,0.612,1,0,1,0,0
113,0.417,0,2,0,0,0
113,0.448,1,1,1,0,1
113,0.863,0,1,0,0,0
113,0.53,1,1,1,0,1
113,0.391,0,0,0,0,1
113,0.581,0,0,0,0,1
113,0.607,0,0,0,0,1
113,0.697,2,0,2,0,0
113,0.606,1,0,1,0,0
113,0.637,1,1,1,0,1
113,0.683,0,2,2,0,0
113,0.665,2,1,2,0,0
113,0.421,0,1,0,0,0
113,0.474,1,0,1,0,0
113,0.499,0,0,0,0,1
113,0.552,1,1,1,0,1
113,0.636,2,2,2,0,1
113,0.645,1,1,1,0,1
113,0.629,2,2,2,0,1
113,0.783,1,1,1,0,1
113,0.615,1,1,1,0,1
113,0.541,2,2,2,0,1
113,0.589,1,2,1,0,0
113,0.721,2,2,2,0,1
113,0.856,2,1,2,0,0
113,0.493,0,0,0,0,1
113,0.428,1,1,1,0,1
113,0.569,0,0,0,0,1
113,0.709,0,2,0,0,0
113,0.629,1,1,1,0,1
113,0.463,1,0,1,0,0
113,0.487,1,2,1,0,0
113,0.629,2,2,2,0,1
113,0.653,2,1,2,0,0
113,0.465,2,2,2,0,1
113,0.533,2,1,2,0,0
113,0.461,2,1,2,0,0
113,0.653,1,2,1,0,0
113,0.404,0,2,0,0,0
113,0.549,2,0,2,0,0
113,0.467,1,1,1,0,1
113,0.666,0,0,0,0,1
113,0.734,1,2,1,0,0
113,0.557,2,2,2,0,1
113,0.764,2,0,2,0,0
113,0.715,0,1,0,0,0
113,0.412,0,1,0,0,0
113,0.484,2,2,2,0,1
113,0.688,2,0,2,0,0
113,0.469,1,1,0,0,1
113,0.62,2,0,0,0,0
113,0.646,0,2,0,0,0
113,0.504,0,1,0,0,0
113,0.544,0,0,0,0,1
113,0.5,2,2,2,0,1
113,0.496,2,0,2,0,0
113,0.423,0,2,0,0,0
113,0.553,0,0,0,0,1
113,0.746,1,0,1,0,0
113,0.416,1,0,1,0,0
113,0.424,1,0,1,0,0
113,0.494,1,2,1,0,0
113,0.618,1,2,1,0,0
113,0.408,1,1,1,0,1
113,0.428,0,0,0,0,1
113,0.636,1,1,1,0,1
113,0.511,2,2,2,0,1
113,0.547,2,2,2,0,1
113,0.553,2,2,2,0,1
113,0.729,2,1,2,0,0
113,0.518,0,1,0,0,0
113,0.523,1,1,1,0,1
114,1.217,1,1,1,0,1
114,0.384,1,1,1,0,1
114,0.73,0,1,0,0,0
114,0.688,0,2,0,0,0
114,0.631,1,2,1,0,0
114,0.657,0,0,0,0,1
114,0.918,1,1,1,0,1
114,0.481,2,2,2,0,1
114,0.886,0,0,0,0,1
114,0.925,2,2,2,0,1
114,1.278,1,1,1,0,1
114,0.585,0,0,0,0,1
114,0.464,0,0,0,0,1
114,0.447,0,0,0,0,1
114,0.693,0,1,0,0,0
114,0.796,2,1,2,0,0
114,0.805,0,2,0,0,0
114,0.851,1,1,1,0,1
114,0.958,1,2,1,0,0
114,0.573,1,1,1,0,1
114,0.655,0,2,0,0,0
114,0.685,2,2,2,0,1
114,0.587,0,1,0,0,0
114,0.726,2,2,1,0,1
114,1.126,2,0,1,0,0
114,0.98,0,2,0,0,0
114,1.447,1,0,1,0,0
114,1.256,0,0,0,0,1
114,1.307,2,0,2,0,0
114,0.514,2,1,2,0,0
114,0.445,2,2,2,0,1
114,0.475,2,0,2,0,0
114,0.549,0,0,0,0,1
114,0.528,1,1,1,0,1
114,0.511,0,0,0,0,1
114,0.997,1,2,1,0,0
114,0.399,0,2,0,0,0
114,0.748,2,0,2,0,0
114,0.941,2,2,2,0,1
114,0.82,1,2,1,0,0
114,0.539,1,1,1,0,1
114,0.766,1,0,1,0,0
114,0.59,1,2,1,0,0
114,0.5,1,1,1,0,1
114,0.411,1,0,1,0,0
114,0.381,1,1,1,0,1
114,0.376,1,1,1,0,1
114,0.69,2,1,2,0,0
114,0.397,0,1,0,0,0
114,0.668,1,2,1,0,0
114,0.559,0,0,0,0,1
114,0.766,2,1,2,0,0
114,1.249,0,1,0,0,0
114,0.855,1,0,1,0,0
114,0.73,1,0,1,0,0
114,1.136,2,1,2,0,0
114,0.731,1,2,1,0,0
114,0.609,0,2,1,0,0
114,0.576,0,0,0,0,1
114,0.846,2,1,2,0,0
114,1.037,0,0,0,0,1
114,0.479,0,0,0,0,1
114,0.51,2,2,2,0,1
114,0.501,1,2,1,0,0
114,0.692,2,0,2,0,0
114,1.175,2,0,2,0,0
114,0.85,0,0,0,0,1
114,0.449,0,0,0,0,1
114,0.888,2,2,2,0,1
114,0.594,2,2,2,0,1
114,1.36,0,1,0,0,0
114,0.687,2,2,2,0,1
114,0.79,2,2,2,0,1
114,0.865,1,1,1,0,1
114,0.539,1,1,1,0,1
114,0.894,2,2,2,0,1
114,1.313,2,0,2,0,0
114,0.679,1,0,1,0,0
114,1.062,0,2,0,0,0
114,1.156,2,2,2,0,1
114,0.612,2,2,2,0,1
114,1.287,0,0,0,0,1
114,1.21,2,2,2,0,1
114,0.997,2,0,2,0,0
114,0.86,1,0,1,0,0
114,1.107,1,0,1,0,0
114,0.59,1,1,1,0,1
114,1.133,0,2,2,0,0
114,0.42,0,0,0,0,1
114,0.803,2,1,2,0,0
114,0.793,0,1,0,0,0
114,1.004,1,1,1,0,1
114,0.839,1,1,1,0,1
114,0.95,2,2,2,0,1
115,1.194,0,1,0,0,0
115,0.685,0,1,0,0,0
115,0.717,0,0,0,0,1
115,0.727,2,1,2,0,0
115,0.706,2,0,2,0,0
115,0.807,1,1,1,0,1
115,0.844,0,1,0,0,0
115,0.719,1,1,1,0,1
115,1.396,0,2,0,0,0
115,0.781,2,1,2,0,0
115,1.216,1,2,1,0,0
115,0.653,1,1,1,0,1
115,0.574,1,1,1,0,1
115,0.477,1,0,1,0,0
115,0.517,2,0,2,0,0
115,0.788,2,0,2,0,0
115,0.55,2,2,2,0,1
115,0.47,2,2,2,0,1
115,0.652,1,2,1,0,0
115,0.704,0,0,0,0,1
115,0.851,2,2,1,0,1
115,0.716,0,0,0,0,1
115,0.855,1,0,2,0,0
115,0.677,1,0,1,0,0
115,0.52,1,0,1,0,0
115,0.56,1,1,1,0,1
115,0.609,1,2,1,0,0
115,0.673,0,2,0,0,0
115,0.809,2,1,2,0,0
115,0.762,0,1,1,0,0
115,0.854,1,1,1,0,1
115,0.568,1,2,1,0,0
115,0.617,1,2,1,0,0
115,0.591,2,2,2,0,1
115,0.774,0,0,0,0,1
115,0.625,0,0,0,0,1
115,0.602,0,0,0,0,1
115,0.521,0,2,0,0,0
115,0.497,0,0,0,0,1
115,0.656,1,1,1,0,1
115,1.054,1,0,1,0,0
115,0.843,0,2,0,0,0
115,0.665,2,0,2,0,0
115,0.654,2,1,2,0,0
115,0.639,1,2,1,0,0
115,0.507,0,0,0,0,1
115,0.632,2,2,2,0,1
115,0.584,0,2,0,0,0
115,0.73,2,1,1,0,0
115,1.01,1,0,2,0,0
115,0.755,1,1,1,0,1
115,0.64,2,2,2,0,1
115,0.664,2,2,2,0,1
115,0.677,0,0,0,0,1
115,0.934,1,1,2,0,1
115,1.354,2,0,2,0,0
115,0.936,1,1,1,0,1
115,0.912,2,2,2,0,1
115,1.384,2,1,1,0,0
115,0.747,1,1,1,0,1
115,0.615,0,0,0,0,1
115,0.789,1,1,1,0,1
115,0.856,0,2,0,0,0
115,0.671,0,0,0,0,1
115,0.601,1,1,1,0,1
115,1.004,2,0,0,0,0
115,0.844,0,1,0,0,0
115,1.021,2,2,2,0,1
115,0.792,1,1,1,0,1
115,1.06,0,1,0,0,0
115,0.641,0,1,0,0,0
115,0.778,0,1,0,0,0
115,0.512,0,0,0,0,1
115,0.625,2,2,2,0,1
115,0.583,2,2,2,0,1
115,1.305,2,2,2,0,1
115,0.682,0,0,0,0,1
115,0.997,2,1,2,0,0
115,1.021,0,2,0,0,0
115,0.593,0,0,0,0,1
115,0.631,0,0,0,0,1
115,0.949,1,0,1,0,0
115,0.731,2,2,2,0,1
115,1.121,2,1,2,0,0
115,1.051,1,2,1,0,0
115,0.815,2,2,1,0,1
115,0.79,2,0,2,0,0
115,0.514,2,0,2,0,0
115,1.16,0,2,0,0,0
115,1.163,1,1,1,0,1
115,0.823,2,2,2,0,1
115,0.988,1,1,1,0,1
115,1.065,2,2,2,0,1
115,0.948,1,2,1,0,0
115,0.801,0,0,0,0,1
115,1.024,1,0,2,0,0
116,0.693,1,2,1,0,0
116,0.714,2,0,2,0,0
116,0.726,0,1,0,0,0
116,0.602,0,0,0,0,1
116,0.543,0,0,0,0,1
116,0.692,2,1,2,0,0
116,0.905,1,0,1,0,0
116,1.098,0,0,0,0,1
116,0.665,0,1,0,0,0
116,0.845,1,1,1,0,1
116,0.81,0,0,0,0,1
116,0.755,1,1,1,0,1
116,0.707,0,0,0,0,1
116,0.661,1,1,1,0,1
116,0.899,1,0,1,0,0
116,0.539,1,1,1,0,1
116,0.524,0,0,0,0,1
116,0.494,2,2,2,0,1
116,0.509,2,2,2,0,1
116,0.478,2,2,2,0,1
116,0.615,0,0,0,0,1
116,0.676,1,2,2,0,0
116,0.888,1,2,1,0,0
116,0.738,2,2,2,0,1
116,0.66,2,2,2,0,1
116,0.672,0,0,0,0,1
116,0.59,2,2,2,0,1
116,0.646,1,1,1,0,1
116,1.18,1,2,1,0,0
116,1.025,2,2,2,0,1
116,0.682,2,0,2,0,0
116,0.708,1,1,1,0,1
116,1.101,2,1,2,0,0
116,0.708,0,1,0,0,0
116,1.221,2,2,2,0,1
116,0.678,2,0,2,0,0
116,0.665,0,0,0,0,1
116,0.975,0,0,0,0,1
116,0.791,1,1,1,0,1
116,0.907,0,1,0,0,0
116,0.775,0,0,0,0,1
116,0.769,2,0,2,0,0
116,0.819,1,0,1,0,0
116,0.967,2,2,2,0,1
116,0.964,2,0,2,0,0
116,0.781,1,0,1,0,0
116,0.791,1,2,1,0,0
116,0.732,1,0,1,0,0
116,0.761,2,2,2,0,1
116,0.77,2,1,2,0,0
116,0.825,0,1,0,0,0
116,0.854,1,1,1,0,1
116,0.595,1,1,1,0,1
116,0.484,1,1,1,0,1
116,0.709,0,2,0,0,0
116,0.705,0,1,0,0,0
116,0.678,0,0,0,0,1
116,0.64,2,2,2,0,1
116,0.824,1,1,1,0,1
116,0.685,0,1,0,0,0
116,0.931,2,2,2,0,1
116,1.02,2,0,2,0,0
116,0.869,1,0,1,0,0
116,0.866,0,0,0,0,1
116,0.711,1,0,1,0,0
116,0.761,2,1,2,0,0
116,0.659,2,0,2,0,0
116,0.703,0,2,0,0,0
116,0.677,0,0,0,0,1
116,0.67,0,1,0,0,0
116,0.888,2,2,2,0,1
116,0.755,0,2,0,0,0
116,1.017,1,2,1,0,0
116,0.826,1,1,1,0,1
116,0.675,1,1,1,0,1
116,0.679,1,1,1,0,1
116,0.836,0,2,0,0,0
116,0.83,2,1,2,0,0
116,0.839,2,1,2,0,0
116,0.875,0,2,0,0,0
116,0.872,1,2,1,0,0
116,1.018,2,1,2,0,0
116,0.522,2,2,2,0,1
116,0.774,1,0,1,0,0
116,0.844,0,2,0,0,0
116,0.74,1,2,1,0,0
116,0.564,1,1,1,0,1
116,0.615,0,0,0,0,1
116,0.973,0,2,0,0,0
116,0.814,2,1,2,0,0
116,0.751,2,2,2,0,1
116,0.66,2,0,2,0,0
116,0.801,2,2,2,0,1
116,1.09,0,2,0,0,0
116,1.238,0,0,0,0,1
116,0.715,1,1,1,0,1
117,1.343,0,0,0,0,1
117,1.438,1,1,1,0,1
117,0.463,1,1,1,0,1
117,0.825,0,2,0,0,0
117,0.858,0,2,0,0,0
117,0.446,0,0,0,0,1
117,0.969,2,0,2,0,0
117,0.495,0,0,0,0,1
117,0.841,2,0,2,0,0
117,0.44,2,0,2,0,0
117,0.401,2,1,2,0,0
117,0.732,1,2,1,0,0
117,0.767,2,2,2,0,1
117,0.601,2,1,2,0,0
117,1.138,1,2,1,0,0
117,0.505,0,0,0,0,1
117,0.714,0,1,0,0,0
117,0.874,2,2,2,0,1
117,1.44,1,1,1,0,1
117,1.113,1,0,1,0,0
117,0.612,0,0,0,0,1
117,1.338,2,1,2,0,0
117,0.705,1,1,1,0,1
117,0.641,2,2,2,0,1
117,0.626,0,0,0,0,1
117,0.631,2,2,2,0,1
117,0.583,1,1,1,0,1
117,0.447,1,1,1,0,1
117,0.635,0,0,0,0,1
117,0.805,0,1,0,0,0
117,0.719,0,2,0,0,0
117,0.432,0,0,0,0,1
117,1.081,1,0,1,0,0
117,0.823,1,2,1,0,0
117,0.348,1,0,1,0,0
117,0.527,0,0,0,0,1
117,0.746,2,2,2,0,1
117,0.678,1,1,1,0,1
117,0.638,2,2,2,0,1
117,0.47,2,0,2,0,0
117,0.691,1,1,1,0,1
117,0.784,0,1,0,0,0
117,0.775,1,2,2,0,0
117,0.627,1,1,1,0,1
117,0.717,2,2,2,0,1
117,0.854,0,2,0,0,0
117,0.461,0,0,0,0,1
117,0.999,1,0,1,0,0
117,0.911,0,2,0,0,0
117,1,1,1,1,0,1
117,0.712,2,2,2,0,1
117,0.472,2,0,2,0,0
117,0.889,0,1,0,0,0
117,0.452,0,0,0,0,1
117,0.765,0,1,0,0,0
117,1.047,1,0,1,0,0
117,0.64,2,2,2,0,1
117,0.606,2,2,2,0,1
117,0.814,1,0,0,0,0
117,0.733,2,2,2,0,1
117,0.632,2,1,2,0,0
117,1.132,0,2,0,0,0
117,0.783,0,0,0,0,1
117,0.664,2,2,2,0,1
117,1.461,1,1,1,0,1
117,0.463,0,0,0,0,1
117,0.411,0,0,0,0,1
117,0.774,2,2,2,0,1
117,0.66,1,1,1,0,1
117,0.927,0,1,0,0,0
117,1.073,1,2,1,0,0
117,0.682,1,2,1,0,0
117,0.814,2,0,2,0,0
117,0.531,0,0,0,0,1
117,0.816,1,0,1,0,0
117,0.696,0,0,0,0,1
117,0.745,0,2,0,0,0
117,0.665,2,0,2,0,0
117,0.769,2,1,2,0,0
117,0.49,2,2,2,0,1
117,0.362,2,2,2,0,1
117,0.378,2,1,2,0,0
117,0.715,1,1,1,0,1
117,0.602,1,2,1,0,0
117,0.897,2,1,2,0,0
117,0.963,0,1,0,0,0
117,1.363,2,0,1,0,0
117,1.008,0,2,0,0,0
117,0.697,1,1,1,0,1
117,0.419,1,1,1,0,1
117,0.453,1,0,1,0,0
117,0.415,1,1,1,0,1
117,0.443,1,2,1,0,0
117,0.763,2,1,2,0,0
118,0.99,0,2,0,0,0
118,0.6,0,0,0,0,1
118,1.346,1,1,1,0,1
118,0.892,0,0,0,0,1
118,1.327,1,2,1,0,0
118,0.61,0,0,0,0,1
118,1.236,1,1,1,0,1
118,0.951,2,2,2,0,1
118,0.921,1,1,1,0,1
118,1.204,1,2,1,0,0
118,1.183,0,2,0,0,0
118,0.866,0,2,0,0,0
118,1.052,1,2,1,0,0
118,1.023,2,2,2,0,1
118,0.65,0,0,0,0,1
118,0.941,2,0,2,0,0
118,0.608,2,2,2,0,1
118,0.93,1,0,1,0,0
118,0.692,1,0,1,0,0
118,1.319,0,1,0,0,0
118,1.138,2,0,2,0,0
118,1.005,0,1,0,0,0
118,0.647,0,0,0,0,1
118,0.85,2,2,2,0,1
118,0.845,0,0,0,0,1
118,1.176,2,0,2,0,0
118,0.915,0,1,0,0,0
118,0.965,2,2,2,0,1
118,1.056,2,1,2,0,0
118,0.731,1,1,1,0,1
118,0.734,0,0,0,0,1
118,0.912,2,1,2,0,0
118,1.452,1,0,1,0,0
118,0.558,2,2,2,0,1
118,0.857,1,0,2,0,0
118,0.636,0,0,0,0,1
118,0.638,2,2,2,0,1
118,0.672,2,1,2,0,0
118,0.57,0,0,0,0,1
118,0.9,1,1,1,0,1
118,0.638,2,2,2,0,1
118,1.4,0,2,0,0,0
118,1.035,2,2,2,0,1
118,0.439,1,2,1,0,0
118,0.458,0,2,0,0,0
118,0.989,0,0,0,0,1
118,0.567,1,1,1,0,1
118,0.873,1,1,1,0,1
118,0.476,0,0,0,0,1
118,0.551,0,0,0,0,1
118,0.961,2,1,2,0,0
118,0.572,1,1,1,0,1
118,0.727,1,1,1,0,1
118,0.794,2,0,0,0,0
118,0.781,1,1,1,0,1
118,0.855,0,1,0,0,0
118,0.825,2,2,2,0,1
118,1.18,2,0,2,0,0
118,0.767,1,1,1,0,1
118,0.658,0,0,0,0,1
118,1.276,1,2,1,0,0
118,0.806,1,2,1,0,0
118,0.649,0,0,0,0,1
118,1.132,1,2,2,0,0
118,0.815,2,2,2,0,1
118,1.321,2,1,2,0,0
118,0.955,2,1,2,0,0
118,1.102,1,0,1,0,0
118,1.057,0,2,0,0,0
118,0.668,1,1,1,0,1
118,0.878,0,1,0,0,0
118,1.143,1,0,1,0,0
118,1.242,0,1,0,0,0
118,0.853,1,0,1,0,0
118,0.431,2,1,2,0,0
118,0.913,0,2,0,0,0
118,1.46,2,0,2,0,0
118,0.751,2,2,2,0,1
118,0.474,2,2,2,0,1
118,0.548,2,2,2,0,1
118,0.894,0,1,0,0,0
118,0.616,1,1,1,0,1
118,1.171,2,1,2,0,0
118,1.134,1,0,1,0,0
118,0.616,1,1,1,0,1
118,0.906,2,0,2,0,0
118,0.605,0,0,0,0,1
118,0.752,1,1,1,0,1
118,0.755,0,0,0,0,1
118,0.893,2,0,2,0,0
118,0.719,2,2,2,0,1
118,0.594,0,1,0,0,0
118,0.797,2,2,1,0,1
118,0.76,1,1,1,0,1
118,1.002,1,2,1,0,0
118,0.981,0,2,0,0,0
119,1.103,2,0,2,0,0
119,0.613,2,2,2,0,1
119,0.786,1,1,1,0,1
119,0.477,1,1,1,0,1
119,0.776,1,0,1,0,0
119,0.502,1,2,1,0,0
119,0.751,0,1,0,0,0
119,0.42,0,0,0,0,1
119,0.749,2,0,2,0,0
119,0.707,2,2,2,0,1
119,0.756,0,0,0,0,1
119,0.978,2,1,2,0,0
119,0.469,2,2,2,0,1
119,0.669,2,0,2,0,0
119,0.825,1,2,1,0,0
119,0.566,1,0,1,0,0
119,0.761,2,1,2,0,0
119,0.9,0,2,0,0,0
119,0.688,0,0,0,0,1
119,0.53,0,0,0,0,1
119,0.465,0,0,0,0,1
119,0.852,2,0,2,0,0
119,0.591,1,1,1,0,1
119,0.691,0,1,0,0,0
119,1.261,1,2,1,0,0
119,0.703,0,1,0,0,0
119,0.579,2,1,2,0,0
119,0.609,0,2,0,0,0
119,1.077,2,1,2,0,0
119,0.425,2,2,2,0,1
119,0.442,2,2,2,0,1
119,0.595,0,0,0,0,1
119,0.506,0,2,0,0,0
119,0.491,0,0,0,0,1
119,0.724,1,0,1,0,0
119,0.436,1,0,1,0,0
119,0.95,1,2,1,0,0
119,0.494,1,0,1,0,0
119,0.942,2,1,2,0,0
119,0.839,0,2,0,0,0
119,0.568,2,2,2,0,1
119,0.973,1,2,1,0,0
119,0.988,2,1,2,0,0
119,0.792,1,2,1,0,0
119,0.717,0,1,0,0,0
119,1.214,1,1,1,0,1
119,0.469,1,2,1,0,0
119,0.552,2,2,2,0,1
119,0.534,0,1,0,0,0
119,0.514,0,1,0,0,0
119,0.502,0,0,0,0,1
119,0.424,0,2,0,0,0
119,0.718,0,0,0,0,1
119,1.024,2,2,2,0,1
119,0.544,2,2,2,0,1
119,0.481,2,1,2,0,0
119,0.835,0,2,0,0,0
119,0.563,0,0,0,0,1
119,0.478,0,0,0,0,1
119,0.634,1,1,1,0,1
119,0.971,0,2,0,0,0
119,0.561,2,2,2,0,1
119,0.921,1,1,1,0,1
119,0.603,2,2,0,0,1
119,0.888,2,0,2,0,0
119,0.654,1,1,1,0,1
119,0.8,2,2,2,0,1
119,0.95,1,1,1,0,1
119,0.606,2,2,2,0,1
119,0.956,1,0,1,0,0
119,0.764,1,1,1,0,1
119,0.959,2,0,2,0,0
119,0.614,1,1,1,0,1
119,0.761,0,1,0,0,0
119,0.653,0,0,0,0,1
119,0.53,2,2,2,0,1
119,1.012,0,1,0,0,0
119,0.869,1,2,1,0,0
119,0.683,1,1,1,0,1
119,0.469,1,1,1,0,1
119,0.557,1,1,1,0,1
119,0.545,1,0,1,0,0
119,0.671,0,0,0,0,1
119,0.546,2,2,2,0,1
119,0.551,0,0,0,0,1
119,0.56,0,0,0,0,1
119,0.889,2,1,2,0,0
119,0.851,1,0,1,0,0
119,0.916,2,2,2,0,1
119,0.903,1,1,0,0,1
119,0.957,2,0,2,0,0
119,0.883,0,2,0,0,0
119,0.67,0,0,0,0,1
119,0.667,1,1,1,0,1
119,0.709,2,0,2,0,0
119,0.746,1,1,1,0,1
120,0.645,2,2,2,0,1
120,0.729,0,1,0,0,0
120,0.71,1,0,1,0,0
120,0.819,2,1,2,0,0
120,0.601,2,2,2,0,1
120,0.608,0,0,0,0,1
120,0.923,2,0,2,0,0
120,0.72,2,1,2,0,0
120,0.701,1,2,1,0,0
120,0.641,0,0,0,0,1
120,0.752,1,1,1,0,1
120,0.976,2,0,2,0,0
120,0.782,2,1,2,0,0
120,0.653,1,1,1,0,1
120,0.883,0,2,0,0,0
120,0.913,1,0,2,0,0
120,0.51,1,1,1,0,1
120,0.771,0,2,0,0,0
120,0.963,1,0,1,0,0
120,0.675,1,2,1,0,0
120,0.999,2,0,2,0,0
120,0.765,1,2,1,0,0
120,0.933,2,1,2,0,0
120,0.962,2,1,2,0,0
120,0.696,0,0,0,0,1
120,0.702,0,0,0,0,1
120,0.802,1,0,1,0,0
120,0.52,1,1,1,0,1
120,0.791,1,1,1,0,1
120,0.496,1,1,1,0,1
120,0.677,1,2,1,0,0
120,0.826,0,1,0,0,0
120,0.794,2,2,2,0,1
120,0.638,2,2,2,0,1
120,0.612,1,1,1,0,1
120,0.667,0,0,0,0,1
120,0.81,1,2,1,0,0
120,0.827,0,1,0,0,0
120,0.844,1,0,1,0,0
120,0.55,2,1,2,0,0
120,0.75,2,2,2,0,1
120,0.538,1,1,1,0,1
120,0.616,0,0,0,0,1
120,0.47,0,0,0,0,1
120,0.815,0,1,0,0,0
120,0.607,0,1,0,0,0
120,0.493,0,2,0,0,0
120,0.723,0,2,0,0,0
120,0.603,1,1,1,0,1
120,0.687,2,2,2,0,1
120,0.639,1,1,1,0,1
120,0.853,2,0,2,0,0
120,0.699,1,1,1,0,1
120,0.833,0,2,0,0,0
120,0.646,0,0,0,0,1
120,0.631,0,0,0,0,1
120,0.755,2,2,2,0,1
120,0.583,2,2,2,0,1
120,0.557,0,0,0,0,1
120,0.668,0,2,0,0,0
120,0.801,1,2,1,0,0
120,0.632,0,0,0,0,1
120,0.545,0,0,0,0,1
120,0.951,2,0,2,0,0
120,0.739,1,0,1,0,0
120,0.626,1,2,1,0,0
120,0.696,2,2,2,0,1
120,0.576,2,2,2,0,1
120,0.597,0,0,0,0,1
120,0.851,2,1,2,0,0
120,0.739,0,2,0,0,0
120,0.987,2,0,2,0,0
120,0.606,2,2,2,0,1
120,0.822,2,0,2,0,0
120,0.652,0,2,1,0,0
120,0.571,0,0,0,0,1
120,0.88,1,0,1,0,0
120,0.533,1,1,1,0,1
120,0.475,1,1,1,0,1
120,0.635,0,0,0,0,1
120,1.08,2,2,2,0,1
120,1.118,2,1,2,0,0
120,1.142,0,1,0,0,0
120,0.936,1,2,1,0,0
120,0.576,1,1,1,0,1
120,0.502,1,1,1,0,1
120,0.663,2,2,2,0,1
120,0.955,1,0,1,0,0
120,0.768,0,1,0,0,0
120,0.848,2,2,2,0,1
120,0.577,2,2,2,0,1
120,0.605,1,1,1,0,1
120,0.582,0,0,0,0,1
120,0.83,2,0,2,0,0
120,0.626,2,2,2,0,1
121,0.604,2,2,2,0,1
121,0.449,1,1,1,0,1
121,0.687,1,0,1,0,0
121,0.785,1,2,1,0,0
121,0.633,1,2,1,0,0
121,0.656,1,1,1,0,1
121,0.678,2,2,2,0,1
121,0.632,0,0,0,0,1
121,0.489,1,1,1,0,1
121,0.613,0,1,0,0,0
121,0.616,0,0,0,0,1
121,0.567,2,1,2,0,0
121,0.664,1,2,1,0,0
121,0.618,0,2,0,0,0
121,0.644,0,1,0,0,0
121,0.767,1,0,1,0,0
121,0.741,1,1,1,0,1
121,0.679,2,1,2,0,0
121,0.677,2,0,2,0,0
121,0.635,2,0,2,0,0
121,0.583,1,0,1,0,0
121,0.602,2,0,2,0,0
121,0.627,2,2,2,0,1
121,0.642,0,2,0,0,0
121,0.784,2,1,2,0,0
121,0.564,0,0,0,0,1
121,0.44,2,2,2,0,1
121,0.484,1,0,1,0,0
121,0.583,2,2,2,0,1
121,0.551,2,2,2,0,1
121,0.609,1,1,1,0,1
121,0.571,2,2,2,0,1
121,0.585,2,2,2,0,1
121,0.597,0,0,0,0,1
121,0.713,1,1,1,0,1
121,0.568,0,1,0,0,0
121,0.502,2,2,2,0,1
121,0.603,2,2,2,0,1
121,0.644,2,2,2,0,1
121,0.681,1,1,1,0,1
121,0.792,1,1,1,0,1
121,0.815,0,1,0,0,0
121,0.689,0,2,0,0,0
121,0.778,0,0,0,0,1
121,0.745,1,2,1,0,0
121,0.889,2,0,2,0,0
121,0.905,0,0,0,0,1
121,0.897,2,0,2,0,0
121,0.674,2,1,2,0,0
121,0.45,1,1,1,0,1
121,0.554,2,2,2,0,1
121,0.52,2,2,2,0,1
121,0.526,0,0,0,0,1
121,0.583,0,2,0,0,0
121,0.641,1,1,1,0,1
121,0.708,1,0,1,0,0
121,0.681,2,1,2,0,0
121,0.67,0,1,0,0,0
121,0.652,0,1,0,0,0
121,0.917,0,0,0,0,1
121,0.644,0,0,0,0,1
121,0.644,2,0,2,0,0
121,0.827,1,2,1,0,0
121,0.667,1,0,1,0,0
121,0.557,1,1,1,0,1
121,0.601,2,0,2,0,0
121,0.615,0,0,0,0,1
121,0.685,1,1,1,0,1
121,0.598,2,2,2,0,1
121,0.539,1,2,1,0,0
121,0.502,0,0,0,0,1
121,0.564,2,2,2,0,1
121,0.603,1,2,1,0,0
121,0.643,1,0,1,0,0
121,0.589,2,1,2,0,0
121,0.561,1,1,1,0,1
121,0.762,0,0,0,0,1
121,0.722,0,2,0,0,0
121,0.722,0,2,0,0,0
121,0.493,1,2,1,0,0
121,0.726,2,0,2,0,0
121,0.586,0,0,0,0,1
121,0.649,0,2,0,0,0
121,0.71,2,1,2,0,0
121,0.83,1,0,1,0,0
121,0.673,1,1,1,0,1
121,0.593,0,0,0,0,1
121,0.7,1,1,1,0,1
121,0.615,2,2,2,0,1
121,0.702,0,1,0,0,0
121,0.588,0,0,0,0,1
121,0.809,1,1,1,0,1
121,0.699,0,1,0,0,0
121,0.906,0,2,0,0,0
121,0.584,2,1,2,0,0
121,0.578,0,0,0,0,1
122,0.923,0,1,0,0,0
122,0.593,1,1,1,0,1
122,0.623,2,1,2,0,0
122,0.697,2,0,2,0,0
122,0.575,0,0,0,0,1
122,0.809,2,0,2,0,0
122,0.568,0,0,0,0,1
122,0.869,0,2,0,0,0
122,0.682,1,1,1,0,1
122,1.04,2,1,2,0,0
122,0.767,1,1,1,0,1
122,0.55,0,0,0,0,1
122,0.666,2,0,2,0,0
122,0.832,0,1,0,0,0
122,0.724,1,2,1,0,0
122,0.571,0,0,0,0,1
122,0.861,1,1,1,0,1
122,0.526,1,1,1,0,1
122,0.651,1,2,1,0,0
122,0.657,1,2,1,0,0
122,1.049,2,1,2,0,0
122,0.857,1,0,1,0,0
122,0.841,2,0,2,0,0
122,0.582,0,0,0,0,1
122,0.651,2,0,2,0,0
122,0.559,2,1,2,0,0
122,0.765,0,1,0,0,0
122,0.877,1,1,1,0,1
122,0.545,2,2,2,0,1
122,0.422,0,0,0,0,1
122,0.621,2,2,2,0,1
122,0.634,2,2,2,0,1
122,0.553,2,2,2,0,1
122,0.565,2,2,2,0,1
122,0.689,1,2,0,0,0
122,0.87,0,2,0,0,0
122,0.57,1,1,1,0,1
122,0.617,0,0,0,0,1
122,0.556,1,0,1,0,0
122,0.616,2,2,2,0,1
122,0.598,1,1,1,0,1
122,0.612,1,1,1,0,1
122,0.554,0,0,0,0,1
122,0.584,2,2,2,0,1
122,0.889,0,1,1,0,0
122,0.68,2,2,2,0,1
122,1.01,1,2,1,0,0
122,0.432,0,0,0,0,1
122,0.539,2,2,2,0,1
122,0.631,2,0,2,0,0
122,0.607,1,1,1,0,1
122,0.656,1,0,0,0,0
122,0.791,1,2,1,0,0
122,0.731,0,2,0,0,0
122,0.562,0,2,0,0,0
122,0.92,2,2,2,0,1
122,0.773,1,0,1,0,0
122,0.65,1,1,1,0,1
122,0.522,1,1,1,0,1
122,0.51,0,0,0,0,1
122,0.596,2,0,2,0,0
122,0.697,0,2,0,0,0
122,0.944,2,0,2,0,0
122,0.659,1,1,1,0,1
122,1.013,1,0,1,0,0
122,0.808,1,0,1,0,0
122,0.848,1,0,1,0,0
122,0.561,2,2,2,0,1
122,0.471,0,0,0,0,1
122,0.673,2,2,2,0,1
122,0.712,0,1,0,0,0
122,0.645,0,2,0,0,0
122,0.695,1,2,1,0,0
122,0.676,0,1,0,0,0
122,0.572,0,1,0,0,0
122,0.496,2,2,2,0,1
122,0.596,0,0,0,0,1
122,0.546,2,2,2,0,1
122,0.449,0,0,0,0,1
122,0.55,2,1,2,0,0
122,0.825,0,1,0,0,0
122,0.498,0,2,0,0,0
122,0.441,1,1,1,0,1
122,0.6,2,1,2,0,0
122,0.607,1,1,1,0,1
122,0.423,0,0,0,0,1
122,0.484,2,1,2,0,0
122,0.923,2,1,1,0,0
122,0.455,0,0,0,0,1
122,0.678,0,2,0,0,0
122,0.658,1,2,1,0,0
122,0.518,0,0,0,0,1
122,0.533,1,0,1,0,0
122,0.5,2,2,2,0,1
122,0.545,2,2,1,0,1
122,0.687,1,1,1,0,1
123,1.108,1,1,1,0,1
123,0.537,2,2,2,0,1
123,0.438,0,2,0,0,0
123,0.671,0,1,0,0,0
123,0.825,2,1,2,0,0
123,0.779,2,2,1,0,1
123,0.571,0,0,0,0,1
123,0.886,2,1,2,0,0
123,0.704,0,1,0,0,0
123,0.529,1,1,1,0,1
123,0.448,2,0,2,0,0
123,0.586,2,1,2,0,0
123,0.971,1,0,1,0,0
123,0.901,2,0,2,0,0
123,1.142,1,2,1,0,0
123,0.781,1,1,1,0,1
123,0.693,0,0,0,0,1
123,1.017,2,2,2,0,1
123,0.562,1,1,1,0,1
123,0.919,2,0,2,0,0
123,1.018,2,2,2,0,1
123,0.689,2,0,2,0,0
123,0.762,0,0,0,0,1
123,0.783,1,2,1,0,0
123,0.669,0,0,0,0,1
123,1.223,1,1,1,0,1
123,1.076,0,2,0,0,0
123,0.944,1,1,1,0,1
123,0.73,0,0,0,0,1
123,1.077,2,2,2,0,1
123,0.943,0,2,0,0,0
123,1.27,2,0,2,0,0
123,0.782,1,2,1,0,0
123,0.699,2,2,2,0,1
123,0.755,0,2,0,0,0
123,1.261,1,0,1,0,0
123,1.008,1,2,1,0,0
123,1.057,2,1,2,0,0
123,0.726,0,0,0,0,1
123,1.371,1,1,1,0,1
123,0.665,1,1,1,0,1
123,0.97,2,1,2,0,0
123,1.183,1,0,1,0,0
123,0.663,1,0,1,0,0
123,0.662,1,1,1,0,1
123,0.613,0,0,0,0,1
123,0.584,0,0,0,0,1
123,0.955,1,0,1,0,0
123,0.598,0,0,0,0,1
123,0.594,0,2,0,0,0
123,1.179,1,2,1,0,0
123,0.998,0,0,0,0,1
123,0.753,0,1,0,0,0
123,0.715,2,0,2,0,0
123,0.578,2,2,2,0,1
123,0.493,2,2,2,0,1
123,0.473,1,0,1,0,0
123,0.511,1,1,1,0,1
123,0.683,1,1,1,0,1
123,0.702,0,2,0,0,0
123,0.925,2,2,2,0,1
123,0.839,2,1,2,0,0
123,0.509,2,0,2,0,0
123,0.574,0,2,0,0,0
123,0.751,2,1,2,0,0
123,0.593,0,0,0,0,1
123,0.621,2,2,2,0,1
123,0.984,1,1,1,0,1
123,0.517,1,1,1,0,1
123,0.624,0,1,0,0,0
123,0.89,2,2,2,0,1
123,1.235,1,2,1,0,0
123,0.576,0,0,0,0,1
123,1.073,1,0,2,0,0
123,1.087,2,1,2,0,0
123,0.918,1,0,1,0,0
123,1.366,0,1,0,0,0
123,0.957,2,2,2,0,1
123,0.749,0,0,0,0,1
123,0.924,1,1,1,0,1
123,1.19,2,2,2,0,1
123,0.851,1,2,1,0,0
123,0.745,2,2,2,0,1
123,0.755,1,1,1,0,1
123,0.904,2,2,2,0,1
123,0.629,0,1,0,0,0
123,0.881,2,0,2,0,0
123,1.093,1,1,1,0,1
123,0.745,0,1,0,0,0
123,0.964,0,0,0,0,1
123,1.033,0,1,0,0,0
123,0.768,0,0,0,0,1
123,0.695,0,2,0,0,0
124,0.995,1,1,1,0,1
124,0.912,0,0,0,0,1
124,0.723,0,2,0,0,0
124,0.607,0,2,0,0,0
124,1.005,2,2,2,0,1
124,1.001,2,2,2,0,1
124,0.674,2,1,2,0,0
124,0.939,2,2,2,0,1
124,0.83,2,2,2,0,1
124,0.749,2,2,2,0,1
124,0.637,1,1,1,0,1
124,0.81,0,0,0,0,1
124,0.875,1,1,1,0,1
124,0.853,2,0,2,0,0
124,0.811,1,0,1,0,0
124,0.973,2,0,2,0,0
124,0.982,1,2,1,0,0
124,0.53,1,1,1,0,1
124,1.225,0,1,0,0,0
124,0.825,1,0,1,0,0
124,0.547,1,2,1,0,0
124,0.979,0,0,0,0,1
124,1.057,0,1,0,0,0
124,0.886,1,2,1,0,0
124,0.835,2,2,2,0,1
124,0.658,2,2,2,0,1
124,0.826,0,2,0,0,0
124,0.78,0,0,0,0,1
124,1.1,2,0,2,0,0
124,1.037,0,1,0,0,0
124,0.924,2,2,2,0,1
124,0.759,1,0,1,0,0
124,0.963,0,2,0,0,0
124,0.95,2,0,2,0,0
124,1.033,0,0,0,0,1
124,1.13,1,2,1,0,0
124,0.809,1,1,1,0,1
124,0.974,2,1,2,0,0
124,0.873,1,1,1,0,1
124,0.75,1,1,1,0,1
124,0.673,2,2,2,0,1
124,0.738,2,2,2,0,1
124,0.604,0,0,0,0,1
124,0.453,0,0,0,0,1
124,0.863,0,0,0,0,1
124,0.943,2,2,2,0,1
124,0.651,2,1,2,0,0
124,0.48,1,1,1,0,1
124,0.735,1,2,1,0,0
124,0.83,0,1,0,0,0
124,0.973,2,2,2,0,1
124,1.022,2,1,2,0,0
124,1.334,1,2,1,0,0
124,1.121,0,2,0,0,0
124,0.719,1,1,1,0,1
124,0.726,1,1,1,0,1
124,1.181,2,1,2,0,0
124,0.689,0,0,0,0,1
124,0.715,2,2,2,0,1
124,0.767,2,2,2,0,1
124,0.812,2,0,2,0,0
124,0.969,0,1,0,0,0
124,0.625,1,0,1,0,0
124,0.611,1,1,1,0,1
124,0.645,0,0,0,0,1
124,0.873,2,1,2,0,0
124,0.558,1,1,1,0,1
124,0.81,0,0,0,0,1
124,0.699,0,1,0,0,0
124,0.781,0,2,0,0,0
124,0.654,1,1,1,0,1
124,0.699,0,0,0,0,1
124,0.736,1,0,1,0,0
124,0.573,1,1,1,0,1
124,0.945,0,2,0,0,0
124,0.918,2,2,2,0,1
124,0.87,1,0,1,0,0
124,0.696,2,2,2,0,1
124,0.809,0,1,0,0,0
124,0.512,0,0,0,0,1
124,1.369,2,0,2,0,0
124,0.688,1,2,1,0,0
124,0.681,1,2,1,0,0
124,0.754,2,0,2,0,0
124,0.606,1,1,1,0,1
124,0.516,0,0,0,0,1
124,0.659,1,0,1,0,0
124,0.907,1,0,1,0,0
124,0.578,1,1,1,0,1
124,0.643,0,0,0,0,1
124,0.785,2,1,2,0,0
124,0.81,0,1,0,0,0
124,0.59,0,0,0,0,1
125,0.919,0,0,0,0,1
125,0.84,2,2,2,0,1
125,1.018,1,0,1,0,0
125,0.79,1,1,1,0,1
125,0.873,0,0,0,0,1
125,0.804,0,0,0,0,1
125,0.866,0,1,0,0,0
125,0.768,0,2,0,0,0
125,0.8,1,0,1,0,0
125,0.731,0,1,0,0,0
125,0.806,1,2,2,0,0
125,0.697,0,1,0,0,0
125,0.715,0,1,0,0,0
125,1.07,2,0,2,0,0
125,0.698,2,2,2,0,1
125,0.804,2,1,2,0,0
125,1.045,1,2,1,0,0
125,0.63,0,0,0,0,1
125,0.635,1,1,1,0,1
125,0.958,1,0,1,0,0
125,0.594,0,1,0,0,0
125,0.646,1,1,1,0,1
125,0.758,0,0,0,0,1
125,0.831,2,2,2,0,1
125,0.563,1,1,1,0,1
125,0.527,1,0,1,0,0
125,0.7,2,2,2,0,1
125,0.818,0,2,0,0,0
125,1.188,2,0,2,0,0
125,0.623,0,1,0,0,0
125,0.618,0,2,0,0,0
125,0.816,2,2,2,0,1
125,0.8,2,0,2,0,0
125,0.747,2,2,2,0,1
125,0.63,0,0,0,0,1
125,0.849,1,2,1,0,0
125,0.619,0,0,0,0,1
125,0.846,2,2,2,0,1
125,0.695,2,1,2,0,0
125,0.726,0,0,0,0,1
125,0.669,2,2,2,0,1
125,0.682,1,1,1,0,1
125,0.589,1,1,1,0,1
125,1.01,2,1,2,0,0
125,1.044,1,0,1,0,0
125,0.519,1,0,1,0,0
125,0.651,2,2,2,0,1
125,0.968,2,0,2,0,0
125,0.635,2,2,2,0,1
125,0.63,0,0,0,0,1
125,0.569,2,2,2,0,1
125,0.703,0,0,0,0,1
125,0.73,2,1,2,0,0
125,0.652,2,2,2,0,1
125,0.592,1,1,1,0,1
125,1.109,0,0,0,0,1
125,0.59,1,1,1,0,1
125,0.569,2,2,2,0,1
125,0.564,1,1,1,0,1
125,0.544,1,1,1,0,1
125,0.752,0,2,0,0,0
125,1.106,1,2,1,0,0
125,0.653,1,1,1,0,1
125,0.986,2,0,2,0,0
125,0.668,1,0,1,0,0
125,0.727,0,1,0,0,0
125,0.754,0,2,0,0,0
125,0.769,1,1,1,0,1
125,0.516,1,1,1,0,1
125,0.807,2,0,2,0,0
125,0.787,0,0,0,0,1
125,0.661,0,0,0,0,1
125,1.133,2,1,2,0,0
125,0.584,1,1,1,0,1
125,0.729,0,0,0,0,1
125,0.695,2,2,2,0,1
125,0.657,0,0,0,0,1
125,0.804,1,1,1,0,1
125,0.929,0,2,0,0,0
125,0.651,1,0,1,0,0
125,0.87,2,1,2,0,0
125,0.643,0,0,0,0,1
125,1.309,2,2,2,0,1
125,0.718,1,1,1,0,1
125,0.65,1,2,1,0,0
125,0.812,0,1,0,0,0
125,0.687,1,2,1,0,0
125,0.624,1,2,1,0,0
125,0.635,1,2,1,0,0
125,0.894,0,2,0,0,0
125,0.866,2,0,2,0,0
125,1.258,2,1,2,0,0
125,1.076,2,0,2,0,0
125,0.712,2,2,2,0,1
125,0.818,0,2,0,0,0
126,0.555,1,1,1,0,1
126,0.665,2,0,2,0,0
126,0.999,2,0,2,0,0
126,0.636,2,1,2,0,0
126,0.482,0,1,0,0,0
126,0.815,2,0,2,0,0
126,0.628,1,1,1,0,1
126,0.402,0,0,0,0,1
126,0.704,1,1,1,0,1
126,0.943,1,0,2,0,0
126,0.64,0,0,0,0,1
126,0.537,0,0,0,0,1
126,0.65,2,0,2,0,0
126,0.63,2,2,2,0,1
126,0.629,1,1,1,0,1
126,0.562,1,1,1,0,1
126,0.702,1,1,1,0,1
126,0.486,0,0,0,0,1
126,0.57,0,1,0,0,0
126,0.712,2,1,2,0,0
126,0.47,2,2,2,0,1
126,0.581,2,1,2,0,0
126,0.522,2,2,2,0,1
126,0.48,2,2,2,0,1
126,0.605,1,0,1,0,0
126,0.638,2,1,2,0,0
126,0.576,1,0,1,0,0
126,0.542,1,1,1,0,1
126,0.364,2,0,2,0,0
126,0.595,1,1,1,0,1
126,0.744,0,2,0,0,0
126,0.685,2,2,2,0,1
126,0.762,1,0,0,0,0
126,0.68,0,2,0,0,0
126,0.688,2,2,2,0,1
126,0.905,0,2,0,0,0
126,0.889,2,1,2,0,0
126,0.597,1,1,1,0,1
126,0.675,2,2,2,0,1
126,0.59,1,2,1,0,0
126,0.579,1,2,1,0,0
126,0.736,2,0,2,0,0
126,0.654,0,1,0,0,0
126,0.845,1,2,1,0,0
126,0.538,0,1,0,0,0
126,0.641,0,1,0,0,0
126,0.727,2,2,2,0,1
126,0.852,1,0,1,0,0
126,0.721,2,1,2,0,0
126,0.925,0,1,0,0,0
126,0.592,0,0,0,0,1
126,0.543,0,0,0,0,1
126,0.765,1,2,1,0,0
126,0.716,1,1,1,0,1
126,0.812,0,0,0,0,1
126,0.945,2,2,2,0,1
126,0.631,0,2,0,0,0
126,0.494,0,0,0,0,1
126,0.461,0,2,0,0,0
126,0.848,1,0,1,0,0
126,0.639,1,2,1,0,0
126,0.815,2,2,2,0,1
126,0.627,0,2,0,0,0
126,0.761,1,1,1,0,1
126,0.887,2,1,2,0,0
126,0.702,2,1,2,0,0
126,0.633,2,2,2,0,1
126,0.783,0,0,0,0,1
126,0.733,1,1,1,0,1
126,0.577,1,1,1,0,1
126,0.654,0,1,0,0,0
126,0.756,2,0,2,0,0
126,0.715,1,0,1,0,0
126,0.645,0,0,0,0,1
126,0.536,0,0,0,0,1
126,0.575,1,1,1,0,1
126,0.692,0,2,0,0,0
126,0.483,0,0,0,0,1
126,0.929,2,2,2,0,1
126,0.575,0,0,0,0,1
126,0.514,0,1,0,0,0
126,0.582,1,1,1,0,1
126,0.595,0,0,0,0,1
126,1.041,1,0,1,0,0
126,0.712,1,2,1,0,0
126,0.455,2,2,2,0,1
126,0.675,2,2,2,0,1
126,0.771,1,2,1,0,0
126,0.58,0,2,0,0,0
126,0.712,2,2,1,0,1
126,0.799,2,0,1,0,0
126,0.686,0,0,0,0,1
126,0.907,1,2,1,0,0
126,0.695,1,1,1,0,1
126,0.677,2,2,2,0,1
126,0.603,0,0,0,0,1
127,0.733,2,2,2,0,1
127,0.637,1,1,1,0,1
127,1.074,2,1,2,0,0
127,0.802,1,2,1,0,0
127,1.342,1,2,1,0,0
127,0.662,0,0,0,0,1
127,0.955,2,1,2,0,0
127,0.653,1,1,1,0,1
127,0.613,1,1,1,0,1
127,1.271,1,0,0,0,0
127,0.711,2,2,2,0,1
127,1.076,2,0,2,0,0
127,0.747,0,2,0,0,0
127,0.591,0,0,0,0,1
127,0.835,1,0,2,0,0
127,1.196,2,1,2,0,0
127,0.803,2,2,2,0,1
127,1.128,2,0,2,0,0
127,1.299,0,1,0,0,0
127,0.852,0,0,0,0,1
127,0.786,2,0,2,0,0
127,1.111,1,0,1,0,0
127,0.631,1,1,1,0,1
127,0.832,2,0,2,0,0
127,1.093,2,1,1,0,0
127,1.012,1,2,1,0,0
127,0.771,0,0,0,0,1
127,0.904,1,1,1,0,1
127,0.603,2,2,2,0,1
127,0.786,2,0,0,0,0
127,0.878,1,1,1,0,1
127,0.928,2,0,2,0,0
127,1.257,2,0,2,0,0
127,1.001,0,0,0,0,1
127,0.737,1,1,1,0,1
127,0.717,0,0,0,0,1
127,0.957,1,1,1,0,1
127,1.097,1,2,1,0,0
127,0.798,0,0,0,0,1
127,1.444,0,1,0,0,0
127,0.951,1,0,1,0,0
127,1.258,1,1,1,0,1
127,1.064,1,2,1,0,0
127,0.698,0,0,0,0,1
127,0.76,2,2,2,0,1
127,0.772,1,1,1,0,1
127,0.852,2,2,2,0,1
127,0.646,0,0,0,0,1
127,1.128,2,1,2,0,0
127,0.792,0,0,0,0,1
127,0.85,1,1,1,0,1
127,0.685,0,0,0,0,1
127,0.888,0,1,0,0,0
127,0.783,0,2,0,0,0
127,1.053,0,2,0,0,0
127,0.773,0,1,0,0,0
127,0.902,2,2,2,0,1
127,0.887,1,0,1,0,0
127,0.685,1,1,1,0,1
127,1.02,1,1,1,0,1
127,0.962,0,0,0,0,1
127,1.027,1,2,1,0,0
127,1.132,1,0,1,0,0
127,0.568,1,1,1,0,1
127,0.975,2,2,2,0,1
127,0.855,0,1,0,0,0
127,0.665,0,0,0,0,1
127,0.777,1,2,1,0,0
127,0.914,1,0,1,0,0
127,0.761,2,2,2,0,1
127,0.799,0,1,0,0,0
127,0.909,2,2,2,0,1
127,0.649,0,0,0,0,1
127,1,2,1,2,0,0
127,0.885,0,1,0,0,0
127,0.905,1,1,1,0,1
127,0.676,0,2,0,0,0
127,0.605,0,0,0,0,1
127,0.656,0,2,0,0,0
127,0.57,0,0,0,0,1
127,0.734,0,2,0,0,0
127,0.767,1,0,1,0,0
127,0.831,2,2,2,0,1
127,0.747,1,2,1,0,0
127,0.983,2,1,2,0,0
127,0.731,2,2,2,0,1
127,0.893,0,2,0,0,0
127,1.255,2,1,2,0,0
127,0.894,1,1,1,0,1
127,1.081,2,2,2,0,1
127,0.714,2,2,2,0,1
127,0.709,2,2,2,0,1
127,0.879,0,1,0,0,0
127,0.717,0,2,0,0,0
127,0.699,2,2,2,0,1
128,0.826,2,1,2,0,0
128,1.147,1,0,1,0,0
128,0.46,0,1,0,0,0
128,0.694,2,2,2,0,1
128,0.786,1,2,1,0,0
128,0.748,0,0,0,0,1
128,0.686,2,2,2,0,1
128,0.964,2,1,2,0,0
128,0.619,1,1,1,0,1
128,0.449,0,0,0,0,1
128,0.793,2,1,2,0,0
128,0.69,2,2,2,0,1
128,1.095,0,0,0,0,1
128,0.617,0,0,0,0,1
128,0.654,2,2,2,0,1
128,1.156,2,2,0,0,1
128,0.993,0,1,0,0,0
128,0.851,1,1,1,0,1
128,0.697,1,1,1,0,1
128,0.904,1,0,1,0,0
128,0.757,0,0,0,0,1
128,0.889,1,1,1,0,1
128,0.732,0,2,0,0,0
128,0.441,1,1,1,0,1
128,0.695,0,1,0,0,0
128,0.612,2,2,2,0,1
128,0.97,1,2,0,0,0
128,0.571,1,1,1,0,1
128,0.614,1,1,1,0,1
128,0.593,0,2,0,0,0
128,0.709,0,0,0,0,1
128,0.737,1,1,1,0,1
128,0.938,1,2,1,0,0
128,0.815,0,2,0,0,0
128,0.64,1,1,1,0,1
128,0.59,2,1,2,0,0
128,1.042,1,2,1,0,0
128,0.667,1,0,1,0,0
128,0.716,0,0,0,0,1
128,0.756,0,2,0,0,0
128,0.81,1,2,2,0,0
128,0.634,0,0,0,0,1
128,0.898,2,0,2,0,0
128,0.842,0,2,0,0,0
128,0.729,1,0,1,0,0
128,0.997,2,0,2,0,0
128,0.658,1,1,1,0,1
128,0.775,2,1,2,0,0
128,0.631,1,0,0,0,0
128,0.603,1,0,1,0,0
128,0.914,2,0,2,0,0
128,0.859,1,0,1,0,0
128,0.731,2,0,2,0,0
128,0.673,2,2,2,0,1
128,0.701,2,2,2,0,1
128,0.979,0,1,0,0,0
128,0.691,2,2,2,0,1
128,0.933,1,2,1,0,0
128,0.878,2,2,2,0,1
128,0.605,0,2,0,0,0
128,0.645,0,1,0,0,0
128,0.616,0,0,0,0,1
128,0.8,2,2,2,0,1
128,1.133,1,1,1,0,1
128,1.014,2,0,2,0,0
128,1.08,0,1,0,0,0
128,0.882,1,1,2,0,1
128,0.574,2,2,2,0,1
128,0.855,2,0,2,0,0
128,0.695,0,1,0,0,0
128,0.998,1,1,1,0,1
128,0.702,1,1,1,0,1
128,0.902,2,0,2,0,0
128,0.76,2,1,2,0,0
128,0.591,0,0,0,0,1
128,1,2,1,2,0,0
128,0.843,2,1,2,0,0
128,0.756,1,2,1,0,0
128,1.035,1,2,1,0,0
128,0.866,0,2,0,0,0
128,1.008,1,0,1,0,0
128,0.899,0,0,0,0,1
128,0.658,0,0,0,0,1
128,0.655,1,1,1,0,1
128,0.71,2,2,2,0,1
128,0.694,0,0,0,0,1
128,1.132,2,2,2,0,1
128,0.685,2,2,2,0,1
128,0.657,2,2,2,0,1
128,1.014,0,0,0,0,1
128,0.755,2,0,2,0,0
128,0.591,0,0,0,0,1
128,0.857,0,1,0,0,0
128,0.701,0,0,0,0,1
129,0.676,1,1,1,0,1
129,0.864,2,1,2,0,0
129,0.786,0,1,0,0,0
129,0.677,0,2,0,0,0
129,0.592,2,2,2,0,1
129,0.466,2,2,2,0,1
129,0.596,2,2,2,0,1
129,1.039,2,0,2,0,0
129,0.688,0,2,0,0,0
129,0.506,0,2,0,0,0
129,0.485,0,0,0,0,1
129,0.583,0,2,0,0,0
129,0.794,2,0,2,0,0
129,0.644,1,1,1,0,1
129,0.496,1,1,1,0,1
129,0.666,0,1,0,0,0
129,0.475,0,0,0,0,1
129,0.645,0,1,0,0,0
129,0.791,1,0,1,0,0
129,0.787,0,1,0,0,0
129,0.78,1,2,1,0,0
129,0.791,2,2,2,0,1
129,0.888,1,2,1,0,0
129,0.554,1,1,1,0,1
129,0.733,0,1,0,0,0
129,1.023,2,2,2,0,1
129,0.578,0,2,0,0,0
129,1.174,2,2,2,0,1
129,0.6,0,2,0,0,0
129,0.731,2,2,2,0,1
129,0.629,2,0,2,0,0
129,0.793,1,2,1,0,0
129,0.587,1,1,1,0,1
129,0.925,1,0,1,0,0
129,0.433,1,1,1,0,1
129,0.596,0,0,0,0,1
129,0.67,1,0,1,0,0
129,0.855,2,2,2,0,1
129,0.554,0,0,0,0,1
129,1.156,2,1,2,0,0
129,0.549,0,0,0,0,1
129,0.595,0,0,0,0,1
129,0.438,0,0,0,0,1
129,0.84,2,0,2,0,0
129,0.636,0,0,0,0,1
129,0.662,0,0,0,0,1
129,0.657,1,1,1,0,1
129,0.571,1,1,1,0,1
129,0.518,1,1,1,0,1
129,0.536,0,0,0,0,1
129,0.691,2,0,2,0,0
129,0.717,1,0,1,0,0
129,0.496,1,1,1,0,1
129,0.739,1,2,1,0,0
129,0.726,0,2,0,0,0
129,0.647,2,2,2,0,1
129,0.555,1,1,1,0,1
129,0.685,2,2,2,0,1
129,0.615,2,1,2,0,0
129,0.721,2,2,2,0,1
129,0.683,1,1,1,0,1
129,0.821,1,0,1,0,0
129,0.583,1,2,1,0,0
129,0.537,1,0,1,0,0
129,0.908,2,0,0,0,0
129,0.535,2,2,2,0,1
129,0.578,0,0,0,0,1
129,0.836,2,2,2,0,1
129,1.047,2,1,2,0,0
129,0.755,1,1,1,0,1
129,1.078,2,1,2,0,0
129,0.52,2,1,2,0,0
129,0.691,0,2,0,0,0
129,0.869,2,0,2,0,0
129,0.624,1,1,1,0,1
129,0.674,1,2,1,0,0
129,1.125,2,1,2,0,0
129,0.552,0,0,0,0,1
129,0.813,2,0,2,0,0
129,0.735,1,0,1,0,0
129,0.618,0,0,0,0,1
129,0.587,0,0,0,0,1
129,0.878,2,2,2,0,1
129,0.768,0,1,0,0,0
129,0.483,0,0,0,0,1
129,0.541,0,1,0,0,0
129,0.6,1,1,1,0,1
129,0.61,2,2,2,0,1
129,0.756,0,1,0,0,0
129,0.568,1,1,1,0,1
129,0.474,0,0,0,0,1
129,0.532,2,2,2,0,1
129,0.583,2,1,2,0,0
129,0.906,1,0,1,0,0
129,0.524,1,2,1,0,0
130,0.67,1,2,1,0,0
130,0.639,0,0,0,0,1
130,0.492,0,0,0,0,1
130,0.758,1,2,1,0,0
130,0.599,0,2,0,0,0
130,0.59,1,1,1,0,1
130,0.766,2,1,2,0,0
130,0.541,2,2,2,0,1
130,0.493,1,1,1,0,1
130,0.601,0,0,0,0,1
130,0.799,2,1,2,0,0
130,0.722,1,0,1,0,0
130,0.693,1,2,1,0,0
130,0.621,2,2,2,0,1
130,0.556,1,1,1,0,1
130,0.61,0,0,0,0,1
130,0.529,1,1,1,0,1
130,0.59,1,2,1,0,0
130,0.63,2,1,2,0,0
130,0.638,1,1,1,0,1
130,0.595,2,2,2,0,1
130,0.616,0,0,0,0,1
130,0.917,1,0,1,0,0
130,0.895,0,2,0,0,0
130,1.121,2,0,2,0,0
130,0.643,2,2,2,0,1
130,0.582,1,1,1,0,1
130,0.517,1,1,1,0,1
130,0.657,0,0,0,0,1
130,0.647,1,0,1,0,0
130,0.616,1,2,1,0,0
130,0.601,0,0,0,0,1
130,0.771,2,1,2,0,0
130,0.958,0,2,0,0,0
130,0.587,0,0,0,0,1
130,0.78,2,0,2,0,0
130,0.929,0,1,0,0,0
130,0.689,2,2,2,0,1
130,0.524,2,2,2,0,1
130,0.618,1,1,1,0,1
130,1.049,2,0,2,0,0
130,1.167,1,2,1,0,0
130,0.742,0,1,0,0,0
130,1.027,0,2,0,0,0
130,0.785,2,2,2,0,1
130,0.715,0,0,0,0,1
130,0.674,1,1,1,0,1
130,0.668,2,2,2,0,1
130,1.091,1,0,1,0,0
130,0.903,0,2,0,0,0
130,0.888,0,2,0,0,0
130,0.775,1,2,1,0,0
130,0.847,1,1,1,0,1
130,0.719,0,0,0,0,1
130,0.692,2,2,2,0,1
130,0.944,2,1,2,0,0
130,0.653,2,2,2,0,1
130,0.814,2,0,2,0,0
130,0.888,0,1,0,0,0
130,0.748,0,1,0,0,0
130,0.826,1,2,1,0,0
130,0.861,0,2,0,0,0
130,0.931,1,0,1,0,0
130,0.7,2,2,2,0,1
130,0.646,2,2,2,0,1
130,0.825,2,0,2,0,0
130,0.719,2,0,2,0,0
130,0.627,2,2,2,0,1
130,0.71,2,1,2,0,0
130,0.78,0,0,0,0,1
130,0.609,0,0,0,0,1
130,0.562,1,1,1,0,1
130,0.685,2,2,2,0,1
130,0.841,0,1,0,0,0
130,0.686,1,1,1,0,1
130,0.852,2,0,2,0,0
130,0.837,1,1,1,0,1
130,0.975,0,1,0,0,0
130,0.846,0,1,0,0,0
130,0.906,0,1,0,0,0
130,0.823,0,0,0,0,1
130,0.747,2,2,2,0,1
130,0.887,2,0,2,0,0
130,0.734,1,0,1,0,0
130,0.602,1,0,1,0,0
130,0.798,2,1,2,0,0
130,0.553,2,2,2,0,1
130,0.999,2,1,2,0,0
130,0.89,0,0,0,0,1
130,0.844,1,1,2,0,1
130,0.776,0,0,0,0,1
130,0.742,0,0,0,0,1
130,1.109,0,2,0,0,0
130,0.537,1,1,1,0,1
130,0.705,1,1,1,0,1
130,0.954,1,0,1,0,0
131,1.02,2,0,2,0,0
131,1.173,1,2,1,0,0
131,0.775,1,1,1,0,1
131,1.047,1,0,1,0,0
131,0.798,2,2,2,0,1
131,0.625,0,0,0,0,1
131,0.905,0,1,0,0,0
131,0.709,0,0,0,0,1
131,1.276,1,2,1,0,0
131,0.656,0,0,0,0,1
131,1.113,0,1,0,0,0
131,0.864,0,2,0,0,0
131,1.241,2,1,2,0,0
131,1.099,2,0,2,0,0
131,0.941,1,0,1,0,0
131,0.774,1,1,1,0,1
131,0.959,1,0,1,0,0
131,0.633,0,0,0,0,1
131,0.788,1,1,1,0,1
131,0.741,2,2,2,0,1
131,0.941,2,0,2,0,0
131,0.831,0,1,0,0,0
131,0.787,1,1,1,0,1
131,1.105,0,1,0,0,0
131,1.131,2,0,2,0,0
131,1.198,1,2,1,0,0
131,1.3,1,2,2,0,0
131,0.717,2,2,2,0,1
131,0.955,2,1,2,0,0
131,0.577,2,2,2,0,1
131,0.816,1,1,1,0,1
131,0.919,0,2,0,0,0
131,0.76,0,0,0,0,1
131,0.623,0,0,0,0,1
131,1.071,0,1,0,0,0
131,1.097,1,0,1,0,0
131,0.831,2,2,2,0,1
131,0.851,0,2,0,0,0
131,0.892,1,1,1,0,1
131,0.582,0,0,0,0,1
131,0.839,2,2,2,0,1
131,0.995,2,1,2,0,0
131,0.725,1,1,1,0,1
131,0.721,2,2,2,0,1
131,0.984,1,0,1,0,0
131,0.816,0,0,0,0,1
131,0.699,0,0,0,0,1
131,0.631,0,0,0,0,1
131,1.173,0,1,0,0,0
131,0.791,1,1,1,0,1
131,0.906,1,0,1,0,0
131,1.075,1,0,1,0,0
131,0.669,1,1,1,0,1
131,0.71,2,2,2,0,1
131,0.722,0,0,0,0,1
131,1.145,1,2,1,0,0
131,0.692,0,0,0,0,1
131,0.656,0,0,0,0,1
131,0.752,1,1,1,0,1
131,0.816,2,2,2,0,1
131,1.23,1,0,1,0,0
131,0.725,1,1,1,0,1
131,1.151,2,1,0,0,0
131,0.97,1,2,1,0,0
131,1.069,2,2,2,0,1
131,0.911,1,1,1,0,1
131,0.569,0,2,0,0,0
131,0.526,2,2,2,0,1
131,0.78,1,1,1,0,1
131,0.949,0,2,0,0,0
131,1.106,1,2,1,0,0
131,0.706,0,0,0,0,1
131,1.02,1,2,1,0,0
131,0.86,2,2,2,0,1
131,0.992,1,1,1,0,1
131,1.104,2,1,1,0,0
131,0.593,0,0,0,0,1
131,0.947,0,2,0,0,0
131,1.086,2,0,2,0,0
131,0.533,2,2,2,0,1
131,0.792,2,0,2,0,0
131,1.035,0,1,0,0,0
131,0.789,1,1,1,0,1
131,0.846,2,2,2,0,1
131,0.537,2,2,2,0,1
131,0.826,0,0,0,0,1
131,1.284,0,2,0,0,0
131,1.208,2,0,0,0,0
131,0.743,2,0,2,0,0
131,1.096,0,2,0,0,0
131,0.752,1,1,1,0,1
131,0.604,2,2,2,0,1
132,0.644,1,0,1,0,0
132,0.592,0,0,0,0,1
132,0.562,0,0,0,0,1
132,0.85,0,1,0,0,0
132,0.548,0,0,0,0,1
132,0.522,2,0,2,0,0
132,0.599,1,1,1,0,1
132,0.391,2,2,2,0,1
132,0.456,2,2,2,0,1
132,0.796,2,0,2,0,0
132,0.655,1,1,1,0,1
132,0.571,2,2,2,0,1
132,1.039,1,0,1,0,0
132,1.12,1,1,1,0,1
132,1.064,2,1,2,0,0
132,1.11,2,0,2,0,0
132,0.728,2,2,2,0,1
132,0.857,0,1,0,0,0
132,0.721,2,1,2,0,0
132,1.179,0,1,0,0,0
132,0.764,2,2,2,0,1
132,0.553,1,1,1,0,1
132,0.665,0,0,0,0,1
132,0.624,1,1,1,0,1
132,0.477,2,2,2,0,1
132,0.796,0,1,0,0,0
132,0.599,0,0,0,0,1
132,0.707,1,2,1,0,0
132,0.614,0,0,0,0,1
132,0.722,2,1,2,0,0
132,0.653,2,2,2,0,1
132,0.809,0,0,0,0,1
132,0.867,2,0,2,0,0
132,0.945,0,1,0,0,0
132,0.872,0,2,0,0,0
132,0.735,1,2,1,0,0
132,0.695,2,2,2,0,1
132,0.795,1,1,1,0,1
132,0.573,0,0,0,0,1
132,0.593,1,1,1,0,1
132,0.731,1,1,1,0,1
132,0.462,2,2,2,0,1
132,0.704,1,0,1,0,0
132,0.49,1,1,1,0,1
132,0.638,0,1,0,0,0
132,0.512,2,0,2,0,0
132,0.735,1,1,1,0,1
132,0.491,2,2,2,0,1
132,0.391,2,2,2,0,1
132,0.532,0,0,0,0,1
132,0.898,1,0,1,0,0
132,0.938,0,2,0,0,0
132,0.756,0,1,0,0,0
132,0.735,1,2,1,0,0
132,0.416,2,2,2,0,1
132,0.492,2,2,2,0,1
132,0.553,0,0,0,0,1
132,0.692,1,2,1,0,0
132,0.652,1,1,1,0,1
132,0.712,1,2,1,0,0
132,0.609,1,2,1,0,0
132,0.893,2,1,2,0,0
132,0.629,1,1,1,0,1
132,0.523,1,1,1,0,1
132,0.634,0,0,0,0,1
132,0.794,2,1,2,0,0
132,0.761,0,2,0,0,0
132,0.834,0,2,0,0,0
132,0.928,2,2,2,0,1
132,0.654,1,2,1,0,0
132,1.121,2,1,2,0,0
132,0.413,2,0,2,0,0
132,0.46,2,0,2,0,0
132,0.567,0,0,0,0,1
132,0.62,2,2,2,0,1
132,0.745,1,1,1,0,1
132,0.818,1,2,1,0,0
132,0.592,0,1,0,0,0
132,0.497,0,0,0,0,1
132,0.503,0,2,0,0,0
132,0.502,1,1,1,0,1
132,0.505,0,0,0,0,1
132,0.691,0,2,0,0,0
132,0.836,1,1,1,0,1
132,0.863,0,2,0,0,0
132,0.471,0,0,0,0,1
132,0.715,1,0,1,0,0
132,0.569,1,0,1,0,0
132,0.569,1,0,1,0,0
132,0.607,2,1,2,0,0
132,0.51,2,2,2,0,1
132,0.779,0,2,0,0,0
132,0.624,2,0,2,0,0
132,0.498,2,1,2,0,0
132,0.593,0,0,0,0,1
133,0.583,2,0,2,0,0
133,0.434,2,2,2,0,1
133,0.359,2,2,2,0,1
133,0.584,1,2,1,0,0
133,0.463,1,1,1,0,1
133,0.342,0,0,0,0,1
133,0.561,0,1,0,0,0
133,0.43,0,0,0,0,1
133,0.583,0,2,0,0,0
133,0.401,0,0,0,0,1
133,0.354,0,0,0,0,1
133,0.572,0,2,0,0,0
133,0.632,1,1,1,0,1
133,0.505,2,2,2,0,1
133,0.523,0,1,0,0,0
133,0.485,0,1,0,0,0
133,0.551,2,2,2,0,1
133,0.604,0,2,0,0,0
133,0.825,2,2,2,0,1
133,0.525,1,0,1,0,0
133,0.454,1,2,1,0,0
133,0.55,1,2,1,0,0
133,0.518,0,0,0,0,1
133,0.631,0,2,0,0,0
133,0.713,2,1,2,0,0
133,0.382,2,2,2,0,1
133,0.693,1,1,1,0,1
133,0.732,2,0,2,0,0
133,0.53,2,2,2,0,1
133,0.443,2,2,2,0,1
133,0.588,1,1,1,0,1
133,0.544,2,2,2,0,1
133,0.474,1,0,1,0,0
133,0.493,1,1,1,0,1
133,0.637,0,2,0,0,0
133,0.632,2,0,2,0,0
133,0.684,2,1,2,0,0
133,0.426,2,1,2,0,0
133,0.561,1,1,1,0,1
133,0.519,1,1,1,0,1
133,0.583,0,1,0,0,0
133,0.531,1,2,1,0,0
133,0.483,1,0,1,0,0
133,0.393,1,2,1,0,0
133,0.434,1,1,1,0,1
133,0.391,1,2,1,0,0
133,0.563,2,1,2,0,0
133,0.674,1,0,1,0,0
133,0.569,2,2,2,0,1
133,0.543,1,1,1,0,1
133,0.583,2,2,2,0,1
133,0.514,1,1,1,0,1
133,0.544,2,1,2,0,0
133,0.513,2,2,2,0,1
133,0.571,0,0,0,0,1
133,0.437,0,0,0,0,1
133,0.681,2,0,2,0,0
133,0.532,0,0,0,0,1
133,0.621,1,1,1,0,1
133,0.482,1,1,1,0,1
133,0.539,2,2,2,0,1
133,0.632,2,0,2,0,0
133,0.534,2,1,2,0,0
133,0.373,1,1,1,0,1
133,0.473,0,2,0,0,0
133,0.451,1,2,1,0,0
133,0.564,0,1,0,0,0
133,0.504,0,1,0,0,0
133,0.644,2,1,2,0,0
133,0.471,2,1,2,0,0
133,0.463,0,0,0,0,1
133,0.642,1,2,1,0,0
133,0.492,0,1,0,0,0
133,0.505,2,0,2,0,0
133,0.514,2,2,2,0,1
133,0.513,0,0,0,0,1
133,0.573,2,0,2,0,0
133,0.56,0,0,0,0,1
133,0.703,1,1,1,0,1
133,0.522,0,0,0,0,1
133,0.473,0,0,0,0,1
133,0.392,0,0,0,0,1
133,0.755,2,0,2,0,0
133,0.505,1,0,1,0,0
133,0.482,0,2,0,0,0
133,0.467,0,1,0,0,0
133,0.605,1,1,1,0,1
133,0.504,0,0,0,0,1
133,0.552,1,0,1,0,0
133,0.543,2,2,2,0,1
133,0.634,1,1,1,0,1
133,0.431,0,0,0,0,1
133,0.512,0,2,0,0,0
133,0.586,1,0,1,0,0
133,0.553,2,2,2,0,1
134,0.76,1,0,1,0,0
134,0.572,0,0,0,0,1
134,0.744,1,0,1,0,0
134,0.817,2,0,2,0,0
134,0.471,2,2,2,0,1
134,0.835,1,2,1,0,0
134,0.802,0,1,0,0,0
134,0.886,1,2,2,0,0
134,0.787,1,0,1,0,0
134,1.218,0,0,0,0,1
134,0.559,1,1,1,0,1
134,0.474,1,1,1,0,1
134,1.265,2,0,2,0,0
134,0.786,0,0,0,0,1
134,0.712,1,0,2,0,0
134,0.612,1,1,1,0,1
134,0.762,0,0,0,0,1
134,0.754,1,1,1,0,1
134,0.77,0,0,0,0,1
134,0.898,2,0,2,0,0
134,0.878,1,1,0,0,1
134,0.904,2,2,2,0,1
134,1.281,2,0,2,0,0
134,0.802,2,1,2,0,0
134,0.694,2,0,2,0,0
134,0.631,2,1,2,0,0
134,0.939,1,1,1,0,1
134,0.674,2,2,2,0,1
134,0.498,1,1,1,0,1
134,0.559,0,0,0,0,1
134,0.889,2,1,2,0,0
134,0.612,0,0,0,0,1
134,1.268,1,1,1,0,1
134,0.732,0,1,0,0,0
134,0.837,0,1,0,0,0
134,1.088,2,2,2,0,1
134,0.698,2,2,2,0,1
134,0.691,0,1,0,0,0
134,0.84,1,1,0,0,1
134,0.932,0,2,0,0,0
134,0.753,1,1,1,0,1
134,0.667,1,2,1,0,0
134,0.806,2,1,2,0,0
134,0.696,0,1,0,0,0
134,0.69,1,1,1,0,1
134,1.37,2,1,2,0,0
134,0.697,0,0,0,0,1
134,1.019,2,0,2,0,0
134,0.686,2,0,2,0,0
134,0.487,2,2,2,0,1
134,0.715,0,2,0,0,0
134,1.306,1,1,1,0,1
134,0.871,0,2,0,0,0
134,0.797,1,1,1,0,1
134,0.621,0,0,0,0,1
134,1.199,1,0,2,0,0
134,0.56,2,2,2,0,1
134,0.733,2,2,2,0,1
134,0.725,0,0,0,0,1
134,0.965,2,2,2,0,1
134,1.036,0,0,0,0,1
134,0.602,0,2,0,0,0
134,1.156,0,0,0,0,1
134,0.587,0,2,0,0,0
134,0.805,1,2,1,0,0
134,1,2,2,2,0,1
134,0.824,0,1,0,0,0
134,0.783,1,2,1,0,0
134,0.593,0,0,0,0,1
134,0.923,2,2,2,0,1
134,0.803,1,2,1,0,0
134,0.637,1,1,1,0,1
134,1.169,2,0,2,0,0
134,0.51,2,2,2,0,1
134,0.798,0,1,0,0,0
134,1.138,1,2,1,0,0
134,0.549,0,0,0,0,1
134,0.981,1,0,1,0,0
134,0.737,2,2,2,0,1
134,0.561,0,2,0,0,0
134,0.498,0,2,0,0,0
134,0.625,1,0,1,0,0
134,0.438,2,2,2,0,1
134,0.611,2,2,2,0,1
134,0.56,0,0,0,0,1
134,0.767,2,1,2,0,0
134,0.905,2,1,0,0,0
134,0.921,1,1,1,0,1
134,0.553,0,2,0,0,0
134,0.851,2,1,2,0,0
134,1.171,1,0,1,0,0
134,0.623,2,2,2,0,1
134,0.571,1,2,1,0,0
134,0.767,0,0,0,0,1
134,0.546,1,1,1,0,1
135,0.932,1,0,1,0,0
135,1.073,2,1,2,0,0
135,1.138,2,1,2,0,0
135,0.503,0,0,0,0,1
135,0.662,0,1,0,0,0
135,0.67,2,2,2,0,1
135,0.634,0,0,0,0,1
135,0.62,0,0,0,0,1
135,0.737,2,2,1,0,1
135,0.661,1,2,1,0,0
135,0.694,2,2,1,0,1
135,0.586,0,0,0,0,1
135,0.832,1,1,1,0,1
135,0.714,0,1,0,0,0
135,0.827,1,2,2,0,0
135,0.979,2,0,2,0,0
135,0.6,2,1,2,0,0
135,0.678,0,0,0,0,1
135,1.253,0,0,0,0,1
135,1.145,1,2,1,0,0
135,0.845,0,1,0,0,0
135,0.509,0,2,0,0,0
135,0.972,2,0,2,0,0
135,0.925,0,1,0,0,0
135,0.577,0,0,0,0,1
135,0.769,2,2,2,0,1
135,1.234,2,1,2,0,0
135,0.609,0,0,0,0,1
135,0.9,2,2,2,0,1
135,0.764,1,1,1,0,1
135,0.722,2,2,2,0,1
135,0.924,2,1,2,0,0
135,0.604,0,2,0,0,0
135,0.719,0,0,0,0,1
135,0.968,1,1,2,0,1
135,0.639,0,0,0,0,1
135,1.015,0,2,0,0,0
135,0.989,2,1,2,0,0
135,0.993,1,1,1,0,1
135,1.087,2,2,2,0,1
135,0.947,1,0,1,0,0
135,1.25,2,0,0,0,0
135,0.652,2,2,2,0,1
135,0.87,0,2,0,0,0
135,1.358,1,1,1,0,1
135,0.65,2,2,2,0,1
135,0.521,0,2,0,0,0
135,1.199,1,0,2,0,0
135,0.686,1,1,1,0,1
135,0.744,2,0,2,0,0
135,0.777,0,1,0,0,0
135,0.832,1,2,1,0,0
135,0.633,2,2,2,0,1
135,1.059,1,2,1,0,0
135,0.637,1,2,1,0,0
135,0.633,1,1,1,0,1
135,0.588,1,1,1,0,1
135,0.588,1,1,1,0,1
135,1.144,2,1,2,0,0
135,0.957,2,2,2,0,1
135,0.982,2,2,2,0,1
135,0.958,1,0,1,0,0
135,1.048,0,1,0,0,0
135,1.498,2,2,2,0,1
135,0.641,2,0,2,0,0
135,0.646,0,1,0,0,0
135,0.459,0,0,0,0,1
135,1.247,1,1,1,0,1
135,0.688,2,2,2,0,1
135,1.074,1,1,2,0,1
135,0.624,1,1,1,0,1
135,0.63,1,1,1,0,1
135,0.691,0,0,0,0,1
135,1.373,1,0,1,0,0
135,0.724,0,2,0,0,0
135,0.958,1,2,1,0,0
135,0.609,0,1,0,0,0
135,0.773,0,0,0,0,1
135,0.9,1,0,1,0,0
135,0.566,0,0,0,0,1
135,0.536,2,2,2,0,1
135,0.849,0,2,0,0,0
135,1.086,1,1,1,0,1
135,0.644,1,1,1,0,1
135,0.615,2,2,2,0,1
135,0.611,0,2,0,0,0
135,0.765,1,0,1,0,0
135,1.305,2,0,2,0,0
135,0.603,2,0,2,0,0
135,0.628,0,0,0,0,1
135,1.114,2,0,1,0,0
135,0.868,1,2,1,0,0
135,0.739,1,1,1,0,1
135,1.18,2,1,2,0,0
135,1.078,1,0,1,0,0
135,0.617,0,0,0,0,1
136,0.984,0,1,0,0,0
136,0.77,0,2,0,0,0
136,0.767,0,1,0,0,0
136,0.907,1,0,1,0,0
136,1.114,1,2,1,0,0
136,0.854,2,2,2,0,1
136,0.706,0,0,0,0,1
136,0.82,2,2,2,0,1
136,0.678,2,1,2,0,0
136,0.874,0,0,0,0,1
136,0.769,1,0,1,0,0
136,0.966,2,0,2,0,0
136,0.904,1,0,1,0,0
136,0.758,0,0,0,0,1
136,1.165,2,2,2,0,1
136,0.896,1,1,1,0,1
136,0.659,0,0,0,0,1
136,1.044,1,0,1,0,0
136,0.834,1,1,1,0,1
136,0.887,0,0,0,0,1
136,1.001,2,2,2,0,1
136,1.077,2,1,2,0,0
136,0.798,0,0,0,0,1
136,0.907,2,0,2,0,0
136,0.746,0,0,0,0,1
136,0.85,2,2,2,0,1
136,0.671,2,2,2,0,1
136,0.673,2,1,2,0,0
136,0.89,0,0,0,0,1
136,0.743,0,1,0,0,0
136,0.938,2,1,2,0,0
136,1.225,1,1,1,0,1
136,0.91,2,2,2,0,1
136,0.763,2,0,2,0,0
136,0.987,0,2,0,0,0
136,0.721,0,1,0,0,0
136,1.114,2,2,2,0,1
136,0.665,0,0,0,0,1
136,0.633,0,0,0,0,1
136,1.015,1,1,1,0,1
136,0.875,0,1,0,0,0
136,0.975,2,2,2,0,1
136,0.82,1,1,1,0,1
136,0.821,1,2,1,0,0
136,0.593,1,1,1,0,1
136,0.515,1,1,1,0,1
136,1.008,0,0,0,0,1
136,1.286,0,2,0,0,0
136,1.104,2,0,2,0,0
136,0.873,1,0,1,0,0
136,1.165,1,1,1,0,1
136,1.051,0,2,0,0,0
136,0.797,2,2,2,0,1
136,1.01,0,2,0,0,0
136,1.308,0,1,0,0,0
136,1.173,2,1,2,0,0
136,1.118,0,0,0,0,1
136,1.22,1,2,1,0,0
136,1.004,1,1,1,0,1
136,0.911,2,2,2,0,1
136,0.75,0,2,0,0,0
136,0.913,1,1,1,0,1
136,0.857,2,2,2,0,1
136,0.989,0,2,0,0,0
136,0.973,2,1,2,0,0
136,0.989,1,0,1,0,0
136,1.137,1,1,1,0,1
136,0.706,1,1,1,0,1
136,1.256,1,2,2,0,0
136,1.433,2,2,2,0,1
136,0.825,0,0,0,0,1
136,0.634,0,0,0,0,1
136,0.663,2,2,2,0,1
136,1.043,1,2,1,0,0
136,1.115,2,1,2,0,0
136,1.5,1,1,2,0,1
136,0.939,2,1,2,0,0
136,1.036,1,0,1,0,0
136,0.934,2,2,2,0,1
136,1.059,2,0,2,0,0
136,0.743,2,2,2,0,1
136,1.081,0,2,0,0,0
136,1.305,1,1,1,0,1
136,1.353,0,0,0,0,1
136,0.815,2,0,2,0,0
136,1.046,0,0,0,0,1
136,1.114,1,2,1,0,0
136,0.688,1,1,1,0,1
136,0.881,0,1,0,0,0
136,0.927,2,0,2,0,0
136,1.13,1,0,1,0,0
136,1.149,1,2,1,0,0
136,0.825,1,1,1,0,1
136,0.803,2,0,2,0,0
137,0.473,0,0,0,0,1
137,0.574,0,0,0,0,1
137,0.707,2,1,2,0,0
137,0.569,2,2,2,0,1
137,0.481,1,2,1,0,0
137,0.583,2,2,2,0,1
137,0.557,0,0,0,0,1
137,0.594,2,1,2,0,0
137,0.615,1,1,1,0,1
137,0.526,0,0,0,0,1
137,0.565,2,1,2,0,0
137,0.667,2,2,2,0,1
137,0.834,0,2,0,0,0
137,0.76,1,2,1,0,0
137,0.831,1,1,1,0,1
137,0.772,1,0,1,0,0
137,1.016,0,2,0,0,0
137,0.828,1,1,1,0,1
137,0.739,1,2,1,0,0
137,0.826,2,0,2,0,0
137,0.48,1,0,1,0,0
137,0.903,2,0,2,0,0
137,0.556,0,0,0,0,1
137,0.722,2,0,2,0,0
137,0.825,0,0,0,0,1
137,0.735,0,1,0,0,0
137,0.551,0,2,0,0,0
137,0.734,2,1,2,0,0
137,0.932,2,0,2,0,0
137,0.635,0,2,0,0,0
137,0.834,1,2,1,0,0
137,0.702,1,1,1,0,1
137,0.627,0,0,0,0,1
137,0.441,0,1,0,0,0
137,0.608,0,0,0,0,1
137,0.695,1,1,1,0,1
137,0.555,0,1,0,0,0
137,0.609,2,2,2,0,1
137,1.028,2,0,0,0,0
137,0.968,0,0,0,0,1
137,0.67,0,1,0,0,0
137,0.437,2,2,2,0,1
137,0.54,2,2,2,0,1
137,0.514,2,0,2,0,0
137,0.472,2,2,2,0,1
137,0.606,1,1,1,0,1
137,0.773,1,1,1,0,1
137,1.02,0,2,0,0,0
137,0.643,2,2,2,0,1
137,0.971,0,2,0,0,0
137,0.561,1,2,1,0,0
137,0.904,1,0,1,0,0
137,0.624,1,0,1,0,0
137,0.615,2,2,2,0,1
137,0.747,1,2,1,0,0
137,0.803,2,2,2,0,1
137,0.682,0,2,0,0,0
137,0.943,0,2,0,0,0
137,0.741,1,2,1,0,0
137,1.1,1,1,1,0,1
137,1.171,0,1,0,0,0
137,0.858,1,0,1,0,0
137,0.626,1,1,1,0,1
137,0.472,1,1,1,0,1
137,0.735,0,1,0,0,0
137,0.758,2,2,2,0,1
137,0.716,0,0,0,0,1
137,0.612,0,0,0,0,1
137,0.55,2,2,2,0,1
137,0.605,2,2,2,0,1
137,0.611,1,2,1,0,0
137,0.504,0,0,0,0,1
137,0.461,0,0,0,0,1
137,0.451,0,1,0,0,0
137,0.619,2,1,2,0,0
137,0.48,1,1,1,0,1
137,0.662,1,0,1,0,0
137,0.541,1,0,1,0,0
137,0.708,2,1,2,0,0
137,0.571,2,1,2,0,0
137,0.466,1,1,2,0,1
137,0.68,0,0,0,0,1
137,0.639,1,1,1,0,1
137,0.725,1,1,1,0,1
137,0.604,2,2,2,0,1
137,0.612,2,0,2,0,0
137,0.603,2,0,2,0,0
137,0.594,2,2,2,0,1
137,0.52,2,1,2,0,0
137,0.704,1,1,1,0,1
137,0.966,0,1,0,0,0
137,0.781,1,1,1,0,1
137,0.644,2,2,2,0,1
138,1.016,0,1,0,0,0
138,0.677,0,0,0,0,1
138,1.101,0,1,0,0,0
138,0.833,2,1,2,0,0
138,0.983,1,0,1,0,0
138,1.022,0,1,0,0,0
138,0.802,0,0,0,0,1
138,0.89,1,1,1,0,1
138,0.569,1,1,1,0,1
138,0.702,2,2,2,0,1
138,0.856,1,1,1,0,1
138,1.327,1,2,1,0,0
138,1.113,0,1,0,0,0
138,1.023,2,2,2,0,1
138,0.888,1,0,1,0,0
138,0.639,0,0,0,0,1
138,0.952,2,0,2,0,0
138,1.057,1,2,1,0,0
138,1.023,2,2,2,0,1
138,1.134,0,1,0,0,0
138,0.538,0,0,0,0,1
138,0.911,2,0,2,0,0
138,0.958,0,0,0,0,1
138,0.618,1,1,1,0,1
138,0.619,2,2,2,0,1
138,0.813,0,2,0,0,0
138,1.264,2,1,2,0,0
138,0.744,0,2,0,0,0
138,0.763,2,2,2,0,1
138,1.5,1,0,1,0,0
138,0.554,1,1,1,0,1
138,0.645,1,1,1,0,1
138,0.702,0,0,0,0,1
138,0.51,0,0,0,0,1
138,0.84,2,1,2,0,0
138,0.947,2,0,2,0,0
138,0.76,0,2,0,0,0
138,1.354,1,1,1,0,1
138,0.703,1,1,1,0,1
138,0.832,0,2,0,0,0
138,0.778,0,0,0,0,1
138,1.007,1,2,1,0,0
138,1.284,2,1,2,0,0
138,0.621,1,1,1,0,1
138,0.63,2,2,2,0,1
138,1.004,1,2,1,0,0
138,1.183,2,1,2,0,0
138,0.463,0,2,0,0,0
138,0.68,2,2,2,0,1
138,1.175,2,0,2,0,0
138,0.434,2,2,2,0,1
138,1.156,2,2,2,0,1
138,1.151,1,0,1,0,0
138,0.812,1,0,1,0,0
138,1.022,0,0,0,0,1
138,0.941,2,2,2,0,1
138,0.912,2,0,2,0,0
138,0.655,2,2,2,0,1
138,1.027,2,1,2,0,0
138,1.011,1,1,1,0,1
138,1.102,2,0,2,0,0
138,1.135,0,0,0,0,1
138,1.052,1,1,1,0,1
138,0.927,0,0,0,0,1
138,0.775,1,1,1,0,1
138,1.097,1,2,1,0,0
138,1.03,0,2,0,0,0
138,0.587,0,0,0,0,1
138,0.964,2,0,2,0,0
138,1.207,0,1,0,0,0
138,0.566,0,2,0,0,0
138,0.633,1,1,1,0,1
138,0.696,0,0,0,0,1
138,1.235,1,0,2,0,0
138,0.87,2,2,2,0,1
138,1.154,2,1,2,0,0
138,0.643,0,0,0,0,1
138,0.863,1,0,2,0,0
138,0.648,0,1,0,0,0
138,0.744,1,1,1,0,1
138,0.858,1,2,1,0,0
138,0.527,1,1,1,0,1
138,0.718,2,2,2,0,1
138,0.67,0,0,0,0,1
138,0.701,0,2,0,0,0
138,0.628,0,1,0,0,0
138,0.494,0,0,0,0,1
138,0.769,2,2,2,0,1
138,0.733,2,2,2,0,1
138,0.77,2,0,2,0,0
138,1.083,1,2,0,0,0
138,0.453,1,1,1,0,1
138,0.672,1,0,1,0,0
138,0.606,2,2,2,0,1
139,0.843,0,0,0,0,1
139,0.776,2,2,2,0,1
139,0.844,1,2,1,0,0
139,0.83,2,1,2,0,0
139,0.61,2,2,2,0,1
139,1.032,1,0,1,0,0
139,1.119,0,0,2,0,1
139,0.784,1,1,1,0,1
139,0.881,0,2,0,0,0
139,0.775,1,1,1,0,1
139,1.128,2,0,2,0,0
139,0.801,0,0,0,0,1
139,0.832,2,2,2,0,1
139,0.686,2,1,2,0,0
139,0.657,2,2,2,0,1
139,0.505,0,2,0,0,0
139,0.702,0,1,0,0,0
139,0.575,2,2,2,0,1
139,0.477,0,0,0,0,1
139,0.608,2,1,2,0,0
139,0.539,1,2,1,0,0
139,1.172,1,1,1,0,1
139,0.5,1,1,1,0,1
139,0.795,0,1,0,0,0
139,0.971,0,2,0,0,0
139,0.954,2,2,2,0,1
139,0.844,1,1,1,0,1
139,0.593,2,2,2,0,1
139,0.608,0,1,0,0,0
139,0.621,2,2,2,0,1
139,0.535,2,2,2,0,1
139,0.827,1,0,1,0,0
139,0.736,1,2,1,0,0
139,0.582,0,2,0,0,0
139,0.717,1,1,1,0,1
139,0.506,0,0,0,0,1
139,0.595,1,1,1,0,1
139,0.62,1,2,1,0,0
139,0.865,0,1,0,0,0
139,0.539,0,0,0,0,1
139,0.578,0,0,0,0,1
139,0.798,2,0,2,0,0
139,0.545,2,0,2,0,0
139,0.672,1,1,1,0,1
139,0.735,0,0,0,0,1
139,0.718,1,1,1,0,1
139,0.662,2,2,2,0,1
139,0.656,0,2,0,0,0
139,0.969,1,1,1,0,1
139,0.787,1,2,1,0,0
139,0.714,2,1,2,0,0
139,0.666,2,1,2,0,0
139,0.595,1,1,1,0,1
139,0.545,2,2,2,0,1
139,0.736,0,2,0,0,0
139,0.647,1,0,2,0,0
139,0.922,1,1,1,0,1
139,0.655,2,1,2,0,0
139,0.597,2,2,2,0,1
139,0.488,2,2,2,0,1
139,0.612,1,1,1,0,1
139,0.608,0,2,0,0,0
139,0.608,0,2,0,0,0
139,0.579,0,0,0,0,1
139,0.844,2,1,2,0,0
139,0.615,2,0,2,0,0
139,0.725,0,0,0,0,1
139,0.654,0,1,0,0,0
139,0.532,0,1,0,0,0
139,0.563,0,0,0,0,1
139,0.957,1,1,1,0,1
139,0.702,1,0,1,0,0
139,0.545,1,1,1,0,1
139,0.61,2,2,2,0,1
139,0.822,2,1,2,0,0
139,0.685,1,2,1,0,0
139,0.701,0,0,0,0,1
139,0.563,0,0,0,0,1
139,0.817,1,0,1,0,0
139,0.655,0,0,0,0,1
139,0.949,1,0,1,0,0
139,0.676,0,0,0,0,1
139,0.922,2,0,2,0,0
139,0.831,1,2,1,0,0
139,0.617,1,1,1,0,1
139,0.813,2,0,2,0,0
139,0.578,2,0,2,0,0
139,0.767,0,1,0,0,0
139,0.603,0,0,0,0,1
139,0.554,1,0,1,0,0
139,0.702,1,2,1,0,0
139,0.823,2,0,2,0,0
139,0.516,2,2,2,0,1
139,0.56,2,2,2,0,1
139,0.781,1,0,1,0,0
140,0.57,0,0,0,0,1
140,0.592,0,0,0,0,1
140,0.846,1,2,1,0,0
140,0.793,2,0,2,0,0
140,0.58,0,0,0,0,1
140,0.83,0,1,0,0,0
140,0.753,1,2,1,0,0
140,0.62,1,1,1,0,1
140,0.639,1,1,1,0,1
140,0.63,0,0,0,0,1
140,0.727,1,2,1,0,0
140,0.72,2,1,2,0,0
140,0.593,1,0,1,0,0
140,0.49,1,1,1,0,1
140,0.533,1,0,1,0,0
140,0.555,0,2,0,0,0
140,0.607,0,0,0,0,1
140,1,2,0,2,0,0
140,0.596,2,2,2,0,1
140,0.599,0,0,0,0,1
140,0.96,2,0,2,0,0
140,0.601,0,0,0,0,1
140,0.81,2,0,2,0,0
140,0.782,0,2,0,0,0
140,0.74,2,1,2,0,0
140,0.586,0,0,0,0,1
140,0.563,0,2,0,0,0
140,0.535,0,0,0,0,1
140,0.636,1,1,1,0,1
140,0.56,2,2,2,0,1
140,0.564,1,1,1,0,1
140,0.587,2,2,2,0,1
140,0.466,1,1,1,0,1
140,0.663,0,2,0,0,0
140,0.682,1,1,1,0,1
140,0.552,0,1,0,0,0
140,0.537,0,2,0,0,0
140,0.64,2,2,2,0,1
140,0.687,2,0,2,0,0
140,0.687,0,1,0,0,0
140,0.667,2,2,2,0,1
140,0.59,2,2,2,0,1
140,0.527,2,1,2,0,0
140,0.55,2,2,2,0,1
140,0.62,0,0,0,0,1
140,0.632,2,1,2,0,0
140,0.524,1,0,1,0,0
140,0.544,0,0,0,0,1
140,0.677,2,2,2,0,1
140,1.047,0,0,0,0,1
140,0.607,2,1,2,0,0
140,0.61,1,1,1,0,1
140,0.623,1,1,1,0,1
140,0.514,1,0,1,0,0
140,0.69,2,1,2,0,0
140,0.793,2,2,2,0,1
140,0.798,1,0,1,0,0
140,0.943,2,0,2,0,0
140,0.98,0,0,0,0,1
140,0.49,1,1,1,0,1
140,0.493,1,1,1,0,1
140,0.58,0,2,0,0,0
140,0.876,2,2,2,0,1
140,0.547,1,1,1,0,1
140,0.77,2,1,2,0,0
140,0.46,1,1,1,0,1
140,0.596,2,2,2,0,1
140,0.683,0,0,0,0,1
140,0.639,1,1,1,0,1
140,0.7,0,0,0,0,1
140,0.506,0,1,0,0,0
140,0.519,0,1,0,0,0
140,0.76,1,2,1,0,0
140,0.64,2,0,2,0,0
140,0.686,2,2,2,0,1
140,0.863,2,2,2,0,1
140,0.88,1,2,1,0,0
140,0.882,0,1,0,0,0
140,1.158,0,0,0,0,1
140,0.51,0,1,0,0,0
140,0.851,1,1,1,0,1
140,0.59,1,2,1,0,0
140,0.466,2,1,2,0,0
140,1.167,1,0,1,0,0
140,0.5,1,1,1,0,1
140,0.59,2,2,2,0,1
140,0.875,1,2,1,0,0
140,0.63,2,2,2,0,1
140,0.7,2,2,1,0,1
140,1.071,2,0,0,0,0
140,1.158,1,0,1,0,0
140,0.927,0,2,0,0,0
140,0.482,0,2,0,0,0
140,0.75,1,0,1,0,0
140,0.496,1,2,1,0,0
140,0.74,0,1,0,0,0
141,0.596,1,1,1,0,1
141,0.546,0,0,0,0,1
141,0.405,2,2,2,0,1
141,0.648,0,1,0,0,0
141,0.52,2,2,2,0,1
141,0.526,2,2,2,0,1
141,0.715,0,0,0,0,1
141,0.801,1,2,1,0,0
141,0.663,0,1,0,0,0
141,0.742,0,2,0,0,0
141,0.819,0,2,0,0,0
141,0.603,2,0,2,0,0
141,0.551,0,0,0,0,1
141,0.624,0,0,0,0,1
141,0.698,0,2,0,0,0
141,0.841,0,1,0,0,0
141,0.754,0,2,0,0,0
141,0.545,2,1,2,0,0
141,0.8,1,2,1,0,0
141,0.616,1,1,1,0,1
141,0.716,0,0,0,0,1
141,0.539,2,2,2,0,1
141,0.58,1,1,1,0,1
141,0.964,2,0,2,0,0
141,0.688,1,0,1,0,0
141,0.763,0,0,0,0,1
141,0.67,1,1,1,0,1
141,0.509,1,1,1,0,1
141,0.711,1,0,1,0,0
141,0.542,2,2,2,0,1
141,0.357,2,2,2,0,1
141,0.773,2,1,2,0,0
141,0.559,2,2,2,0,1
141,0.744,1,1,1,0,1
141,0.634,1,1,1,0,1
141,0.626,2,1,2,0,0
141,0.682,0,1,0,0,0
141,0.627,1,0,1,0,0
141,0.722,1,1,1,0,1
141,0.445,2,2,2,0,1
141,0.522,2,1,2,0,0
141,0.495,2,2,2,0,1
141,0.823,1,2,1,0,0
141,0.634,1,2,1,0,0
141,0.593,0,0,0,0,1
141,0.551,0,0,0,0,1
141,0.567,2,1,2,0,0
141,0.5,2,2,2,0,1
141,0.484,1,1,1,0,1
141,0.641,0,0,0,0,1
141,0.979,2,1,2,0,0
141,0.596,2,0,2,0,0
141,0.42,1,2,1,0,0
141,0.524,1,1,1,0,1
141,0.439,1,1,1,0,1
141,0.535,2,2,2,0,1
141,0.545,2,0,2,0,0
141,0.642,0,2,0,0,0
141,0.527,2,0,2,0,0
141,0.639,1,2,1,0,0
141,0.563,1,1,1,0,1
141,0.559,0,0,0,0,1
141,0.588,0,2,0,0,0
141,0.707,1,0,1,0,0
141,0.917,1,1,1,0,1
141,0.715,0,0,0,0,1
141,0.885,2,2,2,0,1
141,0.714,0,1,0,0,0
141,0.725,0,0,0,0,1
141,0.557,0,0,0,0,1
141,0.464,0,0,0,0,1
141,0.591,0,0,0,0,1
141,0.673,1,0,1,0,0
141,0.487,2,2,2,0,1
141,0.827,0,1,0,0,0
141,0.536,1,1,1,0,1
141,0.513,1,0,1,0,0
141,0.511,2,2,2,0,1
141,0.969,2,1,2,0,0
141,0.507,2,2,2,0,1
141,0.515,0,0,0,0,1
141,0.692,0,1,0,0,0
141,0.556,1,1,1,0,1
141,0.567,2,2,2,0,1
141,0.856,2,0,2,0,0
141,0.865,0,2,0,0,0
141,0.744,0,1,0,0,0
141,0.854,1,2,1,0,0
141,0.842,2,0,2,0,0
141,0.61,2,1,2,0,0
141,0.584,1,1,1,0,1
141,0.783,0,2,0,0,0
141,0.734,1,0,1,0,0
141,0.776,1,2,1,0,0
141,1.031,2,0,2,0,0
142,0.925,2,2,1,0,1
142,0.957,1,1,1,0,1
142,0.634,1,1,1,0,1
142,0.593,0,0,0,0,1
142,0.735,2,0,2,0,0
142,0.821,0,0,0,0,1
142,1.003,0,1,0,0,0
142,0.38,0,0,0,0,1
142,0.439,2,2,2,0,1
142,0.466,2,1,2,0,0
142,0.593,1,1,1,0,1
142,0.393,1,1,1,0,1
142,0.68,2,2,2,0,1
142,1.036,2,0,2,0,0
142,0.433,2,0,2,0,0
142,0.713,0,0,0,0,1
142,0.381,0,1,0,0,0
142,0.644,2,0,2,0,0
142,0.597,1,1,1,0,1
142,0.36,1,0,1,0,0
142,0.645,2,2,2,0,1
142,0.579,0,0,0,0,1
142,0.422,0,2,0,0,0
142,0.916,2,1,1,0,0
142,0.894,1,0,1,0,0
142,0.588,1,0,1,0,0
142,0.662,0,2,0,0,0
142,1.032,2,1,1,0,0
142,0.749,2,2,2,0,1
142,0.396,2,2,2,0,1
142,0.809,1,0,1,0,0
142,0.745,0,1,0,0,0
142,0.636,2,2,2,0,1
142,0.708,1,0,1,0,0
142,0.372,0,1,0,0,0
142,0.73,1,2,1,0,0
142,0.566,0,0,0,0,1
142,0.931,1,2,1,0,0
142,0.421,1,1,1,0,1
142,0.661,0,0,0,0,1
142,0.721,0,2,0,0,0
142,0.459,0,0,0,0,1
142,0.44,2,0,2,0,0
142,0.601,0,0,0,0,1
142,0.82,2,0,2,0,0
142,0.497,1,1,1,0,1
142,0.403,1,1,1,0,1
142,0.68,2,2,2,0,1
142,0.476,2,2,2,0,1
142,0.755,0,1,0,0,0
142,0.455,0,1,0,0,0
142,0.491,0,0,0,0,1
142,0.787,2,2,2,0,1
142,0.384,2,2,2,0,1
142,0.609,0,0,0,0,1
142,0.412,1,2,1,0,0
142,0.397,1,0,1,0,0
142,0.519,0,2,0,0,0
142,0.523,1,1,1,0,1
142,0.582,0,0,0,0,1
142,0.457,2,2,2,0,1
142,0.618,1,1,1,0,1
142,0.702,2,1,2,0,0
142,0.606,1,0,1,0,0
142,0.491,1,2,1,0,0
142,0.48,0,2,0,0,0
142,0.652,2,1,2,0,0
142,0.775,2,2,2,0,1
142,0.445,2,0,2,0,0
142,0.537,2,0,2,0,0
142,0.658,1,2,1,0,0
142,0.449,1,1,1,0,1
142,0.449,1,2,1,0,0
142,0.559,1,1,1,0,1
142,0.624,2,2,2,0,1
142,0.396,0,0,0,0,1
142,0.363,0,2,0,0,0
142,0.891,2,1,2,0,0
142,0.704,2,1,2,0,0
142,0.61,1,2,1,0,0
142,0.362,0,0,0,0,1
142,0.592,1,1,2,0,1
142,0.59,1,1,1,0,1
142,0.431,1,0,1,0,0
142,0.624,0,1,0,0,0
142,0.384,0,0,0,0,1
142,0.737,2,2,2,0,1
142,0.593,0,0,0,0,1
142,0.643,2,1,2,0,0
142,0.674,0,1,0,0,0
142,0.374,1,1,1,0,1
142,0.455,2,2,2,0,1
142,0.62,1,1,1,0,1
142,0.626,0,2,0,0,0
142,0.644,1,2,1,0,0
142,0.541,0,2,0,0,0
143,0.766,2,1,2,0,0
143,0.48,2,2,2,0,1
143,0.689,2,1,2,0,0
143,0.477,2,2,2,0,1
143,0.536,0,0,0,0,1
143,0.724,2,1,2,0,0
143,0.607,0,1,0,0,0
143,0.512,1,1,1,0,1
143,0.634,0,2,0,0,0
143,0.909,2,2,2,0,1
143,0.766,1,1,1,0,1
143,1.17,1,0,0,0,0
143,0.846,2,0,2,0,0
143,0.529,1,2,1,0,0
143,0.765,0,0,0,0,1
143,0.719,0,0,0,0,1
143,0.586,0,2,0,0,0
143,1.155,1,1,1,0,1
143,0.805,0,0,0,0,1
143,0.736,0,0,0,0,1
143,1.084,2,0,2,0,0
143,0.471,2,2,2,0,1
143,0.873,0,2,0,0,0
143,1.117,0,2,0,0,0
143,0.599,0,1,0,0,0
143,0.433,0,1,0,0,0
143,1.17,1,0,1,0,0
143,0.661,2,2,2,0,1
143,0.735,0,0,0,0,1
143,0.928,0,1,0,0,0
143,0.951,0,1,0,0,0
143,0.962,0,1,0,0,0
143,0.918,2,1,2,0,0
143,1.135,1,0,1,0,0
143,0.641,2,2,2,0,1
143,0.893,2,0,2,0,0
143,0.657,1,2,1,0,0
143,0.795,1,2,1,0,0
143,0.63,1,1,1,0,1
143,0.672,2,2,2,0,1
143,0.601,0,0,0,0,1
143,0.61,0,0,0,0,1
143,0.9,1,1,1,0,1
143,1.174,1,0,1,0,0
143,0.561,2,0,2,0,0
143,0.635,1,1,1,0,1
143,0.541,1,2,2,0,0
143,0.633,2,2,2,0,1
143,0.629,2,2,2,0,1
143,0.47,2,0,2,0,0
143,0.568,0,0,0,0,1
143,0.603,0,1,0,0,0
143,0.759,1,2,2,0,0
143,1.289,0,2,0,0,0
143,0.9,1,1,1,0,1
143,0.559,2,2,2,0,1
143,0.874,1,1,1,0,1
143,1.372,2,0,2,0,0
143,0.768,2,2,2,0,1
143,0.603,0,0,0,0,1
143,0.87,2,0,2,0,0
143,0.655,1,1,1,0,1
143,1.074,1,0,1,0,0
143,0.886,0,2,0,0,0
143,0.626,0,0,0,0,1
143,0.892,1,1,1,0,1
143,0.679,0,0,0,0,1
143,0.738,2,2,2,0,1
143,1.117,1,0,1,0,0
143,0.68,2,1,2,0,0
143,0.738,1,1,1,0,1
143,0.581,2,0,2,0,0
143,0.952,1,1,1,0,1
143,0.522,0,0,0,0,1
143,0.636,2,1,2,0,0
143,0.439,2,1,2,0,0
143,0.643,1,0,1,0,0
143,0.551,1,1,1,0,1
143,0.562,2,2,2,0,1
143,0.934,1,2,1,0,0
143,0.56,0,0,0,0,1
143,0.49,0,0,0,0,1
143,0.731,1,1,1,0,1
143,0.798,1,1,1,0,1
143,0.695,2,1,2,0,0
143,1.08,1,2,1,0,0
143,1.154,1,2,1,0,0
143,0.515,0,0,0,0,1
143,0.599,0,2,0,0,0
143,0.611,2,2,2,0,1
143,0.464,2,2,2,0,1
143,1.219,1,0,1,0,0
143,1.101,0,2,0,0,0
143,0.774,0,1,0,0,0
143,0.672,2,2,2,0,1
143,0.825,1,1,1,0,1
144,0.505,1,1,1,0,1
144,1.089,1,2,1,0,0
144,0.547,1,1,1,0,1
144,0.553,2,2,2,0,1
144,0.484,1,1,1,0,1
144,0.384,1,1,1,0,1
144,0.452,0,0,0,0,1
144,0.4,0,2,0,0,0
144,0.54,0,0,0,0,1
144,1.193,1,0,1,0,0
144,0.83,0,0,0,0,1
144,1.203,1,2,1,0,0
144,0.925,2,2,2,0,1
144,0.696,0,0,0,0,1
144,0.76,0,1,0,0,0
144,0.908,2,0,2,0,0
144,0.525,0,0,0,0,1
144,0.771,0,2,0,0,0
144,0.83,1,2,1,0,0
144,0.668,2,2,2,0,1
144,0.859,2,1,2,0,0
144,0.499,1,1,1,0,1
144,0.517,2,1,2,0,0
144,1.007,1,0,1,0,0
144,0.763,1,2,1,0,0
144,0.518,1,1,1,0,1
144,0.59,2,2,2,0,1
144,0.62,2,2,2,0,1
144,1.013,2,1,2,0,0
144,0.647,1,1,1,0,1
144,0.933,2,0,2,0,0
144,0.604,0,0,0,0,1
144,0.567,0,0,0,0,1
144,0.453,0,0,0,0,1
144,0.799,0,1,0,0,0
144,0.739,2,0,2,0,0
144,0.625,1,1,1,0,1
144,0.598,0,1,0,0,0
144,0.599,0,0,0,0,1
144,0.808,2,1,2,0,0
144,0.671,2,0,2,0,0
144,0.523,2,2,2,0,1
144,0.547,2,2,2,0,1
144,0.575,0,1,0,0,0
144,0.599,2,2,2,0,1
144,0.656,1,1,1,0,1
144,0.813,2,0,2,0,0
144,0.889,1,0,1,0,0
144,0.399,1,0,1,0,0
144,0.434,1,0,1,0,0
144,0.537,2,2,2,0,1
144,0.546,2,2,2,0,1
144,0.892,1,0,1,0,0
144,0.691,0,2,0,0,0
144,0.478,1,1,1,0,1
144,0.535,0,0,0,0,1
144,0.617,2,2,2,0,1
144,0.706,2,1,2,0,0
144,0.554,1,1,1,0,1
144,0.685,0,2,0,0,0
144,0.834,1,2,1,0,0
144,0.793,2,1,2,0,0
144,0.511,1,1,1,0,1
144,0.533,0,0,0,0,1
144,0.978,0,1,0,0,0
144,0.633,0,2,0,0,0
144,0.437,0,2,0,0,0
144,0.527,1,1,1,0,1
144,0.609,2,2,2,0,1
144,0.727,0,1,0,0,0
144,0.601,0,2,0,0,0
144,0.756,2,1,2,0,0
144,0.552,1,1,1,0,1
144,0.838,1,2,1,0,0
144,0.746,2,0,2,0,0
144,0.702,1,2,1,0,0
144,0.602,1,2,1,0,0
144,0.584,0,0,0,0,1
144,0.485,1,0,1,0,0
144,0.619,2,2,2,0,1
144,0.559,1,1,1,0,1
144,0.443,1,1,1,0,1
144,0.621,2,2,2,0,1
144,0.647,0,0,0,0,1
144,0.959,2,2,2,0,1
144,0.505,0,0,0,0,1
144,0.612,0,2,0,0,0
144,0.714,0,1,0,0,0
144,0.734,2,0,2,0,0
144,0.386,2,0,2,0,0
144,0.539,0,0,0,0,1
144,0.676,0,0,0,0,1
144,0.879,2,1,2,0,0
144,0.378,2,2,2,0,1
145,0.615,0,0,0,0,1
145,0.908,1,0,1,0,0
145,1.122,2,2,2,0,1
145,0.596,2,2,2,0,1
145,0.579,2,2,2,0,1
145,0.648,0,0,0,0,1
145,0.974,2,1,2,0,0
145,1.04,2,0,0,0,0
145,0.834,1,1,1,0,1
145,0.749,0,0,0,0,1
145,0.838,2,2,2,0,1
145,0.98,0,2,0,0,0
145,0.876,1,1,1,0,1
145,0.624,1,1,1,0,1
145,0.713,1,2,1,0,0
145,0.734,2,0,2,0,0
145,0.704,0,1,0,0,0
145,0.689,0,2,0,0,0
145,0.737,0,1,0,0,0
145,0.912,1,2,1,0,0
145,0.658,1,0,1,0,0
145,0.683,1,1,1,0,1
145,0.781,1,2,1,0,0
145,0.896,0,0,0,0,1
145,0.884,1,1,1,0,1
145,0.882,2,2,2,0,1
145,0.916,0,0,0,0,1
145,0.881,1,1,1,0,1
145,1.041,1,2,1,0,0
145,0.925,1,0,1,0,0
145,0.947,0,0,0,0,1
145,0.906,1,1,1,0,1
145,1.343,2,0,0,0,0
145,0.745,1,0,1,0,0
145,0.857,1,1,1,0,1
145,0.99,0,0,2,0,1
145,0.844,1,1,1,0,1
145,0.938,2,2,2,0,1
145,0.7,2,0,2,0,0
145,1.157,1,2,1,0,0
145,0.934,2,2,2,0,1
145,0.899,2,1,2,0,0
145,0.574,2,1,2,0,0
145,0.877,1,2,1,0,0
145,1.342,0,0,0,0,1
145,0.754,2,2,2,0,1
145,0.762,2,0,2,0,0
145,0.816,1,0,1,0,0
145,0.9,2,0,2,0,0
145,1.062,0,0,0,0,1
145,0.584,0,1,0,0,0
145,0.628,0,1,0,0,0
145,0.569,0,2,0,0,0
145,0.769,0,1,0,0,0
145,0.855,1,1,0,0,1
145,0.908,0,1,0,0,0
145,0.937,1,1,1,0,1
145,0.753,2,2,2,0,1
145,0.926,1,2,1,0,0
145,0.836,2,2,2,0,1
145,1.044,0,0,0,0,1
145,0.706,0,0,0,0,1
145,0.9,0,1,0,0,0
145,0.949,2,1,2,0,0
145,0.557,2,1,2,0,0
145,0.917,0,1,0,0,0
145,1.005,1,1,1,0,1
145,0.587,2,2,2,0,1
145,0.869,2,1,2,0,0
145,0.921,1,2,1,0,0
145,1.009,0,0,0,0,1
145,0.638,0,0,0,0,1
145,0.794,2,2,2,0,1
145,1.031,1,1,1,0,1
145,0.887,2,2,2,0,1
145,0.879,0,2,0,0,0
145,0.89,2,1,2,0,0
145,1.045,0,2,0,0,0
145,1.36,1,0,1,0,0
145,1.227,2,0,2,0,0
145,0.723,1,1,1,0,1
145,1.088,2,2,2,0,1
145,1.307,2,1,2,0,0
145,0.65,2,2,2,0,1
145,1.025,1,0,1,0,0
145,0.733,0,0,0,0,1
145,0.87,0,0,0,0,1
145,0.955,2,2,2,0,1
145,0.535,2,0,2,0,0
145,0.901,0,2,0,0,0
145,0.824,1,1,1,0,1
145,1.24,0,2,0,0,0
145,0.594,1,1,1,0,1
145,0.906,0,0,0,0,1
145,0.919,1,0,1,0,0
146,0.914,1,1,1,0,1
146,0.796,2,0,2,0,0
146,0.612,2,2,2,0,1
146,0.523,0,1,0,0,0
146,0.681,2,0,2,0,0
146,0.624,0,1,0,0,0
146,0.609,1,1,1,0,1
146,0.617,0,0,0,0,1
146,0.592,2,0,2,0,0
146,0.545,0,0,0,0,1
146,0.532,1,2,1,0,0
146,0.679,0,2,2,0,0
146,0.928,2,0,2,0,0
146,0.647,1,1,1,0,1
146,0.459,2,2,2,0,1
146,0.657,1,1,1,0,1
146,0.898,1,2,1,0,0
146,0.483,2,2,2,0,1
146,0.536,0,2,0,0,0
146,0.717,0,2,0,0,0
146,0.77,1,1,1,0,1
146,0.738,0,0,0,0,1
146,0.797,0,2,0,0,0
146,0.626,0,1,0,0,0
146,0.82,2,1,2,0,0
146,0.7,0,1,0,0,0
146,0.534,2,2,2,0,1
146,0.486,0,0,0,0,1
146,0.592,0,0,0,0,1
146,0.578,2,2,2,0,1
146,0.513,0,0,0,0,1
146,0.705,2,1,2,0,0
146,0.768,1,0,1,0,0
146,0.625,1,0,1,0,0
146,0.649,1,1,1,0,1
146,0.588,2,2,2,0,1
146,0.634,0,1,0,0,0
146,0.546,0,0,0,0,1
146,0.481,2,2,2,0,1
146,0.776,1,0,2,0,0
146,0.554,0,0,0,0,1
146,0.616,1,2,1,0,0
146,0.594,0,2,0,0,0
146,0.514,0,0,0,0,1
146,0.677,1,1,1,0,1
146,0.806,2,0,2,0,0
146,0.675,0,0,0,0,1
146,0.78,0,0,0,0,1
146,0.872,1,2,1,0,0
146,0.845,1,1,1,0,1
146,0.618,0,0,0,0,1
146,1.008,2,2,2,0,1
146,0.751,1,1,1,0,1
146,0.693,0,1,0,0,0
146,0.707,2,0,2,0,0
146,0.713,2,2,2,0,1
146,0.895,2,1,2,0,0
146,0.753,2,2,2,0,1
146,0.579,1,1,1,0,1
146,0.682,1,1,1,0,1
146,0.676,1,2,1,0,0
146,0.503,2,2,2,0,1
146,0.571,0,0,0,0,1
146,0.396,2,2,2,0,1
146,0.547,0,0,0,0,1
146,0.496,0,0,0,0,1
146,0.862,2,0,2,0,0
146,0.524,1,1,1,0,1
146,0.64,1,0,1,0,0
146,0.663,2,0,2,0,0
146,0.699,1,1,1,0,1
146,0.576,1,2,2,0,0
146,0.775,0,1,0,0,0
146,0.873,2,1,2,0,0
146,0.745,1,2,1,0,0
146,0.615,2,1,2,0,0
146,0.606,1,0,1,0,0
146,0.69,2,1,2,0,0
146,0.77,1,0,1,0,0
146,0.656,2,1,2,0,0
146,0.609,0,1,0,0,0
146,0.677,2,1,2,0,0
146,0.502,2,2,2,0,1
146,0.666,1,2,1,0,0
146,0.559,1,1,1,0,1
146,0.511,2,2,2,0,1
146,0.584,0,2,0,0,0
146,0.598,0,0,0,0,1
146,0.454,2,2,2,0,1
146,0.851,1,0,1,0,0
146,0.584,2,2,2,0,1
146,0.77,0,2,0,0,0
146,0.596,0,2,0,0,0
146,0.605,1,1,1,0,1
146,0.558,1,1,1,0,1
146,0.894,1,0,1,0,0
147,0.526,2,2,2,0,1
147,0.595,0,2,0,0,0
147,0.476,1,2,1,0,0
147,0.453,2,2,2,0,1
147,0.466,0,0,0,0,1
147,0.782,2,0,2,0,0
147,0.752,2,0,2,0,0
147,0.548,2,2,2,0,1
147,0.444,2,1,2,0,0
147,0.449,1,1,1,0,1
147,0.527,2,2,2,0,1
147,0.465,1,1,1,0,1
147,0.641,1,1,1,0,1
147,0.598,1,0,1,0,0
147,0.625,1,1,1,0,1
147,0.721,0,2,0,0,0
147,0.671,1,0,1,0,0
147,0.5,0,0,0,0,1
147,0.597,1,0,1,0,0
147,0.454,2,2,2,0,1
147,0.514,0,0,0,0,1
147,0.697,2,0,2,0,0
147,0.595,2,2,2,0,1
147,0.887,2,1,2,0,0
147,0.702,2,0,2,0,0
147,0.806,2,1,2,0,0
147,0.544,1,1,1,0,1
147,0.649,0,2,0,0,0
147,0.594,0,0,0,0,1
147,0.604,0,0,0,0,1
147,0.863,1,1,1,0,1
147,0.733,1,0,1,0,0
147,0.623,0,1,2,0,0
147,0.628,0,0,0,0,1
147,0.632,0,2,0,0,0
147,0.544,0,0,0,0,1
147,0.635,0,1,0,0,0
147,0.611,1,1,1,0,1
147,0.527,1,0,1,0,0
147,0.551,0,1,0,0,0
147,0.566,2,2,2,0,1
147,0.632,2,0,0,0,0
147,0.67,1,1,1,0,1
147,0.73,1,2,1,0,0
147,0.559,0,0,0,0,1
147,0.642,2,2,2,0,1
147,0.517,1,1,1,0,1
147,0.755,1,2,1,0,0
147,0.613,1,2,1,0,0
147,0.943,2,2,2,0,1
147,0.806,1,2,1,0,0
147,0.666,2,1,2,0,0
147,0.529,0,0,0,0,1
147,0.656,2,1,2,0,0
147,0.591,0,0,0,0,1
147,0.519,2,2,2,0,1
147,0.638,1,1,1,0,1
147,0.626,0,1,0,0,0
147,0.601,2,2,2,0,1
147,0.577,0,2,0,0,0
147,0.453,1,0,1,0,0
147,0.597,0,0,0,0,1
147,0.459,0,0,0,0,1
147,0.889,2,1,2,0,0
147,0.796,1,2,1,0,0
147,0.561,0,0,0,0,1
147,0.64,1,2,1,0,0
147,0.501,2,2,2,0,1
147,0.59,2,2,2,0,1
147,0.579,0,1,0,0,0
147,0.909,2,0,2,0,0
147,0.469,1,2,1,0,0
147,0.541,1,1,1,0,1
147,0.658,1,0,1,0,0
147,0.425,1,1,1,0,1
147,0.637,0,0,0,0,1
147,0.604,2,1,2,0,0
147,0.652,2,0,2,0,0
147,0.516,2,2,2,0,1
147,0.546,0,2,0,0,0
147,0.679,1,1,1,0,1
147,0.549,2,2,2,0,1
147,0.701,0,1,0,0,0
147,0.941,0,1,0,0,0
147,0.602,1,1,1,0,1
147,0.769,2,1,2,0,0
147,0.514,0,0,0,0,1
147,0.675,0,1,0,0,0
147,0.657,1,1,1,0,1
147,0.43,1,1,1,0,1
147,0.726,1,0,1,0,0
147,0.644,0,0,0,0,1
147,0.634,2,0,2,0,0
147,0.686,2,2,2,0,1
148,0.738,0,0,0,0,1
148,0.586,1,1,1,0,1
148,0.939,1,0,1,0,0
148,0.549,2,2,2,0,1
148,0.461,2,2,2,0,1
148,0.557,0,0,0,0,1
148,1.094,0,1,0,0,0
148,0.597,0,1,0,0,0
148,0.501,0,0,0,0,1
148,0.477,2,2,2,0,1
148,0.68,1,1,1,0,1
148,0.926,2,0,2,0,0
148,0.575,1,1,1,0,1
148,0.808,2,0,2,0,0
148,0.482,1,0,1,0,0
148,0.608,2,1,2,0,0
148,0.801,1,1,1,0,1
148,1.01,1,1,1,0,1
148,0.665,2,2,2,0,1
148,0.4,0,0,0,0,1
148,0.617,2,2,2,0,1
148,0.683,0,0,1,0,1
148,0.619,1,1,1,0,1
148,0.82,0,1,0,0,0
148,0.628,0,0,0,0,1
148,0.623,2,2,2,0,1
148,0.935,1,1,1,0,1
148,0.464,0,1,0,0,0
148,0.432,2,2,2,0,1
148,0.475,0,0,0,0,1
148,0.578,2,1,2,0,0
148,0.859,0,0,0,0,1
148,0.588,0,0,0,0,1
148,0.662,2,1,0,0,0
148,0.685,1,0,1,0,0
148,0.646,2,2,2,0,1
148,0.863,0,2,0,0,0
148,0.544,1,2,1,0,0
148,0.614,2,2,2,0,1
148,0.885,1,0,1,0,0
148,0.477,1,0,1,0,0
148,0.647,2,1,2,0,0
148,0.655,1,1,1,0,1
148,0.687,1,2,1,0,0
148,0.624,2,1,2,0,0
148,0.747,0,0,0,0,1
148,0.672,0,2,0,0,0
148,0.761,2,0,2,0,0
148,0.593,1,2,1,0,0
148,0.524,1,1,1,0,1
148,0.852,0,2,0,0,0
148,1.076,1,2,1,0,0
148,0.406,1,1,1,0,1
148,0.617,2,2,2,0,1
148,0.432,0,0,0,0,1
148,0.593,0,2,0,0,0
148,0.626,0,2,0,0,0
148,0.492,2,2,2,0,1
148,0.738,0,1,0,0,0
148,0.707,1,1,1,0,1
148,0.732,0,1,0,0,0
148,0.676,0,2,0,0,0
148,0.604,2,2,2,0,1
148,0.606,2,2,2,0,1
148,0.599,0,0,0,0,1
148,0.592,1,1,1,0,1
148,0.746,1,2,1,0,0
148,0.457,1,1,1,0,1
148,0.666,1,2,1,0,0
148,0.603,2,2,2,0,1
148,0.589,0,0,0,0,1
148,0.988,0,2,0,0,0
148,0.637,0,1,0,0,0
148,0.598,1,0,1,0,0
148,0.568,1,1,1,0,1
148,0.48,1,0,1,0,0
148,0.649,2,0,2,0,0
148,0.744,2,1,2,0,0
148,0.595,0,0,0,0,1
148,0.57,0,1,0,0,0
148,0.61,1,2,0,0,0
148,0.715,0,0,0,0,1
148,0.541,2,1,2,0,0
148,0.789,1,1,1,0,1
148,0.702,2,0,2,0,0
148,0.494,2,2,2,0,1
148,0.729,1,2,1,0,0
148,1.024,2,1,2,0,0
148,0.841,1,0,1,0,0
148,0.754,2,0,2,0,0
148,0.684,0,2,0,0,0
148,0.459,2,0,2,0,0
148,0.565,0,0,0,0,1
148,0.55,2,0,2,0,0
148,0.52,2,2,2,0,1
149,0.866,2,2,2,0,1
149,0.865,0,1,0,0,0
149,1.003,0,0,0,0,1
149,1.239,2,2,2,0,1
149,1.057,0,1,0,0,0
149,1.1,2,0,2,0,0
149,0.935,2,1,2,0,0
149,0.847,2,2,2,0,1
149,0.963,0,0,0,0,1
149,1.034,0,0,0,0,1
149,0.924,1,1,1,0,1
149,0.795,0,0,0,0,1
149,1.03,0,1,0,0,0
149,1.025,1,1,1,0,1
149,1.1,1,0,1,0,0
149,0.558,1,1,1,0,1
149,1.267,1,0,1,0,0
149,0.995,2,2,2,0,1
149,0.883,1,1,1,0,1
149,1.23,2,0,2,0,0
149,0.974,1,0,1,0,0
149,0.996,2,0,2,0,0
149,0.775,2,2,2,0,1
149,1.425,2,0,2,0,0
149,0.578,2,2,2,0,1
149,0.942,0,0,0,0,1
149,0.808,2,1,2,0,0
149,0.8,0,0,0,0,1
149,0.759,0,0,0,0,1
149,0.83,0,0,0,0,1
149,0.707,0,2,0,0,0
149,0.983,2,2,2,0,1
149,0.761,0,2,0,0,0
149,1.06,1,2,1,0,0
149,0.779,2,2,2,0,1
149,0.978,1,0,1,0,0
149,1.248,0,1,0,0,0
149,0.771,1,1,1,0,1
149,1.101,1,2,1,0,0
149,0.952,2,2,2,0,1
149,1.066,0,1,0,0,0
149,0.851,1,1,1,0,1
149,1.364,2,0,2,0,0
149,1.088,1,2,1,0,0
149,0.819,0,0,0,0,1
149,1.063,2,1,2,0,0
149,0.928,1,2,1,0,0
149,1.443,1,0,1,0,0
149,0.887,1,1,1,0,1
149,1.197,1,2,1,0,0
149,1.181,2,0,2,0,0
149,1.224,1,0,1,0,0
149,0.716,2,2,2,0,1
149,1.216,2,0,2,0,0
149,1.081,0,0,0,0,1
149,0.77,1,2,1,0,0
149,0.956,0,0,0,0,1
149,1.097,0,1,0,0,0
149,0.923,2,2,2,0,1
149,0.865,0,0,0,0,1
149,0.881,2,2,2,0,1
149,1.075,0,2,0,0,0
149,1.254,2,1,2,0,0
149,0.803,0,1,0,0,0
149,0.909,0,0,0,0,1
149,0.949,2,0,2,0,0
149,1.132,0,2,0,0,0
149,0.871,0,0,0,0,1
149,1.07,1,1,1,0,1
149,0.57,1,1,1,0,1
149,1.409,0,0,0,0,1
149,1.133,1,0,1,0,0
149,1.02,2,2,2,0,1
149,1.091,2,1,2,0,0
149,0.838,2,1,2,0,0
149,0.84,1,1,1,0,1
149,1.369,1,0,1,0,0
149,1.123,0,2,0,0,0
149,0.801,1,1,1,0,1
149,0.804,0,0,0,0,1
149,0.996,2,1,2,0,0
149,1.197,0,2,1,0,0
149,0.639,0,1,0,0,0
149,1.059,1,1,1,0,1
149,0.648,1,1,1,0,1
149,0.921,2,2,2,0,1
149,0.902,1,1,1,0,1
149,0.933,2,1,2,0,0
149,1.22,1,2,1,0,0
149,1.185,0,2,0,0,0
149,1.156,1,2,2,0,0
149,0.851,0,2,0,0,0
149,0.839,2,2,2,0,1
1,0.57,0,0,0,1,1
1,0.832,2,0,2,1,0
1,0.762,2,0,2,1,0
1,0.572,0,0,0,1,1
1,0.49,0,0,0,1,1
1,0.479,0,0,0,1,1
1,0.552,0,1,0,1,0
1,0.569,0,2,0,1,0
1,0.822,1,2,1,1,0
1,0.382,2,2,2,1,1
1,0.952,1,2,1,1,0
1,0.582,2,1,2,1,0
1,0.469,2,2,2,1,1
1,0.712,1,1,1,1,1
1,0.72,2,0,2,1,0
1,0.399,0,2,0,1,0
1,0.42,0,0,0,1,1
1,0.58,0,2,0,1,0
1,0.742,1,2,1,1,0
1,0.562,2,2,2,1,1
1,0.44,2,2,2,1,1
1,0.632,1,0,1,1,0
1,0.409,0,0,0,1,1
1,0.792,1,1,1,1,1
1,0.416,2,1,2,1,0
1,0.749,1,2,1,1,0
1,0.462,2,2,2,1,1
1,0.877,1,0,1,1,0
1,0.529,0,1,0,1,0
1,0.651,1,1,1,1,1
1,0.449,2,2,2,1,1
1,0.643,2,0,2,1,0
1,0.605,0,1,0,1,0
1,0.549,0,2,0,1,0
1,0.632,0,1,0,1,0
1,0.641,2,0,2,1,0
1,0.539,0,0,0,1,1
1,0.57,0,0,0,1,1
1,0.619,2,0,2,1,0
1,0.489,2,1,2,1,0
1,0.629,1,1,1,1,1
1,0.612,2,1,2,1,0
1,0.582,0,0,0,1,1
1,0.593,2,2,2,1,1
1,0.452,2,2,2,1,1
1,0.632,1,1,1,1,1
1,0.43,2,1,2,1,0
1,0.402,2,2,2,1,1
1,0.449,2,2,2,1,1
1,0.512,0,0,0,1,1
1,0.672,2,1,2,1,0
1,0.752,1,2,1,1,0
1,0.742,0,1,0,1,0
1,0.62,0,1,0,1,0
1,0.739,1,1,1,1,1
1,0.535,0,0,0,1,1
1,0.779,1,0,1,1,0
1,0.442,0,0,0,1,1
1,0.769,2,1,2,1,0
1,0.51,0,2,0,1,0
1,0.719,1,1,1,1,1
1,0.448,2,2,2,1,1
1,0.721,1,0,1,1,0
1,0.592,0,0,0,1,1
1,0.562,0,0,0,1,1
1,0.639,1,0,1,1,0
1,0.703,2,0,2,1,0
1,0.789,1,1,1,1,1
1,0.61,0,2,0,1,0
1,0.833,1,0,1,1,0
1,0.619,1,1,1,1,1
1,0.622,1,1,1,1,1
1,0.552,0,0,0,1,1
1,0.625,1,0,1,1,0
1,0.692,0,1,0,1,0
1,0.701,1,1,1,1,1
1,0.609,1,1,1,1,1
1,0.43,2,1,2,1,0
1,0.63,2,2,2,1,1
1,0.522,1,1,1,1,1
1,0.622,2,2,2,1,1
1,0.559,2,2,2,1,1
1,0.502,0,1,0,1,0
1,0.502,0,0,0,1,1
1,0.569,1,1,1,1,1
1,0.82,1,2,1,1,0
1,0.639,1,2,1,1,0
1,0.632,0,2,0,1,0
1,0.632,2,2,2,1,1
1,0.719,1,1,1,1,1
1,0.532,2,2,2,1,1
1,0.662,1,2,1,1,0
1,0.552,0,2,0,1,0
1,0.629,2,0,2,1,0
1,0.619,1,1,1,1,1
2,1.124,1,1,1,1,1
2,0.897,2,1,2,1,0
2,0.913,2,1,2,1,0
2,1.083,1,1,1,1,1
2,0.867,1,1,1,1,1
2,0.75,2,2,2,1,1
2,1.102,0,1,0,1,0
2,0.938,0,0,0,1,1
2,1.087,1,0,1,1,0
2,1.044,2,0,2,1,0
2,1.098,1,1,1,1,1
2,0.931,2,2,2,1,1
2,1.005,0,0,0,1,1
2,1.046,2,2,2,1,1
2,1.001,0,2,0,1,0
2,1.011,0,1,0,1,0
2,0.913,2,2,2,1,1
2,1.177,1,2,1,1,0
2,0.991,2,0,2,1,0
2,1.024,1,0,1,1,0
2,0.771,2,2,2,1,1
2,0.892,2,2,2,1,1
2,0.854,2,2,2,1,1
2,1.088,1,2,1,1,0
2,1.125,0,0,0,1,1
2,0.906,0,0,0,1,1
2,0.984,0,0,0,1,1
2,0.847,2,2,2,1,1
2,1.023,0,0,0,1,1
2,1.323,1,0,1,1,0
2,0.698,1,1,1,1,1
2,0.87,1,2,1,1,0
2,0.694,2,1,2,1,0
2,0.881,0,2,0,1,0
2,0.996,2,1,2,1,0
2,0.967,1,1,1,1,1
2,0.934,2,2,2,1,1
2,1.01,1,0,1,1,0
2,0.817,0,1,0,1,0
2,1.364,1,0,1,1,0
2,1.416,0,1,0,1,0
2,1.462,0,2,0,1,0
2,0.825,0,0,0,1,1
2,1.238,1,0,2,1,0
2,1.072,2,2,2,1,1
2,0.921,1,1,1,1,1
2,1.196,1,2,1,1,0
2,0.805,2,2,2,1,1
2,1.236,0,2,0,1,0
2,0.878,0,0,0,1,1
2,1.088,2,1,2,1,0
2,1.103,0,0,1,1,1
2,0.826,2,0,2,1,0
2,1.011,1,1,1,1,1
2,1.173,2,2,2,1,1
2,1.094,1,2,1,1,0
2,1.481,1,1,0,1,1
2,0.738,0,0,0,1,1
2,0.754,0,2,0,1,0
2,1.398,1,2,1,1,0
2,0.872,0,0,0,1,1
2,0.872,2,0,2,1,0
2,0.8,2,0,2,1,0
2,1.212,1,1,1,1,1
2,0.869,1,1,1,1,1
2,1.105,2,0,2,1,0
2,1.25,0,1,0,1,0
2,0.888,0,0,0,1,1
2,1.029,1,1,1,1,1
2,0.833,0,2,0,1,0
2,0.863,2,2,2,1,1
2,0.924,0,0,0,1,1
2,1.264,0,0,2,1,1
2,1.123,0,0,0,1,1
2,0.992,2,1,2,1,0
2,0.825,2,1,2,1,0
2,0.83,0,1,0,1,0
2,1.424,1,2,2,1,0
2,1.046,1,1,0,1,1
2,1.247,1,1,1,1,1
2,1.059,1,2,1,1,0
2,1.323,1,1,1,1,1
2,1.02,2,2,2,1,1
2,0.939,1,1,1,1,1
2,1.1,2,2,2,1,1
2,0.986,2,2,2,1,1
2,0.974,0,1,0,1,0
2,1.298,1,0,1,1,0
3,0.723,0,2,0,1,0
3,0.468,1,1,1,1,1
3,0.494,1,2,1,1,0
3,0.692,0,0,0,1,1
3,0.411,1,1,1,1,1
3,0.788,0,1,0,1,0
3,0.668,2,1,2,1,0
3,0.674,0,2,0,1,0
3,0.854,2,1,2,1,0
3,0.611,1,1,1,1,1
3,0.899,1,0,1,1,0
3,0.602,2,0,2,1,0
3,0.613,2,0,1,1,0
3,0.771,1,0,1,1,0
3,0.483,1,1,1,1,1
3,0.568,2,1,2,1,0
3,0.457,2,2,2,1,1
3,0.574,0,0,0,1,1
3,0.431,1,1,1,1,1
3,0.682,0,2,0,1,0
3,0.589,2,0,2,1,0
3,0.587,2,1,2,1,0
3,0.531,2,0,2,1,0
3,0.627,0,0,0,1,1
3,0.452,2,2,2,1,1
3,0.482,2,2,2,1,1
3,0.523,1,1,1,1,1
3,0.675,2,0,2,1,0
3,0.511,1,1,1,1,1
3,0.6,0,0,0,1,1
3,0.887,0,1,0,1,0
3,0.471,2,2,2,1,1
3,0.409,2,2,2,1,1
3,0.612,0,0,0,1,1
3,0.864,1,0,1,1,0
3,0.672,0,0,0,1,1
3,0.467,2,2,2,1,1
3,0.527,1,1,1,1,1
3,0.5,1,1,1,1,1
3,0.425,1,0,1,1,0
3,0.573,1,0,1,1,0
3,0.563,0,0,0,1,1
3,0.413,2,2,2,1,1
3,0.51,0,0,0,1,1
3,0.715,1,2,1,1,0
3,0.928,0,1,0,1,0
3,0.783,1,2,1,1,0
3,0.433,1,0,1,1,0
3,0.58,2,2,2,1,1
3,0.823,2,2,2,1,1
3,0.821,0,0,0,1,1
3,0.462,2,2,2,1,1
3,0.701,1,2,1,1,0
3,0.499,0,0,0,1,1
3,0.5,1,1,1,1,1
3,0.657,1,0,1,1,0
3,0.861,0,1,0,1,0
3,0.656,0,2,0,1,0
3,0.51,1,1,1,1,1
3,0.739,0,0,0,1,1
3,0.669,2,1,2,1,0
3,0.486,1,1,1,1,1
3,1.124,0,1,0,1,0
3,0.708,1,2,1,1,0
3,0.592,0,0,0,1,1
3,0.537,1,2,1,1,0
3,0.504,1,2,1,1,0
3,0.503,1,1,1,1,1
3,0.398,1,1,1,1,1
3,0.471,2,2,2,1,1
3,0.493,2,2,2,1,1
3,0.52,2,1,2,1,0
3,0.492,2,1,2,1,0
3,0.447,2,2,2,1,1
3,0.49,2,2,2,1,1
3,0.468,1,1,1,1,1
3,0.432,1,1,1,1,1
3,0.622,2,0,2,1,0
3,0.812,0,1,0,1,0
3,0.462,0,0,0,1,1
3,0.524,2,2,2,1,1
3,0.544,2,1,2,1,0
3,0.882,1,2,2,1,0
3,0.574,2,0,2,1,0
3,0.602,0,1,0,1,0
3,0.502,2,2,2,1,1
3,0.62,0,2,0,1,0
3,0.515,0,0,0,1,1
3,0.454,0,0,0,1,1
3,0.498,0,2,0,1,0
3,0.783,0,2,0,1,0
3,0.449,0,0,0,1,1
3,0.718,2,0,2,1,0
3,0.611,0,2,0,1,0
4,0.594,0,0,0,1,1
4,0.45,0,0,0,1,1
4,0.596,1,1,1,1,1
4,0.432,2,2,2,1,1
4,0.857,1,0,1,1,0
4,0.651,2,1,2,1,0
4,0.621,2,0,2,1,0
4,0.462,1,1,1,1,1
4,0.506,0,0,0,1,1
4,0.56,2,1,2,1,0
4,0.603,1,1,1,1,1
4,0.76,0,2,0,1,0
4,0.401,2,2,2,1,1
4,0.573,1,1,1,1,1
4,0.617,0,0,0,1,1
4,0.565,0,0,0,1,1
4,0.783,1,0,1,1,0
4,0.447,2,2,2,1,1
4,1.109,1,2,1,1,0
4,1.144,0,1,0,1,0
4,0.865,2,2,2,1,1
4,0.618,1,1,1,1,1
4,0.639,1,2,1,1,0
4,0.622,0,0,0,1,1
4,0.566,2,2,2,1,1
4,0.496,2,2,2,1,1
4,0.427,2,2,2,1,1
4,0.494,2,0,2,1,0
4,0.437,0,0,1,1,1
4,0.557,2,2,2,1,1
4,0.488,0,2,0,1,0
4,0.623,0,0,0,1,1
4,0.522,0,1,0,1,0
4,0.539,2,2,2,1,1
4,0.73,0,1,0,1,0
4,0.58,2,2,2,1,1
4,0.819,1,1,1,1,1
4,0.547,1,1,1,1,1
4,0.726,2,2,2,1,1
4,0.723,0,0,0,1,1
4,1.04,2,1,2,1,0
4,0.923,0,2,0,1,0
4,0.848,0,0,0,1,1
4,1.179,1,0,2,1,0
4,0.667,2,1,2,1,0
4,0.57,2,1,2,1,0
4,0.596,1,1,1,1,1
4,0.686,0,0,0,1,1
4,0.494,2,2,2,1,1
4,0.759,0,1,0,1,0
4,0.625,0,1,0,1,0
4,0.65,2,0,2,1,0
4,0.446,2,1,2,1,0
4,0.504,1,1,1,1,1
4,0.612,0,0,0,1,1
4,0.723,1,2,1,1,0
4,0.776,0,0,0,1,1
4,0.796,2,0,2,1,0
4,0.754,0,0,0,1,1
4,0.431,0,1,0,1,0
4,0.666,2,0,2,1,0
4,0.614,1,2,1,1,0
4,0.746,1,2,1,1,0
4,0.586,0,0,0,1,1
4,0.563,2,0,2,1,0
4,0.504,2,0,2,1,0
4,0.519,1,1,1,1,1
4,0.702,1,2,1,1,0
4,0.555,0,2,0,1,0
4,0.736,1,0,1,1,0
4,0.439,2,2,2,1,1
4,0.504,1,0,1,1,0
4,0.483,1,1,1,1,1
4,0.6,2,2,2,1,1
4,0.618,1,0,1,1,0
4,0.477,1,0,1,1,0
4,0.793,0,2,0,1,0
4,1.19,0,2,0,1,0
4,0.828,1,1,1,1,1
4,0.663,0,0,0,1,1
4,0.537,1,2,1,1,0
4,0.521,1,1,1,1,1
4,0.587,1,0,1,1,0
4,0.676,0,2,0,1,0
4,0.577,0,1,0,1,0
4,0.661,0,2,0,1,0
4,0.577,2,1,2,1,0
4,1.034,1,2,1,1,0
4,0.657,0,1,0,1,0
4,0.494,1,1,1,1,1
4,0.456,2,2,2,1,1
4,0.547,1,1,1,1,1
4,0.509,2,2,2,1,1
5,0.762,0,1,0,1,0
5,0.763,1,2,1,1,0
5,0.457,0,0,0,1,1
5,0.784,1,1,1,1,1
5,0.663,1,2,1,1,0
5,0.446,0,0,0,1,1
5,0.558,1,1,1,1,1
5,0.791,0,0,0,1,1
5,0.526,2,2,2,1,1
5,0.774,1,1,1,1,1
5,0.598,1,1,1,1,1
5,1.471,1,0,1,1,0
5,0.623,0,0,0,1,1
5,0.758,0,2,0,1,0
5,0.613,2,2,2,1,1
5,1.325,0,0,0,1,1
5,0.582,1,1,1,1,1
5,0.703,1,1,1,1,1
5,0.704,0,2,0,1,0
5,0.728,2,2,2,1,1
5,1.248,0,0,0,1,1
5,1.11,2,1,2,1,0
5,0.687,1,1,1,1,1
5,1.487,2,0,2,1,0
5,0.871,0,2,0,1,0
5,0.684,0,2,0,1,0
5,0.699,0,2,0,1,0
5,0.698,0,0,0,1,1
5,0.761,0,1,0,1,0
5,0.441,2,2,2,1,1
5,0.721,0,0,0,1,1
5,0.863,1,0,1,1,0
5,1.278,2,2,2,1,1
5,1.469,2,1,2,1,0
5,0.658,2,0,2,1,0
5,0.64,0,1,0,1,0
5,0.689,2,2,2,1,1
5,0.665,0,1,0,1,0
5,0.544,2,2,2,1,1
5,0.853,0,2,0,1,0
5,0.749,1,1,2,1,1
5,0.982,0,0,0,1,1
5,0.461,1,1,1,1,1
5,0.55,2,0,2,1,0
5,1.219,1,2,1,1,0
5,0.64,1,2,1,1,0
5,0.535,0,0,0,1,1
5,0.814,1,0,1,1,0
5,0.774,2,0,2,1,0
5,0.595,0,2,0,1,0
5,1.075,1,2,1,1,0
5,0.968,2,0,0,1,0
5,0.453,2,2,2,1,1
5,1.154,1,2,1,1,0
5,0.53,2,2,2,1,1
5,0.4,2,2,2,1,1
5,0.656,2,2,2,1,1
5,0.828,0,0,0,1,1
5,1.115,2,1,2,1,0
5,0.914,2,1,2,1,0
5,0.721,0,0,0,1,1
5,1.431,1,0,1,1,0
5,0.63,0,1,0,1,0
5,0.688,0,0,0,1,1
5,1.044,2,1,2,1,0
5,0.85,1,0,0,1,0
5,0.745,2,2,2,1,1
5,0.775,0,2,0,1,0
5,0.502,0,0,0,1,1
5,0.772,1,1,2,1,1
5,0.877,2,0,2,1,0
5,0.444,0,1,0,1,0
5,0.844,2,0,2,1,0
5,0.84,1,1,1,1,1
5,0.54,2,0,0,1,0
5,0.752,1,0,1,1,0
5,0.864,1,2,2,1,0
5,0.575,1,1,1,1,1
5,0.516,0,0,0,1,1
5,0.64,1,1,1,1,1
5,0.758,0,1,1,1,0
5,0.636,1,1,1,1,1
5,0.756,2,2,2,1,1
5,0.581,0,1,0,1,0
5,0.555,0,0,0,1,1
5,1.052,1,2,2,1,0
5,1.291,1,0,1,1,0
5,1.291,2,1,2,1,0
5,0.586,2,1,2,1,0
5,0.586,2,2,2,1,1
5,1.336,1,1,1,1,1
5,1.014,1,1,1,1,1
5,0.853,2,2,2,1,1
5,1.108,2,2,2,1,1
5,1.484,1,0,0,1,0
6,0.684,1,2,1,1,0
6,0.756,2,1,2,1,0
6,0.726,1,0,2,1,0
6,0.651,1,0,1,1,0
6,0.711,2,1,2,1,0
6,0.633,0,0,0,1,1
6,0.537,1,0,1,1,0
6,0.634,0,0,0,1,1
6,0.585,0,0,0,1,1
6,0.661,0,0,0,1,1
6,0.491,0,0,0,1,1
6,0.611,1,1,1,1,1
6,0.562,2,2,2,1,1
6,0.569,1,1,1,1,1
6,0.688,0,2,0,1,0
6,0.723,0,2,0,1,0
6,0.597,2,2,2,1,1
6,0.76,1,2,1,1,0
6,0.558,0,0,0,1,1
6,1.019,0,1,0,1,0
6,0.573,2,2,2,1,1
6,0.622,0,0,0,1,1
6,0.768,2,0,2,1,0
6,0.735,2,2,2,1,1
6,0.641,2,2,2,1,1
6,0.683,1,2,1,1,0
6,0.73,2,0,2,1,0
6,0.685,0,1,0,1,0
6,0.768,0,0,0,1,1
6,0.58,2,0,2,1,0
6,0.596,0,0,0,1,1
6,0.549,0,0,0,1,1
6,0.521,2,2,2,1,1
6,0.518,0,0,0,1,1
6,0.705,0,2,2,1,0
6,0.647,1,1,1,1,1
6,0.847,0,1,0,1,0
6,0.653,2,0,2,1,0
6,0.701,1,0,1,1,0
6,0.729,2,1,2,1,0
6,0.661,0,0,0,1,1
6,0.587,2,2,2,1,1
6,0.57,2,2,2,1,1
6,0.904,0,1,0,1,0
6,0.971,1,1,1,1,1
6,0.625,1,0,1,1,0
6,1.012,1,2,2,1,0
6,0.699,0,1,0,1,0
6,0.819,1,2,1,1,0
6,0.682,2,2,2,1,1
6,0.693,2,2,2,1,1
6,0.572,2,2,2,1,1
6,0.623,0,0,0,1,1
6,0.571,0,0,0,1,1
6,0.675,2,2,2,1,1
6,0.852,2,1,2,1,0
6,0.561,1,1,1,1,1
6,0.536,1,1,1,1,1
6,0.5,1,1,1,1,1
6,0.608,2,0,2,1,0
6,0.563,1,1,1,1,1
6,0.587,0,2,0,1,0
6,0.601,1,1,1,1,1
6,0.701,2,0,2,1,0
6,0.638,1,1,1,1,1
6,0.654,2,1,2,1,0
6,0.597,1,1,1,1,1
6,0.558,2,2,2,1,1
6,0.747,1,0,1,1,0
6,0.548,1,1,1,1,1
6,0.49,2,2,2,1,1
6,0.718,0,2,0,1,0
6,0.704,1,2,1,1,0
6,0.739,0,2,0,1,0
6,0.566,0,0,0,1,1
6,0.798,0,1,0,1,0
6,0.789,1,2,1,1,0
6,0.62,2,1,2,1,0
6,0.81,0,1,0,1,0
6,0.661,2,1,2,1,0
6,0.54,1,1,1,1,1
6,0.677,1,0,1,1,0
6,0.87,1,1,1,1,1
6,0.711,2,0,2,1,0
6,0.757,0,2,0,1,0
6,0.822,0,2,0,1,0
6,0.61,2,2,2,1,1
6,0.447,2,2,2,1,1
6,0.666,1,0,1,1,0
6,0.652,1,2,1,1,0
6,0.653,2,1,2,1,0
6,0.537,0,0,0,1,1
6,0.556,2,0,2,1,0
6,0.614,1,1,1,1,1
6,0.448,1,1,1,1,1
7,1.014,0,1,0,1,0
7,0.8,1,1,1,1,1
7,0.541,0,0,0,1,1
7,0.752,2,0,2,1,0
7,0.505,0,0,0,1,1
7,0.744,2,2,2,1,1
7,0.826,2,0,2,1,0
7,0.708,0,2,0,1,0
7,0.784,0,0,0,1,1
7,0.812,1,1,1,1,1
7,0.691,0,1,0,1,0
7,0.785,1,0,0,1,0
7,0.731,2,2,2,1,1
7,0.893,0,1,0,1,0
7,0.825,2,1,2,1,0
7,0.739,0,2,0,1,0
7,0.597,2,2,2,1,1
7,0.665,0,0,0,1,1
7,0.738,2,2,0,1,1
7,0.739,1,0,1,1,0
7,0.697,1,1,1,1,1
7,0.789,2,1,2,1,0
7,0.85,2,2,2,1,1
7,0.741,2,2,2,1,1
7,0.643,0,0,0,1,1
7,0.774,2,2,2,1,1
7,0.9,0,0,0,1,1
7,0.739,2,2,2,1,1
7,0.657,2,0,0,1,0
7,0.769,1,2,1,1,0
7,0.716,0,1,0,1,0
7,0.886,1,0,1,1,0
7,0.71,1,1,2,1,1
7,0.548,1,1,1,1,1
7,0.638,0,0,0,1,1
7,0.68,2,0,2,1,0
7,0.938,1,2,0,1,0
7,0.722,1,0,0,1,0
7,0.784,0,0,0,1,1
7,0.778,1,1,1,1,1
7,0.601,0,0,0,1,1
7,0.602,2,0,2,1,0
7,0.728,2,2,2,1,1
7,0.831,2,1,2,1,0
7,0.818,1,1,1,1,1
7,0.493,1,1,1,1,1
7,1.015,1,2,1,1,0
7,0.647,0,0,0,1,1
7,0.905,1,0,1,1,0
7,0.789,2,1,2,1,0
7,0.766,1,0,1,1,0
7,0.698,2,2,2,1,1
7,0.845,1,1,1,1,1
7,0.655,0,1,0,1,0
7,0.64,1,1,1,1,1
7,0.996,1,2,1,1,0
7,0.703,0,1,0,1,0
7,0.637,1,1,1,1,1
7,0.616,0,0,0,1,1
7,0.714,1,1,1,1,1
7,0.748,2,0,2,1,0
7,0.607,0,0,0,1,1
7,0.817,0,2,0,1,0
7,0.696,2,2,2,1,1
7,0.902,0,2,0,1,0
7,0.606,2,2,2,1,1
7,0.736,0,2,0,1,0
7,0.837,2,1,2,1,0
7,0.607,1,1,1,1,1
7,0.72,2,2,2,1,1
7,0.926,2,1,2,1,0
7,0.916,1,2,1,1,0
7,0.835,1,2,1,1,0
7,0.805,1,2,2,1,0
7,0.93,1,0,1,1,0
7,0.66,1,2,1,1,0
7,0.703,0,2,0,1,0
7,0.997,1,0,1,1,0
7,0.765,0,0,0,1,1
7,0.75,2,1,2,1,0
7,0.754,2,2,2,1,1
7,0.635,1,1,1,1,1
7,0.871,2,2,2,1,1
7,0.662,0,0,0,1,1
7,0.898,2,0,2,1,0
7,0.922,0,1,0,1,0
7,0.504,0,0,0,1,1
7,0.714,2,0,2,1,0
7,0.694,0,1,0,1,0
7,0.656,0,0,0,1,1
7,0.78,0,2,0,1,0
7,0.596,1,1,1,1,1
7,0.792,2,2,2,1,1
7,0.704,0,2,0,1,0
7,0.618,1,1,1,1,1
8,0.689,1,1,1,1,1
8,0.602,1,2,1,1,0
8,0.56,1,1,1,1,1
8,0.781,2,2,2,1,1
8,0.663,0,0,0,1,1
8,0.863,2,1,2,1,0
8,0.537,2,2,2,1,1
8,0.557,2,0,2,1,0
8,0.441,2,2,2,1,1
8,1.092,0,2,0,1,0
8,0.63,0,1,0,1,0
8,0.829,1,1,1,1,1
8,0.76,2,0,2,1,0
8,0.779,0,2,0,1,0
8,0.69,0,0,0,1,1
8,0.814,0,0,0,1,1
8,0.775,0,2,0,1,0
8,0.699,1,2,2,1,0
8,1.311,2,0,2,1,0
8,0.98,1,0,1,1,0
8,0.711,1,0,1,1,0
8,0.932,2,0,2,1,0
8,1.088,1,0,1,1,0
8,0.564,1,1,1,1,1
8,1.049,0,0,0,1,1
8,1.172,0,0,1,1,1
8,1.099,1,2,1,1,0
8,0.925,0,0,0,1,1
8,0.808,2,0,2,1,0
8,0.836,0,2,0,1,0
8,0.977,2,1,2,1,0
8,0.986,0,2,0,1,0
8,0.967,2,0,2,1,0
8,0.914,1,1,1,1,1
8,0.73,0,1,0,1,0
8,0.669,2,2,2,1,1
8,0.593,2,2,2,1,1
8,0.717,2,1,2,1,0
8,0.771,1,1,1,1,1
8,0.687,0,1,0,1,0
8,0.658,0,0,0,1,1
8,1.165,2,2,1,1,1
8,0.818,0,0,0,1,1
8,1.37,1,2,1,1,0
8,0.959,0,0,0,1,1
8,0.987,2,2,2,1,1
8,0.757,0,0,0,1,1
8,0.584,0,1,0,1,0
8,0.548,0,1,0,1,0
8,1.299,2,1,2,1,0
8,0.573,2,2,2,1,1
8,1.012,0,2,0,1,0
8,1.296,2,1,2,1,0
8,0.95,1,1,1,1,1
8,0.688,1,1,1,1,1
8,0.612,0,0,0,1,1
8,0.573,1,1,1,1,1
8,1.108,1,0,1,1,0
8,0.527,1,1,1,1,1
8,1.002,1,2,1,1,0
8,0.696,0,0,0,1,1
8,0.607,0,0,0,1,1
8,0.626,0,1,0,1,0
8,0.956,2,2,2,1,1
8,0.538,2,2,2,1,1
8,0.643,1,0,1,1,0
8,0.933,0,1,0,1,0
8,1.132,2,1,2,1,0
8,0.785,0,1,0,1,0
8,0.831,0,0,0,1,1
8,1.026,2,0,2,1,0
8,0.866,1,1,1,1,1
8,0.92,2,2,2,1,1
8,0.559,2,2,2,1,1
8,1.216,0,2,0,1,0
8,0.693,1,1,1,1,1
8,1.23,2,0,2,1,0
8,0.986,1,1,1,1,1
8,0.927,2,1,2,1,0
8,0.879,1,2,1,1,0
8,0.962,1,0,1,1,0
8,0.856,0,2,0,1,0
8,0.738,2,2,2,1,1
8,0.688,2,2,2,1,1
8,0.843,1,1,1,1,1
8,0.723,0,0,0,1,1
8,1.057,1,0,1,1,0
8,0.589,1,0,1,1,0
8,1.15,2,1,2,1,0
8,0.68,2,2,2,1,1
8,0.847,1,2,1,1,0
8,0.785,1,1,1,1,1
8,0.779,0,0,0,1,1
8,0.764,1,1,1,1,1
8,0.973,2,2,2,1,1
8,0.84,1,2,1,1,0
9,0.612,0,0,0,1,1
9,1.101,1,0,1,1,0
9,0.964,2,1,2,1,0
9,0.942,0,2,0,1,0
9,0.822,1,2,1,1,0
9,0.845,0,0,0,1,1
9,0.862,1,1,1,1,1
9,0.647,2,2,2,1,1
9,0.544,2,2,2,1,1
9,0.613,0,0,0,1,1
9,0.821,2,2,1,1,1
9,0.629,2,1,2,1,0
9,0.466,2,2,2,1,1
9,0.712,0,1,0,1,0
9,0.608,2,2,2,1,1
9,0.641,0,0,0,1,1
9,0.756,2,2,2,1,1
9,0.696,0,0,0,1,1
9,0.591,0,1,0,1,0
9,0.522,0,0,0,1,1
9,0.784,2,0,2,1,0
9,1.058,1,0,1,1,0
9,0.881,1,2,1,1,0
9,0.588,1,0,1,1,0
9,0.795,2,2,2,1,1
9,1.208,2,1,2,1,0
9,0.868,0,1,0,1,0
9,0.583,2,2,2,1,1
9,0.899,1,0,1,1,0
9,0.647,2,2,2,1,1
9,0.85,1,1,1,1,1
9,0.61,2,2,2,1,1
9,0.759,1,2,1,1,0
9,0.562,0,0,0,1,1
9,0.688,1,0,1,1,0
9,0.625,0,0,0,1,1
9,0.726,1,1,1,1,1
9,0.525,1,1,1,1,1
9,0.533,0,0,2,1,1
9,0.805,1,2,1,1,0
9,0.833,1,1,1,1,1
9,0.68,1,1,1,1,1
9,1.006,0,2,0,1,0
9,0.605,1,0,1,1,0
9,0.747,1,2,1,1,0
9,0.589,1,1,1,1,1
9,1.228,0,0,0,1,1
9,0.52,0,1,0,1,0
9,0.873,2,2,2,1,1
9,0.47,2,0,2,1,0
9,0.456,2,2,2,1,1
9,0.719,0,0,0,1,1
9,0.666,2,2,2,1,1
9,0.464,2,1,2,1,0
9,0.528,1,1,1,1,1
9,0.749,2,2,2,1,1
9,0.544,0,1,0,1,0
9,0.508,0,0,0,1,1
9,0.95,2,0,2,1,0
9,0.623,0,2,0,1,0
9,0.623,2,0,2,1,0
9,0.71,0,1,0,1,0
9,0.568,1,2,2,1,0
9,1.036,2,0,2,1,0
9,0.718,1,1,1,1,1
9,0.822,1,1,1,1,1
9,0.448,1,1,1,1,1
9,0.686,2,1,2,1,0
9,0.633,1,1,1,1,1
9,0.946,0,1,0,1,0
9,0.585,1,1,1,1,1
9,0.575,2,1,2,1,0
9,0.544,2,2,2,1,1
9,0.664,2,0,2,1,0
9,0.52,2,1,2,1,0
9,0.606,0,0,0,1,1
9,0.488,1,1,1,1,1
9,1.186,0,2,2,1,0
9,0.475,0,0,0,1,1
9,0.516,0,2,0,1,0
9,0.646,1,2,1,1,0
9,0.512,1,1,1,1,1
9,0.694,2,0,2,1,0
9,0.537,2,0,2,1,0
9,0.535,2,2,2,1,1
9,0.721,0,2,0,1,0
9,0.681,1,1,1,1,1
9,0.602,1,2,1,1,0
9,0.645,0,1,0,1,0
9,0.533,0,2,0,1,0
9,0.749,1,0,1,1,0
9,0.605,2,1,2,1,0
9,1.09,0,0,0,1,1
9,0.47,0,0,0,1,1
10,0.695,1,1,1,1,1
10,0.492,1,2,1,1,0
10,0.432,1,2,1,1,0
10,0.625,0,1,0,1,0
10,0.593,0,1,0,1,0
10,0.612,2,1,2,1,0
10,0.846,1,2,1,1,0
10,0.466,1,1,1,1,1
10,0.471,0,0,0,1,1
10,0.572,0,1,0,1,0
10,0.68,2,2,1,1,1
10,0.944,2,2,2,1,1
10,0.783,2,2,2,1,1
10,0.48,2,2,2,1,1
10,0.523,1,1,1,1,1
10,1.005,0,0,0,1,1
10,0.648,2,2,2,1,1
10,0.728,0,2,0,1,0
10,0.698,2,2,2,1,1
10,0.582,2,0,2,1,0
10,0.518,1,2,1,1,0
10,0.613,1,1,1,1,1
10,0.676,2,0,2,1,0
10,0.451,0,0,0,1,1
10,0.523,0,1,0,1,0
10,0.381,0,0,0,1,1
10,0.374,0,0,0,1,1
10,0.73,1,0,1,1,0
10,0.515,0,0,0,1,1
10,0.39,0,1,0,1,0
10,0.611,1,2,1,1,0
10,0.423,1,1,1,1,1
10,0.441,0,0,0,1,1
10,0.443,2,2,2,1,1
10,0.408,2,2,2,1,1
10,0.444,0,0,0,1,1
10,0.742,2,1,2,1,0
10,0.556,1,1,1,1,1
10,0.54,2,2,2,1,1
10,0.57,2,1,2,1,0
10,0.769,0,0,0,1,1
10,0.876,2,2,2,1,1
10,0.529,1,1,1,1,1
10,0.745,1,0,1,1,0
10,0.486,1,1,1,1,1
10,0.44,1,0,1,1,0
10,0.789,0,2,0,1,0
10,0.677,1,1,1,1,1
10,0.635,0,1,0,1,0
10,0.508,2,2,2,1,1
10,0.498,2,1,2,1,0
10,0.732,1,0,1,1,0
10,0.958,0,0,0,1,1
10,0.851,1,1,1,1,1
10,0.654,2,2,2,1,1
10,0.596,1,0,1,1,0
10,0.877,1,0,1,1,0
10,0.696,2,1,2,1,0
10,0.803,2,0,2,1,0
10,0.631,0,0,0,1,1
10,0.792,1,1,1,1,1
10,0.517,0,0,0,1,1
10,0.88,1,2,1,1,0
10,0.526,1,1,1,1,1
10,0.989,0,0,0,1,1
10,0.892,0,2,0,1,0
10,0.619,1,1,1,1,1
10,0.751,1,2,1,1,0
10,0.791,0,0,0,1,1
10,0.657,2,2,2,1,1
10,0.514,2,2,2,1,1
10,0.454,2,2,2,1,1
10,0.391,1,1,1,1,1
10,0.457,2,0,0,1,0
10,0.616,1,0,1,1,0
10,0.569,0,0,0,1,1
10,0.714,1,2,1,1,0
10,0.713,2,0,2,1,0
10,0.469,2,0,2,1,0
10,0.402,2,0,2,1,0
10,0.561,1,1,1,1,1
10,0.507,1,1,1,1,1
10,0.612,0,0,0,1,1
10,0.637,0,2,0,1,0
10,0.47,0,2,0,1,0
10,0.668,1,0,1,1,0
10,0.809,0,1,0,1,0
10,0.445,0,2,0,1,0
10,0.593,2,0,2,1,0
10,0.434,2,1,2,1,0
10,0.448,2,1,2,1,0
10,0.626,0,2,0,1,0
10,1.032,2,1,2,1,0
10,0.365,2,2,2,1,1
10,0.584,0,1,0,1,0
10,0.379,0,2,0,1,0
11,0.573,2,2,2,1,1
11,0.852,1,0,1,1,0
11,0.637,2,2,0,1,1
11,0.713,0,1,0,1,0
11,0.665,0,2,0,1,0
11,0.82,0,1,0,1,0
11,0.789,1,0,2,1,0
11,1.198,0,2,0,1,0
11,0.906,2,1,2,1,0
11,0.703,0,0,0,1,1
11,0.842,1,1,1,1,1
11,0.67,0,0,0,1,1
11,0.704,2,2,2,1,1
11,0.677,0,0,0,1,1
11,0.582,0,0,0,1,1
11,0.593,1,2,1,1,0
11,0.636,0,2,0,1,0
11,0.506,1,2,1,1,0
11,0.584,0,1,0,1,0
11,0.842,2,2,2,1,1
11,0.756,1,1,1,1,1
11,0.804,1,1,1,1,1
11,0.699,0,2,0,1,0
11,0.683,2,0,2,1,0
11,0.582,1,1,1,1,1
11,0.687,0,0,0,1,1
11,0.526,1,0,1,1,0
11,0.734,2,2,2,1,1
11,0.625,0,0,0,1,1
11,0.547,0,2,0,1,0
11,0.612,2,2,2,1,1
11,0.484,0,2,0,1,0
11,0.559,2,0,2,1,0
11,0.8,2,1,2,1,0
11,0.692,1,0,1,1,0
11,0.763,2,2,2,1,1
11,0.613,0,0,0,1,1
11,0.903,2,2,2,1,1
11,0.837,0,1,0,1,0
11,0.929,0,1,0,1,0
11,0.668,0,0,0,1,1
11,0.904,1,0,1,1,0
11,0.623,2,2,2,1,1
11,0.613,0,2,0,1,0
11,0.508,0,0,0,1,1
11,0.693,2,0,2,1,0
11,0.563,2,2,2,1,1
11,0.602,0,0,0,1,1
11,0.696,1,1,1,1,1
11,0.741,1,0,1,1,0
11,0.949,2,0,2,1,0
11,0.695,1,0,1,1,0
11,0.872,2,1,2,1,0
11,0.746,1,1,1,1,1
11,0.683,2,2,2,1,1
11,0.799,1,2,1,1,0
11,0.621,0,1,0,1,0
11,0.789,1,2,1,1,0
11,0.87,2,1,2,1,0
11,0.675,2,2,2,1,1
11,0.808,1,0,1,1,0
11,0.694,0,0,0,1,1
11,0.806,1,2,1,1,0
11,0.732,0,0,0,1,1
11,0.805,2,0,2,1,0
11,0.783,2,1,2,1,0
11,0.744,2,1,2,1,0
11,0.893,1,2,1,1,0
11,1.211,0,2,0,1,0
11,0.654,0,1,0,1,0
11,1.145,2,0,2,1,0
11,0.531,1,1,1,1,1
11,0.509,2,2,2,1,1
11,0.532,0,0,0,1,1
11,0.825,1,1,1,1,1
11,0.728,1,1,1,1,1
11,0.523,0,0,0,1,1
11,0.908,1,1,2,1,1
11,1.059,1,1,1,1,1
11,0.59,0,0,0,1,1
11,0.73,1,1,1,1,1
11,0.649,1,1,1,1,1
11,0.626,1,2,1,1,0
11,0.563,1,1,1,1,1
11,0.727,0,1,0,1,0
11,0.983,2,1,2,1,0
11,0.552,2,2,2,1,1
11,0.651,1,2,1,1,0
11,0.636,1,1,1,1,1
11,0.825,2,0,2,1,0
11,0.7,2,0,2,1,0
11,0.699,2,1,2,1,0
11,0.666,2,2,2,1,1
12,0.744,0,1,0,1,0
12,0.557,0,0,0,1,1
12,1.216,1,2,1,1,0
12,0.654,2,1,2,1,0
12,0.547,0,0,0,1,1
12,0.585,2,0,2,1,0
12,0.518,1,1,1,1,1
12,0.518,2,2,2,1,1
12,1.073,1,2,1,1,0
12,0.525,1,1,1,1,1
12,0.755,0,2,0,1,0
12,0.584,0,2,0,1,0
12,0.581,0,0,0,1,1
12,0.515,0,2,0,1,0
12,0.634,0,1,0,1,0
12,1.213,2,2,2,1,1
12,0.914,0,1,0,1,0
12,0.855,2,2,2,1,1
12,0.415,1,1,1,1,1
12,0.708,2,1,2,1,0
12,0.57,0,0,0,1,1
12,0.47,1,0,1,1,0
12,0.42,2,0,2,1,0
12,0.617,1,1,1,1,1
12,0.71,0,0,0,1,1
12,0.644,0,0,0,1,1
12,0.61,2,2,2,1,1
12,0.55,1,0,1,1,0
12,0.819,2,1,2,1,0
12,0.537,2,2,2,1,1
12,0.656,0,2,0,1,0
12,0.628,2,2,2,1,1
12,0.482,2,0,2,1,0
12,0.545,2,0,2,1,0
12,0.543,0,2,0,1,0
12,0.979,2,1,2,1,0
12,0.506,2,2,2,1,1
12,0.415,1,1,1,1,1
12,0.73,1,2,1,1,0
12,0.532,1,1,1,1,1
12,0.614,1,1,1,1,1
12,0.763,2,2,2,1,1
12,0.672,1,1,1,1,1
12,1.044,1,0,1,1,0
12,0.737,2,1,2,1,0
12,0.622,0,0,0,1,1
12,1.043,1,2,1,1,0
12,0.599,1,0,1,1,0
12,0.565,0,1,0,1,0
12,0.547,2,2,2,1,1
12,0.587,0,0,0,1,1
12,1.032,2,1,2,1,0
12,0.821,1,2,1,1,0
12,0.547,0,0,0,1,1
12,0.681,0,1,0,1,0
12,0.733,2,0,2,1,0
12,0.737,0,2,0,1,0
12,0.663,1,0,1,1,0
12,0.614,0,1,0,1,0
12,0.722,2,0,2,1,0
12,0.543,1,1,1,1,1
12,0.854,0,2,0,1,0
12,0.533,2,0,2,1,0
12,0.658,1,0,1,1,0
12,0.712,2,2,2,1,1
12,0.63,2,2,2,1,1
12,0.756,1,2,1,1,0
12,0.601,0,0,0,1,1
12,1.006,1,2,1,1,0
12,0.467,2,2,2,1,1
12,0.736,2,0,2,1,0
12,0.541,1,1,1,1,1
12,0.465,0,0,0,1,1
12,0.448,0,0,0,1,1
12,0.55,0,0,0,1,1
12,0.484,0,0,0,1,1
12,0.643,1,1,1,1,1
12,0.615,1,1,1,1,1
12,1.131,0,1,0,1,0
12,0.719,1,1,1,1,1
12,0.59,2,1,2,1,0
12,1.034,1,0,1,1,0
12,0.704,0,2,0,1,0
12,0.67,1,1,1,1,1
12,0.652,0,0,0,1,1
12,0.867,2,2,2,1,1
12,0.546,2,2,2,1,1
12,0.623,2,2,2,1,1
12,0.63,1,0,1,1,0
12,0.81,1,2,1,1,0
12,1.104,2,1,2,1,0
12,0.598,2,2,2,1,1
12,0.547,0,1,0,1,0
12,0.663,1,1,1,1,1
12,0.622,0,0,0,1,1
12,0.644,1,1,1,1,1
13,0.922,1,1,1,1,1
13,0.56,0,0,0,1,1
13,0.439,2,2,2,1,1
13,0.436,1,2,1,1,0
13,0.444,1,0,1,1,0
13,0.663,2,1,0,1,0
13,0.872,0,0,0,1,1
13,0.567,2,2,2,1,1
13,0.57,0,0,0,1,1
13,0.624,2,0,2,1,0
13,0.362,1,0,1,1,0
13,0.489,1,2,1,1,0
13,0.459,1,1,1,1,1
13,0.61,0,0,0,1,1
13,0.463,2,0,2,1,0
13,0.447,1,1,1,1,1
13,0.607,0,1,0,1,0
13,0.601,2,0,2,1,0
13,1.004,1,2,1,1,0
13,0.756,2,2,2,1,1
13,0.495,1,1,1,1,1
13,0.579,1,1,1,1,1
13,0.52,1,1,1,1,1
13,0.774,2,2,2,1,1
13,0.473,0,1,0,1,0
13,0.609,0,1,0,1,0
13,0.509,0,0,0,1,1
13,0.605,2,0,2,1,0
13,0.599,1,2,0,1,0
13,0.871,0,1,0,1,0
13,0.894,2,1,2,1,0
13,0.725,2,2,2,1,1
13,0.688,1,1,1,1,1
13,0.429,1,0,1,1,0
13,0.67,2,2,2,1,1
13,0.777,1,0,1,1,0
13,0.728,2,1,2,1,0
13,0.598,2,0,2,1,0
13,0.354,0,1,0,1,0
13,0.625,1,1,1,1,1
13,0.515,2,2,2,1,1
13,0.742,0,0,0,1,1
13,0.667,1,1,1,1,1
13,0.506,0,0,0,1,1
13,0.749,1,0,1,1,0
13,0.582,0,0,0,1,1
13,0.844,2,1,2,1,0
13,0.666,0,0,0,1,1
13,0.866,2,1,2,1,0
13,0.884,1,0,1,1,0
13,0.505,1,1,1,1,1
13,0.668,0,2,0,1,0
13,0.488,1,1,1,1,1
13,0.586,0,0,0,1,1
13,0.561,0,2,0,1,0
13,0.425,2,2,2,1,1
13,0.38,2,2,2,1,1
13,0.406,2,1,2,1,0
13,0.512,2,1,2,1,0
13,0.605,0,2,0,1,0
13,0.649,1,1,1,1,1
13,0.659,0,2,0,1,0
13,0.57,1,1,1,1,1
13,0.541,0,0,0,1,1
13,0.678,0,1,0,1,0
13,0.562,2,2,2,1,1
13,0.539,1,2,0,1,0
13,0.734,0,2,0,1,0
13,0.481,0,0,0,1,1
13,0.517,0,0,0,1,1
13,0.644,1,1,1,1,1
13,0.762,0,2,0,1,0
13,0.621,1,0,1,1,0
13,0.399,2,2,2,1,1
13,0.442,2,2,2,1,1
13,0.516,2,2,2,1,1
13,0.466,2,0,2,1,0
13,0.416,2,0,2,1,0
13,0.724,0,0,0,1,1
13,0.435,0,1,0,1,0
13,0.436,0,0,0,1,1
13,0.405,0,1,0,1,0
13,0.696,2,0,2,1,0
13,0.543,1,2,1,1,0
13,0.423,1,0,1,1,0
13,0.498,1,1,1,1,1
13,0.669,2,1,2,1,0
13,0.544,0,0,0,1,1
13,0.71,2,2,2,1,1
13,0.433,2,2,2,1,1
13,0.395,2,2,2,1,1
13,0.535,1,1,1,1,1
13,0.476,0,2,0,1,0
13,0.492,0,2,0,1,0
13,0.798,1,2,1,1,0
14,1.062,1,0,1,1,0
14,0.734,0,0,0,1,1
14,0.764,2,2,2,1,1
14,0.721,0,0,0,1,1
14,0.756,2,2,2,1,1
14,0.83,0,0,0,1,1
14,0.599,0,0,0,1,1
14,1.092,2,0,2,1,0
14,0.782,1,1,1,1,1
14,1.291,1,0,1,1,0
14,0.745,2,2,2,1,1
14,1.119,1,2,1,1,0
14,1.155,2,2,2,1,1
14,0.852,0,1,0,1,0
14,0.85,1,1,1,1,1
14,0.661,1,1,1,1,1
14,0.984,2,0,2,1,0
14,0.691,1,2,1,1,0
14,0.932,2,0,2,1,0
14,0.643,2,2,2,1,1
14,0.63,2,2,2,1,1
14,1.281,1,2,1,1,0
14,0.679,0,0,0,1,1
14,0.524,1,1,1,1,1
14,0.777,2,0,2,1,0
14,1.229,0,2,0,1,0
14,1.269,1,2,1,1,0
14,0.728,0,0,0,1,1
14,0.872,1,0,1,1,0
14,0.923,0,2,0,1,0
14,0.638,0,0,0,1,1
14,0.648,2,1,2,1,0
14,0.834,1,1,1,1,1
14,0.893,0,1,0,1,0
14,0.618,0,0,0,1,1
14,0.708,0,2,0,1,0
14,0.678,1,1,1,1,1
14,0.73,2,2,2,1,1
14,1.054,2,1,1,1,0
14,1.285,2,1,2,1,0
14,0.697,0,1,0,1,0
14,1.018,2,2,2,1,1
14,0.612,0,0,0,1,1
14,0.998,2,0,2,1,0
14,0.809,1,0,1,1,0
14,0.616,0,0,0,1,1
14,0.613,2,2,2,1,1
14,0.655,0,0,0,1,1
14,0.768,1,1,1,1,1
14,0.649,2,2,2,1,1
14,0.697,2,2,2,1,1
14,0.664,1,2,1,1,0
14,0.679,2,2,2,1,1
14,0.637,0,1,0,1,0
14,1.011,2,1,2,1,0
14,0.52,1,1,1,1,1
14,0.878,0,1,0,1,0
14,0.6,0,0,0,1,1
14,0.975,0,1,0,1,0
14,0.848,1,1,1,1,1
14,0.7,1,1,1,1,1
14,0.605,1,1,1,1,1
14,0.918,2,1,2,1,0
14,0.772,0,0,0,1,1
14,0.968,2,1,2,1,0
14,0.819,1,0,1,1,0
14,0.623,0,1,0,1,0
14,0.903,0,2,0,1,0
14,0.767,0,2,0,1,0
14,0.541,0,2,0,1,0
14,0.908,1,2,1,1,0
14,0.699,1,0,1,1,0
14,0.506,2,2,2,1,1
14,0.596,1,0,0,1,0
14,0.539,1,1,1,1,1
14,0.649,1,0,1,1,0
14,1.381,1,2,1,1,0
14,0.636,1,1,1,1,1
14,0.642,0,0,0,1,1
14,0.824,0,2,0,1,0
14,1.061,2,1,2,1,0
14,0.695,0,0,0,1,1
14,0.653,2,2,2,1,1
14,0.833,0,1,0,1,0
14,0.929,1,1,1,1,1
14,0.783,2,2,2,1,1
14,0.949,2,0,0,1,0
14,0.877,1,1,1,1,1
14,1.02,2,1,2,1,0
14,0.847,1,1,1,1,1
14,0.926,2,0,2,1,0
14,0.699,0,0,0,1,1
14,0.666,2,2,2,1,1
15,1.322,1,2,2,1,0
15,0.731,0,1,0,1,0
15,0.714,1,2,2,1,0
15,0.483,1,0,1,1,0
15,0.554,2,0,2,1,0
15,0.451,2,2,2,1,1
15,0.924,2,2,2,1,1
15,0.608,0,1,0,1,0
15,0.862,1,0,2,1,0
15,0.631,2,0,2,1,0
15,0.77,0,2,0,1,0
15,0.569,0,2,0,1,0
15,0.85,2,0,2,1,0
15,1.165,2,2,0,1,1
15,0.756,1,1,1,1,1
15,1.188,1,1,2,1,1
15,0.501,1,1,1,1,1
15,0.63,0,2,0,1,0
15,0.701,0,1,0,1,0
15,1.213,1,1,1,1,1
15,0.773,0,2,0,1,0
15,0.695,1,1,1,1,1
15,0.63,0,0,0,1,1
15,0.799,2,2,2,1,1
15,1.216,1,1,2,1,1
15,0.471,0,0,0,1,1
15,1.008,1,0,1,1,0
15,0.729,2,2,2,1,1
15,0.955,1,1,1,1,1
15,0.563,0,0,0,1,1
15,0.835,2,1,2,1,0
15,0.515,0,0,0,1,1
15,0.663,0,0,0,1,1
15,0.933,2,0,2,1,0
15,0.638,0,0,0,1,1
15,0.711,2,0,2,1,0
15,0.57,2,2,2,1,1
15,0.64,0,1,0,1,0
15,0.663,2,0,2,1,0
15,0.572,0,0,0,1,1
15,0.772,2,1,2,1,0
15,0.515,0,0,0,1,1
15,1.122,1,1,1,1,1
15,0.835,1,1,1,1,1
15,0.573,0,0,0,1,1
15,1.036,0,2,0,1,0
15,0.653,0,1,0,1,0
15,1,2,2,2,1,1
15,0.519,0,0,0,1,1
15,0.6,0,0,0,1,1
15,0.897,0,2,0,1,0
15,1.036,2,0,2,1,0
15,0.523,0,1,0,1,0
15,1.164,1,0,1,1,0
15,0.509,0,1,0,1,0
15,0.788,1,2,1,1,0
15,0.931,2,1,2,1,0
15,0.987,1,1,1,1,1
15,1.214,1,0,1,1,0
15,0.477,2,2,2,1,1
15,0.437,0,2,0,1,0
15,0.598,0,0,0,1,1
15,0.497,2,1,2,1,0
15,0.56,2,2,2,1,1
15,0.376,1,0,1,1,0
15,0.536,1,0,1,1,0
15,0.706,2,2,2,1,1
15,0.378,1,2,1,1,0
15,0.595,1,1,1,1,1
15,0.563,2,0,2,1,0
15,0.622,2,2,2,1,1
15,0.563,0,1,0,1,0
15,0.69,1,1,1,1,1
15,0.659,2,2,2,1,1
15,0.662,1,1,1,1,1
15,0.885,2,1,2,1,0
15,0.534,0,0,0,1,1
15,0.711,1,0,1,1,0
15,0.569,2,2,2,1,1
15,0.873,2,2,2,1,1
15,1.002,1,2,1,1,0
15,0.812,0,0,0,1,1
15,0.971,1,1,1,1,1
15,0.956,2,1,2,1,0
15,0.941,0,0,0,1,1
15,0.72,2,1,2,1,0
15,0.463,0,0,0,1,1
15,0.384,1,2,1,1,0
15,0.521,1,1,1,1,1
15,0.531,2,2,2,1,1
15,0.49,2,2,2,1,1
15,0.852,1,1,1,1,1
15,0.838,1,2,1,1,0
15,0.677,0,2,0,1,0
15,0.861,2,1,2,1,0
15,0.95,1,2,1,1,0
16,0.551,0,0,0,1,1
16,0.631,2,2,2,1,1
16,0.631,0,1,0,1,0
16,0.426,1,1,1,1,1
16,0.468,1,2,1,1,0
16,0.462,1,0,1,1,0
16,0.649,0,1,0,1,0
16,0.557,2,0,2,1,0
16,0.699,1,1,1,1,1
16,0.552,2,2,2,1,1
16,0.628,1,1,1,1,1
16,0.566,0,0,0,1,1
16,0.5,0,2,0,1,0
16,0.76,1,2,1,1,0
16,0.783,2,1,2,1,0
16,0.743,1,2,1,1,0
16,0.514,1,1,1,1,1
16,0.584,2,2,2,1,1
16,0.485,2,2,2,1,1
16,0.557,1,1,1,1,1
16,0.607,0,0,0,1,1
16,0.713,1,2,1,1,0
16,0.533,1,1,1,1,1
16,0.603,1,1,1,1,1
16,0.806,2,1,0,1,0
16,0.899,1,2,1,1,0
16,0.639,0,0,0,1,1
16,0.69,1,2,1,1,0
16,0.652,0,0,0,1,1
16,0.65,0,1,0,1,0
16,0.613,1,1,1,1,1
16,0.505,0,0,0,1,1
16,0.621,2,2,2,1,1
16,0.727,1,1,1,1,1
16,0.885,0,2,0,1,0
16,0.713,2,1,2,1,0
16,0.859,2,0,2,1,0
16,0.709,0,0,0,1,1
16,0.672,1,1,1,1,1
16,0.594,2,1,2,1,0
16,0.563,0,0,0,1,1
16,0.527,0,0,0,1,1
16,0.634,1,0,1,1,0
16,0.452,1,1,1,1,1
16,0.536,2,1,2,1,0
16,0.563,0,1,0,1,0
16,0.546,2,1,2,1,0
16,0.546,1,2,1,1,0
16,0.661,2,2,2,1,1
16,0.648,1,1,1,1,1
16,0.578,1,2,1,1,0
16,0.596,1,1,1,1,1
16,0.577,1,1,1,1,1
16,0.521,0,0,0,1,1
16,0.648,1,1,1,1,1
16,0.603,0,1,0,1,0
16,0.671,2,0,2,1,0
16,0.569,2,0,2,1,0
16,0.565,2,2,2,1,1
16,0.664,0,0,0,1,1
16,0.739,0,2,0,1,0
16,0.565,0,0,0,1,1
16,0.857,2,2,2,1,1
16,0.773,1,0,1,1,0
16,0.569,2,2,2,1,1
16,0.447,2,2,2,1,1
16,0.626,0,0,0,1,1
16,0.613,1,0,1,1,0
16,0.672,2,2,2,1,1
16,0.798,1,0,1,1,0
16,0.637,2,2,2,1,1
16,0.618,0,0,0,1,1
16,0.533,0,2,0,1,0
16,0.637,2,0,1,1,0
16,0.501,2,2,2,1,1
16,0.448,2,1,2,1,0
16,0.481,2,1,2,1,0
16,0.76,0,0,0,1,1
16,0.734,2,0,2,1,0
16,0.434,2,2,2,1,1
16,0.507,2,0,2,1,0
16,0.628,0,0,0,1,1
16,0.691,0,2,0,1,0
16,0.678,2,0,2,1,0
16,0.618,1,0,1,1,0
16,0.575,2,2,2,1,1
16,0.767,1,0,1,1,0
16,0.613,2,2,2,1,1
16,0.623,0,2,0,1,0
16,0.579,0,1,0,1,0
16,0.533,0,2,0,1,0
16,0.657,1,0,1,1,0
16,0.725,0,2,0,1,0
16,0.616,1,1,1,1,1
17,0.911,0,1,0,1,0
17,0.722,2,2,2,1,1
17,0.717,2,2,2,1,1
17,0.633,1,1,1,1,1
17,0.666,0,1,1,1,0
17,0.836,0,2,0,1,0
17,0.76,1,1,1,1,1
17,0.846,2,1,2,1,0
17,0.83,1,2,1,1,0
17,0.719,2,1,2,1,0
17,0.838,1,1,1,1,1
17,0.536,2,2,2,1,1
17,0.626,2,0,2,1,0
17,0.814,1,2,0,1,0
17,0.833,1,0,1,1,0
17,0.923,0,0,0,1,1
17,0.752,0,1,0,1,0
17,0.66,0,2,0,1,0
17,0.864,2,1,2,1,0
17,0.629,1,1,1,1,1
17,0.521,1,0,1,1,0
17,0.753,0,0,0,1,1
17,1.187,1,2,1,1,0
17,0.549,2,0,2,1,0
17,0.729,1,2,1,1,0
17,0.622,2,0,2,1,0
17,0.639,0,0,0,1,1
17,0.644,1,1,1,1,1
17,0.592,0,0,0,1,1
17,0.516,0,2,0,1,0
17,0.606,1,1,1,1,1
17,0.514,2,2,2,1,1
17,0.492,2,2,2,1,1
17,0.856,1,0,1,1,0
17,0.771,0,0,0,1,1
17,0.987,2,0,2,1,0
17,0.487,2,2,2,1,1
17,0.581,2,2,2,1,1
17,0.643,1,1,1,1,1
17,0.724,2,0,2,1,0
17,0.631,1,1,1,1,1
17,0.546,2,2,2,1,1
17,1.04,2,0,2,1,0
17,0.892,0,2,0,1,0
17,1.057,1,1,1,1,1
17,1.211,1,0,2,1,0
17,1.218,1,2,1,1,0
17,0.719,2,2,2,1,1
17,0.953,1,1,1,1,1
17,1.007,0,2,0,1,0
17,0.662,2,1,2,1,0
17,0.556,2,2,2,1,1
17,0.559,2,2,2,1,1
17,0.89,0,1,0,1,0
17,0.646,2,2,2,1,1
17,1.058,0,1,0,1,0
17,0.715,0,0,0,1,1
17,0.906,1,0,1,1,0
17,0.599,0,0,0,1,1
17,0.581,2,2,2,1,1
17,0.609,1,1,1,1,1
17,0.579,1,1,1,1,1
17,0.539,1,1,1,1,1
17,0.848,0,0,0,1,1
17,0.771,2,1,2,1,0
17,0.645,0,0,0,1,1
17,0.843,0,1,0,1,0
17,0.671,2,0,2,1,0
17,0.696,1,2,1,1,0
17,0.58,0,2,0,1,0
17,0.625,1,1,1,1,1
17,0.692,2,0,2,1,0
17,0.741,1,0,1,1,0
17,0.633,0,0,0,1,1
17,0.567,1,2,1,1,0
17,0.521,2,2,2,1,1
17,0.877,0,0,0,1,1
17,0.614,2,1,2,1,0
17,0.562,0,0,0,1,1
17,0.695,0,1,0,1,0
17,0.89,0,2,0,1,0
17,0.693,1,1,1,1,1
17,0.745,0,2,0,1,0
17,0.68,0,0,0,1,1
17,0.836,1,1,1,1,1
17,0.552,2,1,2,1,0
17,0.929,2,2,2,1,1
17,0.913,0,0,0,1,1
17,0.856,2,1,2,1,0
17,0.628,2,2,2,1,1
17,0.601,1,2,1,1,0
17,0.611,0,1,0,1,0
17,0.736,1,0,1,1,0
17,0.595,0,0,0,1,1
18,0.846,2,1,2,1,0
18,0.559,0,1,0,1,0
18,0.701,2,1,2,1,0
18,0.71,2,0,2,1,0
18,0.588,0,0,0,1,1
18,0.459,0,0,0,1,1
18,0.699,1,2,1,1,0
18,0.684,1,0,1,1,0
18,0.574,2,2,2,1,1
18,0.892,1,2,1,1,0
18,0.803,0,0,0,1,1
18,0.675,0,0,0,1,1
18,0.628,2,1,2,1,0
18,0.688,0,0,0,1,1
18,1.026,1,2,1,1,0
18,0.623,1,1,1,1,1
18,0.744,0,2,0,1,0
18,0.964,2,0,2,1,0
18,0.842,1,2,1,1,0
18,0.723,1,1,1,1,1
18,0.659,0,2,0,1,0
18,0.638,2,1,2,1,0
18,0.68,0,0,0,1,1
18,0.997,1,1,1,1,1
18,0.752,0,0,0,1,1
18,0.874,1,0,0,1,0
18,0.637,2,0,2,1,0
18,1.008,0,1,0,1,0
18,0.727,1,1,1,1,1
18,1.188,1,2,1,1,0
18,0.947,2,2,2,1,1
18,0.729,0,1,0,1,0
18,0.884,1,2,1,1,0
18,0.729,0,1,0,1,0
18,0.653,2,0,2,1,0
18,0.929,0,0,0,1,1
18,0.689,1,1,1,1,1
18,0.681,0,1,0,1,0
18,0.7,2,2,2,1,1
18,0.918,1,0,1,1,0
18,0.619,1,1,1,1,1
18,0.605,2,2,2,1,1
18,0.766,0,0,0,1,1
18,0.665,2,2,2,1,1
18,0.558,1,1,1,1,1
18,0.516,0,0,0,1,1
18,0.549,2,2,2,1,1
18,0.487,2,1,2,1,0
18,0.549,2,0,2,1,0
18,0.617,0,2,0,1,0
18,0.519,0,2,0,1,0
18,0.688,1,0,1,1,0
18,0.605,2,2,2,1,1
18,0.669,0,1,0,1,0
18,0.678,2,2,2,1,1
18,0.658,0,2,0,1,0
18,0.646,2,1,2,1,0
18,0.839,0,0,0,1,1
18,0.663,2,0,2,1,0
18,0.764,1,1,1,1,1
18,0.81,0,0,0,1,1
18,0.553,0,0,0,1,1
18,0.799,1,1,1,1,1
18,0.882,0,1,0,1,0
18,0.64,2,1,2,1,0
18,0.792,1,0,1,1,0
18,0.888,2,1,2,1,0
18,0.663,2,2,2,1,1
18,0.748,0,2,0,1,0
18,0.537,2,2,2,1,1
18,0.62,2,2,2,1,1
18,0.92,1,0,1,1,0
18,0.522,0,0,0,1,1
18,0.664,0,1,0,1,0
18,0.773,2,0,2,1,0
18,0.867,1,1,1,1,1
18,0.593,1,1,1,1,1
18,0.869,2,2,2,1,1
18,0.856,1,0,1,1,0
18,0.69,2,2,2,1,1
18,0.736,0,2,0,1,0
18,0.75,2,2,2,1,1
18,0.662,1,1,1,1,1
18,0.546,1,1,1,1,1
18,1.18,1,0,1,1,0
18,0.705,0,0,0,1,1
18,0.578,0,2,0,1,0
18,0.468,1,1,2,1,1
18,0.689,1,2,1,1,0
18,0.549,1,1,1,1,1
18,0.536,1,1,1,1,1
18,0.608,2,2,2,1,1
18,0.538,2,0,2,1,0
18,0.435,2,2,2,1,1
19,0.78,0,1,2,1,0
19,1.044,2,0,1,1,0
19,0.794,1,1,1,1,1
19,0.815,0,0,0,1,1
19,0.421,2,1,2,1,0
19,1.052,2,0,2,1,0
19,0.845,2,2,2,1,1
19,0.675,0,0,0,1,1
19,0.699,1,2,1,1,0
19,0.9,0,0,0,1,1
19,0.864,2,0,2,1,0
19,0.723,1,1,1,1,1
19,0.784,1,0,1,1,0
19,0.723,0,0,0,1,1
19,0.537,2,2,2,1,1
19,1.258,0,1,0,1,0
19,0.919,1,2,1,1,0
19,0.663,2,2,2,1,1
19,1.015,1,0,1,1,0
19,0.616,0,0,0,1,1
19,0.584,2,2,2,1,1
19,0.876,1,1,1,1,1
19,0.717,1,1,2,1,1
19,0.667,2,2,2,1,1
19,0.673,0,2,1,1,0
19,1.009,2,2,2,1,1
19,0.7,1,0,1,1,0
19,0.659,2,2,2,1,1
19,1.001,0,0,0,1,1
19,0.63,1,1,1,1,1
19,0.562,1,1,1,1,1
19,0.929,2,1,2,1,0
19,0.971,0,0,0,1,1
19,0.78,2,0,1,1,0
19,1.085,0,1,0,1,0
19,0.803,1,1,1,1,1
19,0.705,1,2,2,1,0
19,0.442,1,0,1,1,0
19,0.634,1,1,1,1,1
19,0.949,0,0,0,1,1
19,0.62,1,1,1,1,1
19,0.648,0,0,0,1,1
19,0.571,0,0,0,1,1
19,0.512,2,2,2,1,1
19,0.876,2,1,2,1,0
19,0.851,1,1,1,1,1
19,0.669,0,0,0,1,1
19,0.845,0,2,1,1,0
19,0.383,2,2,1,1,1
19,0.895,0,2,0,1,0
19,0.761,1,0,1,1,0
19,1.327,0,1,0,1,0
19,0.893,2,0,2,1,0
19,0.715,2,1,1,1,0
19,1.05,0,2,2,1,0
19,0.635,2,2,2,1,1
19,0.701,0,1,1,1,0
19,0.656,0,2,2,1,0
19,0.652,0,2,0,1,0
19,1.298,2,1,2,1,0
19,0.953,1,1,1,1,1
19,0.479,1,1,1,1,1
19,1.168,1,0,1,1,0
19,0.345,1,1,1,1,1
19,0.69,2,2,2,1,1
19,0.588,2,2,2,1,1
19,0.561,0,0,0,1,1
19,0.98,0,1,1,1,0
19,0.95,2,1,2,1,0
19,0.635,0,0,0,1,1
19,0.635,2,0,1,1,0
19,1.202,2,1,2,1,0
19,0.5,2,2,2,1,1
19,0.727,1,2,1,1,0
19,0.51,1,2,1,1,0
19,1.074,1,1,1,1,1
19,0.657,2,1,2,1,0
19,0.694,0,0,0,1,1
19,0.66,2,2,1,1,1
19,0.161,0,1,2,1,0
19,0.464,1,2,1,1,0
19,1.162,1,0,0,1,0
19,0.829,1,0,2,1,0
19,0.233,0,0,1,1,1
19,0.195,2,0,1,1,0
19,0.79,2,2,2,1,1
19,0.906,0,2,0,1,0
19,0.572,0,0,0,1,1
19,0.71,2,0,1,1,0
19,0.677,1,2,1,1,0
19,0.564,1,1,1,1,1
19,0.785,1,1,1,1,1
20,0.658,0,0,0,1,1
20,0.734,2,1,2,1,0
20,0.607,0,0,0,1,1
20,0.625,2,2,2,1,1
20,0.63,1,1,1,1,1
20,1.031,2,0,2,1,0
20,0.682,2,0,2,1,0
20,0.674,2,2,2,1,1
20,0.953,1,0,1,1,0
20,0.532,1,0,1,1,0
20,0.711,0,0,0,1,1
20,0.608,1,1,1,1,1
20,0.596,1,1,1,1,1
20,0.586,1,0,1,1,0
20,0.719,2,2,2,1,1
20,0.744,1,1,1,1,1
20,0.616,0,0,0,1,1
20,0.609,1,1,1,1,1
20,0.706,0,0,0,1,1
20,0.777,2,2,2,1,1
20,0.713,2,2,2,1,1
20,0.631,2,2,2,1,1
20,0.687,2,2,2,1,1
20,0.786,0,2,0,1,0
20,0.497,0,0,0,1,1
20,0.618,1,1,1,1,1
20,0.86,0,2,0,1,0
20,0.618,1,1,1,1,1
20,0.728,2,2,2,1,1
20,0.612,1,1,1,1,1
20,0.627,0,0,0,1,1
20,0.609,1,1,1,1,1
20,0.495,1,2,1,1,0
20,0.728,0,2,0,1,0
20,0.583,2,2,2,1,1
20,1.099,0,1,0,1,0
20,0.731,1,1,1,1,1
20,0.524,0,0,0,1,1
20,0.858,0,2,0,1,0
20,0.727,1,0,1,1,0
20,0.703,0,2,0,1,0
20,0.691,1,1,1,1,1
20,0.698,0,1,0,1,0
20,0.672,0,2,0,1,0
20,0.97,2,2,2,1,1
20,0.666,1,2,1,1,0
20,0.556,1,1,1,1,1
20,0.749,1,2,1,1,0
20,0.918,2,1,2,1,0
20,0.766,2,1,2,1,0
20,0.982,0,2,0,1,0
20,0.723,1,2,1,1,0
20,1.187,2,0,2,1,0
20,0.894,1,0,1,1,0
20,0.763,2,2,2,1,1
20,0.722,0,0,0,1,1
20,0.797,1,2,2,1,0
20,0.702,0,0,0,1,1
20,0.899,0,1,0,1,0
20,0.789,1,0,1,1,0
20,0.958,2,1,2,1,0
20,0.627,2,2,2,1,1
20,0.608,2,2,2,1,1
20,0.693,0,0,0,1,1
20,0.907,2,1,2,1,0
20,0.933,0,1,0,1,0
20,0.659,2,2,2,1,1
20,1.229,2,0,0,1,0
20,0.847,2,2,2,1,1
20,0.792,1,0,1,1,0
20,1.021,0,2,0,1,0
20,0.811,2,2,2,1,1
20,0.88,1,0,1,1,0
20,1.028,0,1,0,1,0
20,1.094,2,1,2,1,0
20,0.825,2,0,2,1,0
20,0.626,2,0,2,1,0
20,0.571,1,1,1,1,1
20,0.77,2,0,2,1,0
20,0.944,1,1,1,1,1
20,1.083,1,2,1,1,0
20,0.916,2,1,2,1,0
20,0.898,1,1,1,1,1
20,0.967,2,1,2,1,0
20,0.82,0,0,0,1,1
20,0.713,1,2,2,1,0
20,0.713,1,1,1,1,1
20,0.991,2,0,2,1,0
20,0.801,0,1,0,1,0
20,0.648,0,0,0,1,1
20,0.597,0,0,0,1,1
20,0.801,0,0,0,1,1
20,1.164,0,1,0,1,0
20,0.727,0,1,0,1,0
21,0.62,0,2,0,1,0
21,0.564,0,1,0,1,0
21,0.667,2,2,2,1,1
21,0.673,0,0,0,1,1
21,0.688,1,2,1,1,0
21,0.448,2,2,2,1,1
21,0.438,2,2,2,1,1
21,0.541,2,1,2,1,0
21,0.667,0,0,0,1,1
21,0.528,1,1,1,1,1
21,0.55,0,1,2,1,0
21,0.814,1,1,1,1,1
21,0.565,0,0,0,1,1
21,1.1,2,0,2,1,0
21,0.699,0,0,0,1,1
21,0.546,0,0,0,1,1
21,0.896,1,0,1,1,0
21,0.664,2,2,2,1,1
21,0.966,0,1,0,1,0
21,1.029,1,1,1,1,1
21,0.668,0,0,0,1,1
21,0.547,0,1,0,1,0
21,1.041,1,2,1,1,0
21,0.656,1,0,1,1,0
21,0.592,0,0,0,1,1
21,0.632,1,2,1,1,0
21,0.718,2,0,2,1,0
21,0.677,1,1,1,1,1
21,0.644,0,0,0,1,1
21,0.731,1,1,1,1,1
21,0.505,1,1,1,1,1
21,0.752,2,0,2,1,0
21,0.888,2,2,2,1,1
21,0.967,1,2,1,1,0
21,0.757,2,2,2,1,1
21,0.748,1,2,1,1,0
21,0.859,2,1,2,1,0
21,0.483,2,2,2,1,1
21,0.619,0,0,0,1,1
21,1.146,2,2,2,1,1
21,0.559,1,2,1,1,0
21,1.007,1,0,1,1,0
21,0.597,1,1,1,1,1
21,0.797,2,0,2,1,0
21,0.972,0,0,0,1,1
21,0.821,1,1,1,1,1
21,0.942,2,0,2,1,0
21,0.675,1,1,1,1,1
21,0.634,1,1,1,1,1
21,0.753,2,1,2,1,0
21,0.607,2,2,2,1,1
21,0.678,1,1,1,1,1
21,0.606,0,0,0,1,1
21,0.8,0,2,0,1,0
21,0.558,1,1,1,1,1
21,0.836,1,2,1,1,0
21,0.54,1,0,1,1,0
21,0.715,0,0,0,1,1
21,0.402,0,0,0,1,1
21,0.577,2,1,2,1,0
21,0.504,2,0,2,1,0
21,0.608,0,0,0,1,1
21,0.615,1,1,1,1,1
21,0.677,0,2,0,1,0
21,0.917,0,2,0,1,0
21,0.931,1,0,1,1,0
21,0.754,2,1,2,1,0
21,0.745,0,1,0,1,0
21,0.657,2,2,2,1,1
21,0.607,0,2,0,1,0
21,0.75,2,0,2,1,0
21,0.494,2,2,2,1,1
21,0.566,2,1,2,1,0
21,0.813,1,2,1,1,0
21,0.589,2,2,2,1,1
21,0.509,2,2,2,1,1
21,0.445,2,2,2,1,1
21,1.051,1,1,1,1,1
21,0.699,0,1,0,1,0
21,0.666,2,2,2,1,1
21,1.019,1,0,1,1,0
21,0.706,0,1,0,1,0
21,0.536,0,0,0,1,1
21,0.903,2,1,2,1,0
21,0.87,1,1,1,1,1
21,1.133,0,2,0,1,0
21,0.804,0,1,0,1,0
21,0.906,2,2,2,1,1
21,1.051,1,1,1,1,1
21,0.833,1,0,1,1,0
21,0.673,0,2,0,1,0
21,0.864,2,1,2,1,0
21,0.647,0,2,0,1,0
21,1.069,1,0,1,1,0
21,0.973,2,0,2,1,0
21,0.988,0,0,0,1,1
22,0.585,0,0,0,1,1
22,0.723,1,2,1,1,0
22,0.619,0,0,0,1,1
22,0.571,1,1,1,1,1
22,0.405,0,2,0,1,0
22,0.681,2,0,2,1,0
22,0.702,2,1,2,1,0
22,0.366,1,1,1,1,1
22,0.593,2,2,2,1,1
22,0.814,2,1,2,1,0
22,0.734,1,1,1,1,1
22,0.8,0,2,0,1,0
22,0.667,0,1,0,1,0
22,0.867,1,0,1,1,0
22,0.668,1,1,1,1,1
22,0.761,2,0,2,1,0
22,0.8,2,1,2,1,0
22,0.704,0,0,0,1,1
22,0.862,1,1,1,1,1
22,0.739,2,2,2,1,1
22,0.988,1,2,1,1,0
22,0.82,0,2,0,1,0
22,0.803,2,1,2,1,0
22,0.591,0,0,0,1,1
22,0.729,1,2,1,1,0
22,0.79,2,0,2,1,0
22,0.657,0,0,0,1,1
22,0.668,1,0,1,1,0
22,0.65,1,2,1,1,0
22,0.584,2,2,2,1,1
22,0.56,2,2,2,1,1
22,0.632,0,2,0,1,0
22,0.599,2,2,2,1,1
22,0.648,1,2,1,1,0
22,0.774,2,0,0,1,0
22,0.893,0,0,0,1,1
22,0.62,1,1,1,1,1
22,0.618,2,2,2,1,1
22,0.448,2,2,2,1,1
22,0.619,0,0,0,1,1
22,0.628,1,0,1,1,0
22,0.796,0,1,0,1,0
22,0.722,1,1,1,1,1
22,0.803,0,1,0,1,0
22,1.001,2,0,2,1,0
22,0.674,0,0,0,1,1
22,0.591,1,1,1,1,1
22,0.604,2,2,2,1,1
22,0.656,0,0,0,1,1
22,0.597,0,0,0,1,1
22,0.829,1,2,1,1,0
22,0.621,2,2,2,1,1
22,0.792,2,1,2,1,0
22,0.382,2,2,2,1,1
22,0.82,0,2,0,1,0
22,1.087,0,0,0,1,1
22,0.595,2,2,2,1,1
22,1.096,2,1,2,1,0
22,0.829,1,0,1,1,0
22,0.705,0,1,0,1,0
22,0.539,2,2,2,1,1
22,0.666,0,1,0,1,0
22,0.611,0,0,0,1,1
22,0.57,0,0,0,1,1
22,0.441,0,2,0,1,0
22,0.344,0,0,0,1,1
22,0.532,0,1,0,1,0
22,0.659,1,0,1,1,0
22,0.716,2,0,2,1,0
22,0.574,1,1,1,1,1
22,0.578,2,2,2,1,1
22,0.542,1,1,1,1,1
22,0.633,1,1,1,1,1
22,0.565,2,2,2,1,1
22,0.492,0,1,0,1,0
22,0.615,0,1,0,1,0
22,0.605,1,1,1,1,1
22,0.452,1,0,1,1,0
22,0.718,2,1,2,1,0
22,0.817,0,2,0,1,0
22,0.889,2,0,2,1,0
22,0.679,1,2,1,1,0
22,0.566,2,2,2,1,1
22,0.607,1,1,1,1,1
22,0.515,1,1,1,1,1
22,0.467,1,1,1,1,1
22,0.686,2,1,2,1,0
22,1.012,1,0,1,1,0
22,0.557,1,0,1,1,0
22,0.365,1,1,1,1,1
22,0.511,0,0,0,1,1
22,0.378,0,0,0,1,1
22,0.595,2,2,2,1,1
22,0.672,1,2,1,1,0
22,0.838,2,0,2,1,0
22,0.757,0,2,0,1,0
23,0.842,1,0,1,1,0
23,0.8,0,2,0,1,0
23,0.581,2,0,2,1,0
23,0.794,0,1,0,1,0
23,0.654,0,0,0,1,1
23,0.699,2,2,2,1,1
23,0.742,0,0,0,1,1
23,0.579,0,2,0,1,0
23,0.559,1,0,1,1,0
23,0.61,0,0,0,1,1
23,0.72,1,2,1,1,0
23,0.557,1,1,1,1,1
23,0.45,1,1,1,1,1
23,0.686,2,2,2,1,1
23,0.603,1,1,1,1,1
23,0.758,2,1,2,1,0
23,0.468,2,2,2,1,1
23,0.592,0,0,0,1,1
23,0.614,1,1,1,1,1
23,0.635,0,2,0,1,0
23,0.633,0,0,0,1,1
23,0.822,1,2,1,1,0
23,0.475,1,1,1,1,1
23,0.649,1,0,1,1,0
23,0.63,0,0,0,1,1
23,0.641,0,1,0,1,0
23,0.702,2,1,2,1,0
23,0.571,0,0,0,1,1
23,0.569,2,2,2,1,1
23,0.589,2,0,2,1,0
23,0.482,2,2,2,1,1
23,0.664,0,1,0,1,0
23,0.628,2,2,2,1,1
23,0.426,2,2,2,1,1
23,0.774,0,1,0,1,0
23,0.516,2,2,2,1,1
23,0.635,0,0,0,1,1
23,0.646,0,1,0,1,0
23,0.561,1,0,1,1,0
23,0.659,2,0,2,1,0
23,0.708,0,0,0,1,1
23,0.767,1,0,1,1,0
23,0.691,2,2,2,1,1
23,0.566,2,2,2,1,1
23,0.846,1,2,1,1,0
23,0.674,0,0,0,1,1
23,0.807,2,0,2,1,0
23,0.802,1,2,1,1,0
23,0.702,2,2,2,1,1
23,0.755,2,0,2,1,0
23,0.623,2,1,2,1,0
23,0.804,0,0,0,1,1
23,0.568,2,2,2,1,1
23,0.741,2,2,2,1,1
23,0.57,1,1,1,1,1
23,0.574,0,0,0,1,1
23,0.56,2,2,2,1,1
23,0.612,1,1,1,1,1
23,0.762,0,2,0,1,0
23,0.774,1,2,1,1,0
23,0.618,1,2,1,1,0
23,0.727,0,1,0,1,0
23,0.725,1,1,1,1,1
23,0.61,1,1,1,1,1
23,0.504,1,1,1,1,1
23,0.7,2,0,2,1,0
23,0.625,1,1,1,1,1
23,0.527,1,1,1,1,1
23,0.652,0,1,0,1,0
23,0.776,1,1,1,1,1
23,0.684,0,2,0,1,0
23,0.729,2,0,2,1,0
23,0.645,2,1,2,1,0
23,0.538,2,1,2,1,0
23,0.871,1,0,1,1,0
23,0.695,0,2,0,1,0
23,0.563,0,0,0,1,1
23,0.712,1,0,1,1,0
23,0.574,1,1,1,1,1
23,0.684,2,1,2,1,0
23,0.553,2,2,2,1,1
23,0.526,2,0,2,1,0
23,0.723,0,0,0,1,1
23,0.624,0,1,0,1,0
23,0.549,0,2,0,1,0
23,0.834,1,2,1,1,0
23,0.615,2,1,2,1,0
23,0.651,0,0,0,1,1
23,0.527,1,1,1,1,1
23,0.587,2,1,2,1,0
23,0.592,0,2,0,1,0
23,0.547,1,0,1,1,0
23,0.663,1,2,1,1,0
23,0.94,1,1,1,1,1
23,0.672,2,2,2,1,1
23,0.63,0,0,0,1,1
24,0.54,2,2,2,1,1
24,0.447,1,0,1,1,0
24,0.552,1,0,1,1,0
24,0.527,1,1,1,1,1
24,0.643,1,0,1,1,0
24,0.662,0,2,0,1,0
24,0.605,2,2,2,1,1
24,0.479,2,2,2,1,1
24,0.488,2,2,2,1,1
24,0.457,1,1,1,1,1
24,0.715,2,0,2,1,0
24,0.728,0,0,0,1,1
24,0.642,2,1,2,1,0
24,0.64,0,2,0,1,0
24,0.638,0,0,0,1,1
24,0.589,1,0,1,1,0
24,0.523,1,1,1,1,1
24,0.424,1,1,1,1,1
24,0.653,0,0,0,1,1
24,0.604,2,0,2,1,0
24,0.486,1,1,1,1,1
24,0.671,2,1,2,1,0
24,0.617,0,0,0,1,1
24,0.678,1,2,1,1,0
24,0.595,0,0,0,1,1
24,0.555,2,1,2,1,0
24,0.622,0,0,0,1,1
24,0.626,2,1,1,1,0
24,0.54,2,0,2,1,0
24,0.495,2,2,2,1,1
24,0.595,0,1,0,1,0
24,0.664,1,1,1,1,1
24,0.655,0,0,0,1,1
24,0.908,0,2,2,1,0
24,0.6,1,1,1,1,1
24,0.846,1,2,1,1,0
24,0.759,2,0,2,1,0
24,0.617,0,0,0,1,1
24,0.612,0,2,0,1,0
24,0.763,0,1,0,1,0
24,0.958,2,0,2,1,0
24,0.613,1,2,1,1,0
24,0.635,2,2,2,1,1
24,0.574,2,1,2,1,0
24,0.7,0,2,0,1,0
24,0.634,1,2,1,1,0
24,0.635,0,2,0,1,0
24,0.748,2,1,2,1,0
24,0.945,0,0,0,1,1
24,0.831,1,1,2,1,1
24,0.621,1,1,1,1,1
24,0.535,1,1,1,1,1
24,0.556,0,0,0,1,1
24,0.544,0,0,0,1,1
24,0.683,1,1,1,1,1
24,0.538,1,2,1,1,0
24,0.467,2,2,2,1,1
24,0.634,1,2,1,1,0
24,0.577,1,0,1,1,0
24,0.77,2,1,2,1,0
24,0.641,1,0,1,1,0
24,0.598,0,1,0,1,0
24,0.578,2,2,2,1,1
24,0.51,0,0,2,1,1
24,0.461,1,1,1,1,1
24,0.597,1,2,1,1,0
24,0.664,0,0,2,1,1
24,0.777,1,0,1,1,0
24,0.616,1,1,1,1,1
24,0.568,0,0,0,1,1
24,0.544,2,2,2,1,1
24,0.777,0,1,1,1,0
24,0.745,2,2,2,1,1
24,0.712,0,2,0,1,0
24,0.595,1,1,1,1,1
24,0.659,2,2,2,1,1
24,0.595,1,1,1,1,1
24,0.606,0,1,0,1,0
24,0.932,1,2,1,1,0
24,0.876,0,1,0,1,0
24,0.65,1,1,1,1,1
24,0.55,2,0,2,1,0
24,0.635,0,0,0,1,1
24,0.795,2,0,2,1,0
24,0.561,2,2,2,1,1
24,0.47,2,2,2,1,1
24,0.611,0,0,0,1,1
24,0.848,0,2,1,1,0
24,0.487,2,1,2,1,0
24,0.873,0,1,0,1,0
24,0.661,2,2,2,1,1
24,0.508,0,1,0,1,0
24,0.861,1,0,1,1,0
24,0.548,2,2,2,1,1
24,0.543,2,0,2,1,0
25,0.707,2,1,2,1,0
25,0.459,0,0,0,1,1
25,0.904,0,1,0,1,0
25,0.487,1,1,1,1,1
25,0.528,2,0,2,1,0
25,0.712,1,2,2,1,0
25,0.597,2,2,2,1,1
25,0.888,1,2,1,1,0
25,0.462,0,0,0,1,1
25,0.511,0,0,0,1,1
25,0.807,2,2,2,1,1
25,0.856,0,1,0,1,0
25,0.809,0,1,0,1,0
25,0.985,2,0,2,1,0
25,0.578,2,2,2,1,1
25,0.578,1,1,1,1,1
25,0.731,2,0,2,1,0
25,0.971,1,0,1,1,0
25,0.444,0,0,0,1,1
25,0.589,2,2,2,1,1
25,0.566,2,2,2,1,1
25,0.526,2,2,2,1,1
25,0.51,2,2,2,1,1
25,0.51,1,1,1,1,1
25,0.798,1,0,1,1,0
25,0.79,2,0,2,1,0
25,0.566,1,1,1,1,1
25,0.789,0,2,0,1,0
25,0.616,1,2,1,1,0
25,0.841,0,2,0,1,0
25,0.386,0,0,0,1,1
25,0.625,1,1,1,1,1
25,0.528,0,0,0,1,1
25,0.743,1,0,1,1,0
25,0.712,1,2,1,1,0
25,0.512,1,1,1,1,1
25,0.896,2,0,2,1,0
25,0.529,0,0,0,1,1
25,0.936,1,2,1,1,0
25,0.608,0,0,0,1,1
25,0.679,2,2,2,1,1
25,0.768,2,0,2,1,0
25,0.625,0,2,0,1,0
25,0.899,0,1,0,1,0
25,0.618,0,0,0,1,1
25,0.802,1,0,1,1,0
25,0.818,0,1,0,1,0
25,0.676,1,0,1,1,0
25,0.549,0,1,0,1,0
25,0.583,1,1,1,1,1
25,0.935,2,1,2,1,0
25,0.543,0,0,0,1,1
25,1.054,2,1,2,1,0
25,0.557,1,1,1,1,1
25,0.782,2,1,2,1,0
25,0.566,1,1,1,1,1
25,0.503,1,1,1,1,1
25,0.719,2,0,2,1,0
25,0.809,1,0,1,1,0
25,0.73,0,2,0,1,0
25,0.651,2,2,2,1,1
25,0.772,1,0,1,1,0
25,0.702,1,2,1,1,0
25,0.59,0,0,0,1,1
25,0.813,0,2,0,1,0
25,0.532,0,2,0,1,0
25,0.758,2,1,2,1,0
25,0.492,2,2,2,1,1
25,0.485,0,0,0,1,1
25,0.739,2,1,2,1,0
25,0.499,1,1,1,1,1
25,0.507,2,2,2,1,1
25,0.395,1,1,1,1,1
25,0.379,0,0,0,1,1
25,0.804,0,1,0,1,0
25,0.876,2,2,2,1,1
25,0.58,2,2,2,1,1
25,0.5,1,1,1,1,1
25,0.787,0,2,0,1,0
25,0.77,1,1,1,1,1
25,0.898,1,2,1,1,0
25,0.739,2,1,2,1,0
25,0.732,1,1,1,1,1
25,0.733,2,2,2,1,1
25,0.469,0,0,0,1,1
25,0.604,2,2,2,1,1
25,0.557,0,2,0,1,0
25,0.773,1,0,1,1,0
25,0.732,2,1,2,1,0
25,0.525,0,0,0,1,1
25,0.49,2,2,2,1,1
25,0.996,1,2,1,1,0
25,0.647,2,0,2,1,0
25,0.783,0,0,0,1,1
25,0.76,0,1,0,1,0
26,0.676,1,2,1,1,0
26,0.511,1,1,1,1,1
26,0.695,2,2,2,1,1
26,0.641,2,0,2,1,0
26,0.771,0,2,0,1,0
26,0.468,1,1,1,1,1
26,0.489,2,1,2,1,0
26,0.681,2,0,2,1,0
26,0.607,2,2,2,1,1
26,0.42,0,0,0,1,1
26,0.632,0,0,0,1,1
26,0.594,2,2,2,1,1
26,0.502,0,0,0,1,1
26,0.514,0,0,0,1,1
26,0.603,2,1,2,1,0
26,0.494,0,1,0,1,0
26,0.451,1,1,1,1,1
26,0.621,2,2,2,1,1
26,0.459,1,1,1,1,1
26,0.428,0,1,0,1,0
26,0.65,2,2,2,1,1
26,0.579,2,0,2,1,0
26,0.535,1,2,1,1,0
26,0.552,2,2,2,1,1
26,0.446,0,0,0,1,1
26,0.574,0,1,0,1,0
26,0.528,0,0,0,1,1
26,0.531,0,0,0,1,1
26,0.576,1,0,1,1,0
26,0.491,1,1,1,1,1
26,0.511,1,1,1,1,1
26,0.554,0,2,0,1,0
26,0.544,2,1,2,1,0
26,0.524,2,2,2,1,1
26,0.534,0,2,0,1,0
26,0.464,1,1,1,1,1
26,0.602,1,1,1,1,1
26,0.497,2,1,2,1,0
26,0.417,0,1,0,1,0
26,0.59,2,0,2,1,0
26,0.613,1,1,1,1,1
26,0.613,2,1,2,1,0
26,0.578,2,2,2,1,1
26,0.523,1,1,1,1,1
26,0.537,1,0,1,1,0
26,0.577,2,2,2,1,1
26,0.396,0,0,0,1,1
26,0.685,1,2,1,1,0
26,0.517,2,1,2,1,0
26,0.673,2,2,2,1,1
26,0.481,0,1,0,1,0
26,0.479,1,0,1,1,0
26,0.558,0,0,0,1,1
26,0.553,2,2,2,1,1
26,0.68,2,2,2,1,1
26,0.546,2,0,2,1,0
26,0.593,0,2,0,1,0
26,0.571,0,1,0,1,0
26,0.554,2,1,2,1,0
26,0.5,1,0,1,1,0
26,0.521,0,1,0,1,0
26,0.695,2,0,2,1,0
26,0.743,2,2,2,1,1
26,0.474,1,1,1,1,1
26,0.476,0,2,0,1,0
26,0.407,0,0,0,1,1
26,0.567,0,2,0,1,0
26,0.494,2,2,2,1,1
26,0.567,0,0,0,1,1
26,0.454,1,2,1,1,0
26,0.547,1,1,1,1,1
26,0.642,2,0,2,1,0
26,0.612,1,1,1,1,1
26,0.659,2,0,2,1,0
26,0.587,2,2,2,1,1
26,0.512,0,0,0,1,1
26,0.519,0,0,0,1,1
26,0.443,1,2,1,1,0
26,0.506,2,2,2,1,1
26,0.552,1,1,1,1,1
26,0.48,1,1,1,1,1
26,0.409,0,0,0,1,1
26,0.647,1,2,1,1,0
26,0.512,0,2,0,1,0
26,0.498,1,2,1,1,0
26,0.492,0,0,0,1,1
26,0.615,1,0,1,1,0
26,0.585,1,0,1,1,0
26,0.509,1,1,1,1,1
26,0.568,0,2,0,1,0
26,0.661,1,0,1,1,0
26,0.512,0,0,0,1,1
26,0.615,0,1,0,1,0
27,0.821,2,2,2,1,1
27,0.686,1,1,1,1,1
27,0.751,2,0,2,1,0
27,0.672,0,2,0,1,0
27,1.064,0,2,2,1,0
27,1.009,2,1,2,1,0
27,0.911,1,1,1,1,1
27,0.855,0,0,0,1,1
27,0.939,1,2,1,1,0
27,0.772,1,1,1,1,1
27,0.669,0,0,0,1,1
27,0.486,0,0,0,1,1
27,0.775,0,2,0,1,0
27,0.567,0,0,0,1,1
27,0.447,0,0,0,1,1
27,1.181,1,2,1,1,0
27,0.686,2,2,2,1,1
27,0.895,1,0,1,1,0
27,0.767,0,1,0,1,0
27,0.792,1,2,1,1,0
27,1.032,0,1,0,1,0
27,0.992,2,1,2,1,0
27,0.889,1,1,1,1,1
27,0.777,1,0,1,1,0
27,0.706,0,0,0,1,1
27,0.795,0,2,0,1,0
27,0.979,2,1,2,1,0
27,0.723,2,2,2,1,1
27,0.58,0,0,0,1,1
27,0.9,1,1,1,1,1
27,0.635,1,1,1,1,1
27,0.875,2,2,2,1,1
27,1.242,0,1,0,1,0
27,0.805,0,0,0,1,1
27,0.806,0,2,0,1,0
27,0.805,1,2,1,1,0
27,0.887,0,1,0,1,0
27,0.976,0,2,0,1,0
27,1.025,2,1,2,1,0
27,1.105,1,0,1,1,0
27,1.009,2,0,2,1,0
27,1.011,0,0,0,1,1
27,0.994,1,1,1,1,1
27,0.947,0,1,0,1,0
27,0.98,2,0,2,1,0
27,0.766,1,0,1,1,0
27,0.761,1,0,1,1,0
27,0.769,2,2,2,1,1
27,0.816,1,1,1,1,1
27,0.665,2,2,2,1,1
27,0.993,2,0,2,1,0
27,1.058,0,1,0,1,0
27,0.929,0,0,0,1,1
27,0.794,0,1,0,1,0
27,0.715,0,0,0,1,1
27,0.786,2,2,2,1,1
27,1.124,2,1,2,1,0
27,0.701,2,0,2,1,0
27,1.086,0,0,0,1,1
27,1.085,1,1,1,1,1
27,0.861,2,2,2,1,1
27,0.844,0,0,0,1,1
27,1.415,0,2,1,1,0
27,0.649,1,1,1,1,1
27,0.705,0,0,0,1,1
27,1.465,2,0,2,1,0
27,1.143,0,0,0,1,1
27,1.168,2,2,2,1,1
27,1.081,1,1,1,1,1
27,0.707,1,1,1,1,1
27,0.988,1,2,1,1,0
27,0.933,2,2,2,1,1
27,0.878,0,1,0,1,0
27,1.215,1,1,1,1,1
27,0.685,1,1,1,1,1
27,1.326,0,2,0,1,0
27,0.919,2,2,2,1,1
27,1.248,1,0,1,1,0
27,0.768,2,2,2,1,1
27,1.089,2,2,2,1,1
27,0.69,2,2,2,1,1
27,0.667,2,2,2,1,1
27,1.475,1,2,1,1,0
27,0.554,1,2,1,1,0
27,0.882,0,0,0,1,1
27,0.914,1,1,1,1,1
27,1.105,2,0,2,1,0
27,0.775,2,0,2,1,0
27,1.137,2,1,2,1,0
27,0.955,1,1,1,1,1
27,0.821,1,0,1,1,0
27,0.95,2,1,2,1,0
27,1.255,1,0,1,1,0
27,0.783,2,2,2,1,1
27,0.84,2,1,2,1,0
28,0.802,1,0,1,1,0
28,0.597,0,0,0,1,1
28,0.633,1,0,1,1,0
28,0.902,2,2,2,1,1
28,0.848,1,1,1,1,1
28,1.084,2,0,2,1,0
28,0.982,1,1,1,1,1
28,1.275,2,0,2,1,0
28,0.837,2,2,2,1,1
28,0.8,2,2,2,1,1
28,0.66,0,0,0,1,1
28,1.035,0,2,0,1,0
28,0.825,1,1,1,1,1
28,0.827,2,0,2,1,0
28,0.735,2,2,2,1,1
28,0.64,2,2,2,1,1
28,0.739,0,1,0,1,0
28,1.076,2,1,2,1,0
28,0.855,1,0,1,1,0
28,0.771,0,2,0,1,0
28,1.02,0,2,0,1,0
28,1.196,2,0,2,1,0
28,1.31,2,0,2,1,0
28,1.29,2,1,2,1,0
28,0.719,0,0,0,1,1
28,0.78,1,1,1,1,1
28,1.161,2,2,2,1,1
28,1.076,1,2,1,1,0
28,1.243,1,1,1,1,1
28,0.725,2,2,2,1,1
28,0.691,2,1,2,1,0
28,1.016,0,0,0,1,1
28,1.044,1,2,1,1,0
28,1.018,0,0,0,1,1
28,0.942,0,2,1,1,0
28,0.877,0,0,0,1,1
28,1.207,2,0,2,1,0
28,0.835,1,2,1,1,0
28,0.838,0,2,0,1,0
28,0.753,2,2,2,1,1
28,0.696,1,1,1,1,1
28,0.93,2,1,2,1,0
28,1.405,0,1,0,1,0
28,0.623,0,0,0,1,1
28,0.876,2,1,2,1,0
28,0.549,1,1,1,1,1
28,0.863,0,2,0,1,0
28,0.963,1,2,2,1,0
28,0.781,0,0,0,1,1
28,0.984,2,2,2,1,1
28,0.817,0,2,0,1,0
28,0.936,1,1,1,1,1
28,0.723,0,0,0,1,1
28,0.955,2,2,1,1,1
28,0.924,1,1,1,1,1
28,0.967,1,2,2,1,0
28,1.07,2,1,2,1,0
28,0.863,1,1,1,1,1
28,0.98,2,1,2,1,0
28,0.816,1,1,1,1,1
28,0.678,1,2,2,1,0
28,1.209,1,0,1,1,0
28,0.637,1,1,1,1,1
28,0.949,2,0,2,1,0
28,0.811,0,1,0,1,0
28,1.163,1,0,1,1,0
28,0.928,2,2,2,1,1
28,0.86,1,2,1,1,0
28,0.794,1,1,1,1,1
28,0.766,0,1,0,1,0
28,1.094,2,2,2,1,1
28,1.018,2,2,2,1,1
28,1.045,1,0,2,1,0
28,1.052,1,0,1,1,0
28,0.772,0,1,0,1,0
28,1.134,1,2,1,1,0
28,1.003,2,1,2,1,0
28,0.821,0,0,0,1,1
28,0.785,1,1,1,1,1
28,0.714,1,1,1,1,1
28,0.659,0,0,0,1,1
28,0.936,2,2,2,1,1
28,0.764,1,1,2,1,1
28,0.72,0,0,0,1,1
28,0.758,2,2,2,1,1
28,0.869,0,1,0,1,0
28,1.006,2,2,2,1,1
28,1.188,0,1,0,1,0
28,0.741,0,0,0,1,1
28,0.773,2,0,2,1,0
28,1.088,0,1,0,1,0
28,1,0,0,0,1,1
28,0.648,0,0,0,1,1
28,0.584,0,0,0,1,1
28,0.731,1,0,1,1,0
29,0.615,1,1,1,1,1
29,0.377,1,1,1,1,1
29,0.378,1,1,1,1,1
29,0.391,0,1,0,1,0
29,0.552,2,2,2,1,1
29,0.57,0,2,0,1,0
29,0.596,2,1,2,1,0
29,0.517,0,1,0,1,0
29,0.451,1,1,1,1,1
29,0.379,0,0,0,1,1
29,0.344,0,0,0,1,1
29,0.621,2,2,2,1,1
29,0.486,1,1,1,1,1
29,0.704,1,2,1,1,0
29,0.416,0,0,0,1,1
29,0.393,0,0,0,1,1
29,0.368,0,1,0,1,0
29,0.453,2,2,2,1,1
29,0.768,2,0,2,1,0
29,0.559,1,1,1,1,1
29,0.4,1,1,1,1,1
29,0.396,0,0,0,1,1
29,0.57,2,0,2,1,0
29,0.517,1,0,1,1,0
29,0.655,2,0,2,1,0
29,0.318,0,2,0,1,0
29,0.656,1,2,2,1,0
29,0.727,2,1,2,1,0
29,0.636,2,1,2,1,0
29,0.419,1,1,1,1,1
29,0.626,0,2,0,1,0
29,0.507,0,0,0,1,1
29,0.431,0,2,0,1,0
29,0.67,1,2,1,1,0
29,0.758,2,1,2,1,0
29,0.657,1,2,1,1,0
29,0.522,1,2,1,1,0
29,0.493,0,0,0,1,1
29,0.365,0,0,0,1,1
29,0.667,2,1,2,1,0
29,0.578,2,2,2,1,1
29,0.467,1,1,1,1,1
29,0.399,0,0,0,1,1
29,0.427,0,2,0,1,0
29,0.385,0,2,0,1,0
29,0.529,2,2,2,1,1
29,0.518,1,0,1,1,0
29,0.528,0,1,0,1,0
29,0.558,2,2,2,1,1
29,0.812,2,0,2,1,0
29,0.577,2,2,2,1,1
29,0.603,1,2,1,1,0
29,0.58,2,1,2,1,0
29,0.393,0,1,0,1,0
29,0.664,1,0,1,1,0
29,0.386,0,1,0,1,0
29,0.643,2,0,2,1,0
29,0.553,2,2,2,1,1
29,0.317,0,0,0,1,1
29,0.477,1,1,1,1,1
29,0.431,1,1,1,1,1
29,0.484,1,0,1,1,0
29,0.423,0,1,0,1,0
29,0.627,2,2,2,1,1
29,0.768,2,0,2,1,0
29,0.516,1,0,1,1,0
29,0.489,1,0,1,1,0
29,0.587,2,0,2,1,0
29,0.368,0,0,0,1,1
29,0.759,1,2,1,1,0
29,0.565,2,1,2,1,0
29,0.592,2,0,2,1,0
29,0.527,2,2,2,1,1
29,0.547,0,1,0,1,0
29,0.452,1,1,1,1,1
29,0.54,2,2,2,1,1
29,0.337,0,2,0,1,0
29,0.381,0,0,0,1,1
29,0.355,0,0,0,1,1
29,0.789,1,2,1,1,0
29,0.473,1,1,1,1,1
29,0.615,2,2,2,1,1
29,0.377,0,0,0,1,1
29,0.598,1,0,1,1,0
29,0.557,2,2,2,1,1
29,0.44,1,0,1,1,0
29,0.463,1,1,1,1,1
29,0.44,0,0,0,1,1
29,0.636,2,1,2,1,0
29,0.463,1,1,1,1,1
29,0.607,2,2,2,1,1
29,0.5,1,1,1,1,1
29,0.612,2,2,2,1,1
29,0.454,0,2,0,1,0
29,0.377,0,0,0,1,1
29,0.513,2,2,2,1,1
30,1.115,2,1,2,1,0
30,1.039,1,0,1,1,0
30,0.555,0,2,0,1,0
30,0.851,2,0,2,1,0
30,0.584,0,0,0,1,1
30,0.569,2,2,2,1,1
30,0.636,0,0,0,1,1
30,0.657,0,0,0,1,1
30,0.792,2,2,2,1,1
30,0.592,2,2,2,1,1
30,0.815,2,0,2,1,0
30,0.584,0,2,0,1,0
30,0.577,0,0,0,1,1
30,0.696,0,2,0,1,0
30,0.743,2,2,2,1,1
30,0.588,1,2,2,1,0
30,0.976,1,1,1,1,1
30,0.566,0,1,0,1,0
30,0.622,2,0,2,1,0
30,0.608,0,2,0,1,0
30,1.031,2,1,2,1,0
30,0.868,2,1,2,1,0
30,0.491,0,1,0,1,0
30,0.724,0,0,0,1,1
30,1.035,2,0,2,1,0
30,0.658,0,0,0,1,1
30,0.673,0,1,0,1,0
30,0.612,2,2,2,1,1
30,0.665,0,1,0,1,0
30,0.561,1,1,1,1,1
30,0.98,1,1,1,1,1
30,0.981,2,0,2,1,0
30,0.829,2,0,2,1,0
30,0.899,1,0,1,1,0
30,0.778,2,0,2,1,0
30,0.56,0,1,0,1,0
30,0.599,0,0,0,1,1
30,0.606,1,1,1,1,1
30,0.735,2,2,2,1,1
30,0.56,0,0,0,1,1
30,1.03,2,1,2,1,0
30,1.23,2,1,2,1,0
30,0.734,2,2,2,1,1
30,1.189,1,1,1,1,1
30,0.606,0,2,0,1,0
30,0.692,1,1,1,1,1
30,0.923,1,1,1,1,1
30,0.915,0,1,0,1,0
30,0.811,2,2,2,1,1
30,0.93,2,2,2,1,1
30,0.641,1,1,1,1,1
30,0.694,0,2,0,1,0
30,0.765,0,0,0,1,1
30,0.788,1,2,2,1,0
30,0.907,1,2,1,1,0
30,0.912,2,1,2,1,0
30,0.751,2,2,2,1,1
30,0.532,0,0,0,1,1
30,0.476,1,1,1,1,1
30,1.159,1,0,1,1,0
30,0.487,0,0,0,1,1
30,0.686,2,2,2,1,1
30,0.643,0,2,0,1,0
30,0.635,0,0,0,1,1
30,0.459,1,0,1,1,0
30,0.928,0,0,0,1,1
30,0.629,1,1,1,1,1
30,1.118,1,0,1,1,0
30,0.788,1,2,1,1,0
30,0.682,1,2,1,1,0
30,0.56,2,2,2,1,1
30,0.73,1,2,1,1,0
30,0.78,0,0,0,1,1
30,0.816,1,2,1,1,0
30,0.71,2,2,2,1,1
30,0.74,1,0,1,1,0
30,0.57,0,0,0,1,1
30,0.735,1,1,1,1,1
30,0.725,2,1,2,1,0
30,0.554,0,2,0,1,0
30,0.767,2,1,2,1,0
30,0.919,1,0,1,1,0
30,0.508,0,1,0,1,0
30,0.512,2,2,2,1,1
30,0.95,1,1,1,1,1
30,0.745,1,1,1,1,1
30,0.638,1,0,1,1,0
30,0.629,1,1,1,1,1
30,0.573,2,2,2,1,1
30,0.755,1,1,1,1,1
30,0.617,1,1,1,1,1
30,0.863,0,1,0,1,0
30,0.743,2,2,2,1,1
30,0.839,0,0,0,1,1
31,0.498,0,0,0,1,1
31,0.553,0,0,0,1,1
31,0.68,2,2,2,1,1
31,0.606,0,2,0,1,0
31,0.588,2,2,2,1,1
31,0.622,1,2,1,1,0
31,0.625,0,0,0,1,1
31,0.489,2,2,2,1,1
31,0.711,0,1,0,1,0
31,0.702,0,1,0,1,0
31,0.716,2,0,2,1,0
31,0.588,1,1,1,1,1
31,1.185,1,1,1,1,1
31,0.848,2,1,2,1,0
31,0.798,1,0,1,1,0
31,0.718,0,0,0,1,1
31,0.778,2,2,2,1,1
31,0.592,2,1,2,1,0
31,0.599,1,1,1,1,1
31,0.568,2,2,2,1,1
31,0.557,2,0,2,1,0
31,0.932,1,2,1,1,0
31,0.738,1,1,1,1,1
31,0.538,0,1,0,1,0
31,0.84,1,2,1,1,0
31,0.542,0,0,0,1,1
31,0.62,0,1,0,1,0
31,0.653,1,1,1,1,1
31,0.746,2,2,2,1,1
31,0.665,0,1,0,1,0
31,0.753,1,0,1,1,0
31,0.618,2,1,2,1,0
31,0.544,2,0,2,1,0
31,1,1,2,1,1,0
31,0.922,1,1,1,1,1
31,0.632,2,2,2,1,1
31,1.111,2,0,2,1,0
31,0.711,0,2,0,1,0
31,0.647,2,2,2,1,1
31,0.692,1,0,1,1,0
31,0.651,0,2,0,1,0
31,0.699,1,1,1,1,1
31,0.649,1,1,1,1,1
31,0.814,0,2,0,1,0
31,0.949,1,0,1,1,0
31,0.822,0,2,0,1,0
31,0.686,1,0,1,1,0
31,0.787,0,2,0,1,0
31,0.706,0,0,0,1,1
31,0.656,2,2,2,1,1
31,0.472,2,1,2,1,0
31,0.478,1,1,1,1,1
31,0.622,0,1,0,1,0
31,0.588,2,2,2,1,1
31,0.482,1,1,1,1,1
31,0.528,0,1,0,1,0
31,0.609,0,0,0,1,1
31,1.022,2,1,2,1,0
31,0.716,2,0,2,1,0
31,0.851,0,1,0,1,0
31,0.657,2,2,2,1,1
31,1.103,1,1,1,1,1
31,0.519,1,0,1,1,0
31,0.607,0,0,0,1,1
31,0.771,2,0,2,1,0
31,0.65,2,2,2,1,1
31,0.657,1,2,1,1,0
31,0.758,0,0,0,1,1
31,0.676,2,2,2,1,1
31,0.659,1,2,1,1,0
31,0.77,1,2,1,1,0
31,0.649,1,1,1,1,1
31,0.594,1,1,1,1,1
31,0.953,0,2,0,1,0
31,1.049,2,1,2,1,0
31,0.712,2,1,2,1,0
31,0.742,0,0,0,1,1
31,0.542,2,2,2,1,1
31,0.547,0,0,0,1,1
31,0.514,2,2,2,1,1
31,0.561,2,1,2,1,0
31,0.585,0,0,0,1,1
31,0.694,1,0,1,1,0
31,0.581,1,1,1,1,1
31,0.516,0,0,0,1,1
31,0.572,0,2,0,1,0
31,0.563,2,2,2,1,1
31,0.938,0,0,0,1,1
31,0.665,2,0,2,1,0
31,0.665,1,1,1,1,1
31,0.855,1,0,1,1,0
31,0.582,0,0,0,1,1
31,0.974,2,0,2,1,0
32,0.564,0,1,0,1,0
32,0.623,2,1,2,1,0
32,0.614,1,0,1,1,0
32,0.596,1,1,1,1,1
32,0.508,1,1,1,1,1
32,0.513,1,1,1,1,1
32,0.493,1,2,1,1,0
32,0.518,2,1,2,1,0
32,0.504,0,1,0,1,0
32,0.543,1,2,1,1,0
32,0.461,2,2,2,1,1
32,0.468,1,1,1,1,1
32,0.677,0,0,0,1,1
32,0.531,2,2,2,1,1
32,0.587,0,1,0,1,0
32,0.65,1,1,1,1,1
32,0.492,0,0,0,1,1
32,0.561,2,2,2,1,1
32,0.617,2,1,2,1,0
32,0.491,1,0,0,1,0
32,0.638,0,0,0,1,1
32,0.605,0,1,0,1,0
32,0.581,1,1,1,1,1
32,0.55,0,0,0,1,1
32,0.546,2,0,2,1,0
32,0.73,0,1,0,1,0
32,0.699,0,2,0,1,0
32,0.602,2,0,2,1,0
32,0.631,1,1,1,1,1
32,0.615,0,2,0,1,0
32,0.74,2,2,2,1,1
32,0.645,2,1,2,1,0
32,0.571,0,0,0,1,1
32,0.667,2,1,2,1,0
32,0.892,1,2,1,1,0
32,0.547,0,2,0,1,0
32,0.519,0,0,0,1,1
32,0.429,0,0,0,1,1
32,0.531,2,2,2,1,1
32,0.493,2,2,2,1,1
32,0.852,2,0,2,1,0
32,0.687,1,0,1,1,0
32,0.871,1,0,1,1,0
32,0.68,0,0,0,1,1
32,0.846,2,0,2,1,0
32,0.599,2,2,2,1,1
32,0.6,1,0,1,1,0
32,0.581,1,2,1,1,0
32,0.508,2,2,2,1,1
32,0.645,1,1,1,1,1
32,0.583,2,2,2,1,1
32,0.595,1,0,1,1,0
32,0.635,2,2,2,1,1
32,0.499,0,0,0,1,1
32,0.526,2,2,2,1,1
32,0.579,1,1,1,1,1
32,0.873,2,0,2,1,0
32,0.553,2,2,2,1,1
32,0.506,2,1,2,1,0
32,0.558,0,1,0,1,0
32,0.622,1,1,1,1,1
32,0.625,1,2,1,1,0
32,0.619,0,1,0,1,0
32,0.504,2,2,2,1,1
32,0.584,1,1,1,1,1
32,0.584,1,0,1,1,0
32,0.538,1,2,1,1,0
32,0.591,0,2,0,1,0
32,0.433,0,0,0,1,1
32,0.407,0,0,0,1,1
32,0.408,0,0,0,1,1
32,0.438,0,2,0,1,0
32,0.62,1,1,1,1,1
32,0.517,0,0,0,1,1
32,0.599,2,1,2,1,0
32,0.5,1,2,1,1,0
32,0.514,2,2,2,1,1
32,0.514,2,0,2,1,0
32,0.562,0,0,0,1,1
32,0.607,1,1,1,1,1
32,0.614,1,0,1,1,0
32,0.726,1,1,1,1,1
32,0.711,0,2,0,1,0
32,0.491,0,0,0,1,1
32,0.914,2,1,2,1,0
32,0.595,0,1,0,1,0
32,0.621,1,2,1,1,0
32,0.539,0,0,0,1,1
32,0.482,0,2,0,1,0
32,0.522,2,0,2,1,0
32,0.597,1,1,1,1,1
32,0.542,1,1,1,1,1
32,0.645,2,2,2,1,1
32,0.597,0,2,0,1,0
32,0.52,2,2,2,1,1
33,0.47,0,0,0,1,1
33,0.686,0,1,0,1,0
33,0.73,0,0,0,1,1
33,0.641,2,0,2,1,0
33,0.528,2,2,2,1,1
33,0.684,1,2,1,1,0
33,0.766,1,1,1,1,1
33,0.38,0,0,0,1,1
33,0.605,0,0,0,1,1
33,0.586,0,0,0,1,1
33,0.75,1,1,1,1,1
33,0.63,1,1,1,1,1
33,0.38,0,2,0,1,0
33,0.7,0,1,0,1,0
33,0.84,2,2,2,1,1
33,0.876,1,0,1,1,0
33,0.68,1,1,1,1,1
33,0.63,1,1,1,1,1
33,0.759,2,1,2,1,0
33,0.488,0,2,0,1,0
33,0.4,0,0,0,1,1
33,0.37,0,1,0,1,0
33,0.768,1,0,1,1,0
33,0.589,2,2,2,1,1
33,0.577,0,1,0,1,0
33,0.7,0,1,0,1,0
33,0.821,1,0,1,1,0
33,0.819,0,2,0,1,0
33,0.537,2,2,2,1,1
33,0.923,2,0,2,1,0
33,0.57,0,0,0,1,1
33,0.54,2,2,2,1,1
33,0.491,2,2,2,1,1
33,0.706,1,2,1,1,0
33,0.68,1,0,1,1,0
33,0.661,0,1,0,1,0
33,0.6,0,0,0,1,1
33,0.75,1,1,1,1,1
33,0.5,0,1,0,1,0
33,0.68,2,0,2,1,0
33,0.689,2,0,2,1,0
33,0.717,1,1,1,1,1
33,0.551,2,2,2,1,1
33,0.835,1,0,1,1,0
33,0.619,2,0,2,1,0
33,0.737,1,1,1,1,1
33,0.57,0,0,0,1,1
33,0.47,0,2,0,1,0
33,0.835,1,2,1,1,0
33,0.828,1,2,1,1,0
33,0.578,0,2,0,1,0
33,0.787,2,2,2,1,1
33,0.896,2,1,2,1,0
33,0.542,2,2,2,1,1
33,0.759,2,1,2,1,0
33,0.46,0,0,0,1,1
33,0.711,1,0,1,1,0
33,0.668,1,1,1,1,1
33,0.73,1,1,1,1,1
33,0.71,2,2,2,1,1
33,0.674,2,1,2,1,0
33,0.62,2,2,2,1,1
33,0.74,1,1,1,1,1
33,0.55,0,0,0,1,1
33,0.672,2,2,2,1,1
33,0.6,0,0,0,1,1
33,0.708,1,1,1,1,1
33,0.537,2,2,2,1,1
33,0.922,2,1,2,1,0
33,0.997,1,0,1,1,0
33,0.748,1,1,1,1,1
33,0.612,2,1,2,1,0
33,0.56,0,0,0,1,1
33,0.89,1,2,1,1,0
33,0.82,1,1,1,1,1
33,0.51,2,2,2,1,1
33,0.921,1,2,1,1,0
33,0.78,1,1,1,1,1
33,0.48,2,2,2,1,1
33,0.867,2,1,2,1,0
33,0.71,2,0,2,1,0
33,0.65,0,1,0,1,0
33,0.448,0,2,0,1,0
33,0.65,2,2,2,1,1
33,0.826,1,2,1,1,0
33,0.723,1,1,1,1,1
33,0.606,0,0,0,1,1
33,0.611,2,0,2,1,0
33,0.616,0,2,0,1,0
33,0.78,1,2,1,1,0
33,0.601,0,0,0,1,1
33,0.57,2,0,2,1,0
33,0.56,0,0,0,1,1
33,0.927,2,1,2,1,0
33,0.62,0,2,0,1,0
34,0.929,0,2,0,1,0
34,0.532,0,1,0,1,0
34,0.647,2,2,2,1,1
34,0.521,0,0,0,1,1
34,0.736,2,0,2,1,0
34,0.418,1,1,1,1,1
34,0.574,1,1,1,1,1
34,0.417,1,1,1,1,1
34,1.001,0,0,0,1,1
34,0.683,1,2,1,1,0
34,0.527,2,2,2,1,1
34,0.587,2,2,2,1,1
34,0.657,2,0,2,1,0
34,0.628,1,1,1,1,1
34,0.592,0,0,0,1,1
34,0.794,1,2,1,1,0
34,0.798,0,0,0,1,1
34,0.591,1,1,1,1,1
34,0.565,0,0,0,1,1
34,0.825,2,0,2,1,0
34,0.527,2,2,2,1,1
34,1.066,2,1,2,1,0
34,0.692,1,1,1,1,1
34,0.802,2,2,2,1,1
34,0.821,0,2,0,1,0
34,0.61,1,1,1,1,1
34,0.637,1,2,1,1,0
34,0.697,2,0,2,1,0
34,0.571,2,0,2,1,0
34,0.446,2,0,2,1,0
34,0.424,2,2,2,1,1
34,1.14,0,0,0,1,1
34,0.382,1,1,1,1,1
34,0.842,0,1,0,1,0
34,0.566,2,2,2,1,1
34,0.818,1,2,0,1,0
34,0.988,0,0,0,1,1
34,0.535,0,0,0,1,1
34,0.706,1,0,1,1,0
34,0.547,1,1,1,1,1
34,0.571,2,2,2,1,1
34,0.703,1,0,0,1,0
34,1.057,0,2,0,1,0
34,0.965,2,2,2,1,1
34,0.505,2,2,2,1,1
34,0.74,1,2,1,1,0
34,0.801,0,1,0,1,0
34,0.723,2,1,2,1,0
34,0.72,1,1,1,1,1
34,0.539,1,0,1,1,0
34,0.503,1,1,1,1,1
34,0.409,1,1,1,1,1
34,0.837,0,1,0,1,0
34,0.625,0,0,0,1,1
34,1.17,0,2,1,1,0
34,0.894,2,0,2,1,0
34,0.769,1,0,1,1,0
34,0.565,1,0,1,1,0
34,0.555,1,1,1,1,1
34,0.573,2,2,2,1,1
34,0.72,0,2,0,1,0
34,0.893,2,1,2,1,0
34,0.833,0,2,0,1,0
34,0.526,0,2,0,1,0
34,0.698,1,0,1,1,0
34,0.693,0,1,0,1,0
34,0.56,2,2,2,1,1
34,0.637,1,2,1,1,0
34,0.695,0,0,0,1,1
34,0.628,1,1,1,1,1
34,1.015,0,2,0,1,0
34,0.499,0,0,0,1,1
34,0.781,2,1,2,1,0
34,0.627,2,0,2,1,0
34,0.814,0,0,0,1,1
34,0.746,2,1,2,1,0
34,0.741,1,1,1,1,1
34,0.65,2,2,2,1,1
34,0.58,0,0,0,1,1
34,0.55,0,0,0,1,1
34,0.505,2,2,2,1,1
34,0.623,2,1,1,1,0
34,0.433,2,2,2,1,1
34,0.887,0,1,0,1,0
34,0.923,2,1,2,1,0
34,0.74,0,1,0,1,0
34,0.401,0,1,0,1,0
34,0.726,1,0,1,1,0
34,0.666,0,0,0,1,1
34,0.478,0,0,0,1,1
34,0.682,1,2,1,1,0
34,1.189,2,1,2,1,0
34,0.673,1,1,1,1,1
34,0.638,2,2,2,1,1
34,0.691,1,0,1,1,0
34,0.399,1,2,1,1,0
35,0.812,1,1,1,1,1
35,0.622,0,0,0,1,1
35,0.922,1,2,1,1,0
35,0.829,2,1,2,1,0
35,0.713,0,2,0,1,0
35,0.818,1,0,1,1,0
35,0.749,1,1,1,1,1
35,0.648,0,0,0,1,1
35,0.909,0,0,0,1,1
35,0.916,1,2,1,1,0
35,0.577,2,2,2,1,1
35,0.558,2,2,2,1,1
35,0.703,1,1,1,1,1
35,0.757,2,2,2,1,1
35,0.856,2,0,2,1,0
35,1.017,1,1,1,1,1
35,0.577,2,2,2,1,1
35,0.874,1,2,1,1,0
35,0.583,2,1,2,1,0
35,0.634,1,1,1,1,1
35,0.668,2,2,2,1,1
35,0.64,0,0,0,1,1
35,0.553,0,0,0,1,1
35,0.498,0,0,0,1,1
35,0.867,2,2,2,1,1
35,0.75,0,1,0,1,0
35,1.033,2,1,2,1,0
35,0.785,0,0,0,1,1
35,0.723,1,1,1,1,1
35,0.503,1,1,1,1,1
35,0.733,0,1,0,1,0
35,0.568,1,1,1,1,1
35,0.703,1,1,1,1,1
35,0.79,0,2,0,1,0
35,0.598,2,0,2,1,0
35,1.064,0,2,0,1,0
35,0.726,2,1,2,1,0
35,0.55,2,2,2,1,1
35,0.775,0,1,0,1,0
35,0.731,1,0,2,1,0
35,0.839,1,0,1,1,0
35,0.694,1,0,1,1,0
35,0.628,0,0,0,1,1
35,0.713,2,0,2,1,0
35,0.748,0,2,0,1,0
35,0.85,2,2,2,1,1
35,0.78,0,1,0,1,0
35,0.851,0,0,0,1,1
35,0.701,2,2,2,1,1
35,0.619,1,1,1,1,1
35,0.517,2,2,2,1,1
35,0.827,1,1,1,1,1
35,0.776,1,2,1,1,0
35,0.676,0,0,0,1,1
35,1.141,2,2,2,1,1
35,0.613,0,0,0,1,1
35,0.778,2,0,2,1,0
35,0.707,1,0,1,1,0
35,1.115,0,2,0,1,0
35,0.561,2,2,2,1,1
35,0.738,0,1,0,1,0
35,1.262,2,2,2,1,1
35,0.736,1,2,1,1,0
35,0.536,1,1,1,1,1
35,1.016,2,2,2,1,1
35,0.461,2,2,2,1,1
35,0.741,0,1,0,1,0
35,0.725,2,0,2,1,0
35,0.812,2,0,2,1,0
35,0.796,1,0,1,1,0
35,0.755,0,2,0,1,0
35,0.61,0,2,0,1,0
35,0.998,1,1,1,1,1
35,0.734,2,2,2,1,1
35,0.616,2,1,2,1,0
35,1.077,1,1,1,1,1
35,0.532,1,1,1,1,1
35,0.726,0,1,0,1,0
35,0.599,2,1,2,1,0
35,0.842,1,0,1,1,0
35,0.807,2,1,2,1,0
35,0.549,1,1,1,1,1
35,0.646,0,0,0,1,1
35,1.212,2,0,2,1,0
35,0.522,2,1,2,1,0
35,0.661,1,2,1,1,0
35,0.693,0,0,0,1,1
35,0.981,1,2,1,1,0
35,0.661,0,0,0,1,1
35,0.489,0,0,0,1,1
35,0.472,0,0,0,1,1
35,0.592,0,1,0,1,0
35,0.937,1,2,1,1,0
35,0.939,2,0,2,1,0
35,0.884,0,2,0,1,0
36,0.586,2,2,2,1,1
36,0.457,1,1,1,1,1
36,0.451,1,0,1,1,0
36,0.482,1,1,1,1,1
36,0.392,0,0,0,1,1
36,0.777,0,1,0,1,0
36,0.846,2,1,2,1,0
36,0.507,0,0,0,1,1
36,0.794,2,2,2,1,1
36,0.879,0,2,0,1,0
36,0.514,1,1,1,1,1
36,0.718,2,0,2,1,0
36,0.707,0,1,0,1,0
36,0.625,0,2,0,1,0
36,0.527,1,1,1,1,1
36,0.397,1,1,1,1,1
36,0.575,0,0,0,1,1
36,0.796,1,0,1,1,0
36,0.514,1,1,1,1,1
36,0.744,2,0,2,1,0
36,0.522,1,1,1,1,1
36,0.853,2,1,2,1,0
36,0.572,2,2,2,1,1
36,0.567,2,2,2,1,1
36,0.741,0,1,0,1,0
36,0.871,2,2,2,1,1
36,0.877,1,0,1,1,0
36,0.724,1,0,1,1,0
36,0.532,1,2,1,1,0
36,0.728,2,0,2,1,0
36,0.557,2,2,2,1,1
36,0.52,0,0,0,1,1
36,0.645,2,0,2,1,0
36,0.44,1,1,1,1,1
36,0.506,0,0,0,1,1
36,1.089,0,1,0,1,0
36,0.817,2,1,2,1,0
36,0.523,1,1,1,1,1
36,0.504,1,1,1,1,1
36,0.478,1,1,1,1,1
36,0.738,1,0,1,1,0
36,0.801,2,2,2,1,1
36,0.752,2,1,2,1,0
36,1.047,1,2,1,1,0
36,0.794,2,0,2,1,0
36,0.431,0,0,0,1,1
36,0.54,0,1,0,1,0
36,0.578,2,2,2,1,1
36,0.769,0,2,0,1,0
36,0.45,0,1,0,1,0
36,0.548,2,2,2,1,1
36,0.579,2,0,2,1,0
36,0.519,0,0,0,1,1
36,0.502,0,2,0,1,0
36,0.525,1,1,1,1,1
36,0.908,0,2,0,1,0
36,0.748,2,1,2,1,0
36,0.53,2,2,2,1,1
36,0.511,2,2,2,1,1
36,0.543,0,0,0,1,1
36,0.406,0,0,0,1,1
36,0.552,2,2,2,1,1
36,0.44,1,2,1,1,0
36,0.441,0,0,0,1,1
36,0.627,1,1,1,1,1
36,0.475,1,2,1,1,0
36,0.44,1,2,1,1,0
36,0.573,0,1,0,1,0
36,0.456,0,0,0,1,1
36,0.639,2,0,2,1,0
36,0.773,2,0,2,1,0
36,0.622,1,0,1,1,0
36,0.533,1,0,1,1,0
36,0.688,2,2,2,1,1
36,0.752,2,1,1,1,0
36,0.616,2,2,2,1,1
36,0.524,2,2,2,1,1
36,0.65,0,2,0,1,0
36,0.465,0,0,0,1,1
36,0.461,0,2,0,1,0
36,0.887,2,1,2,1,0
36,0.384,1,2,1,1,0
36,0.423,1,1,1,1,1
36,0.801,0,2,0,1,0
36,0.68,1,1,1,1,1
36,0.5,1,1,1,1,1
36,0.683,1,0,1,1,0
36,0.942,2,2,2,1,1
36,0.601,0,0,0,1,1
36,0.433,0,0,0,1,1
36,0.703,0,1,0,1,0
36,0.48,0,0,0,1,1
36,0.461,0,0,0,1,1
36,0.746,2,1,2,1,0
36,0.539,1,2,1,1,0
37,0.702,2,1,2,1,0
37,0.85,1,0,1,1,0
37,0.761,2,0,2,1,0
37,0.602,2,2,2,1,1
37,0.796,0,2,0,1,0
37,0.721,0,1,0,1,0
37,0.686,0,2,0,1,0
37,0.551,0,0,0,1,1
37,0.54,0,1,0,1,0
37,0.653,1,1,1,1,1
37,0.49,1,1,1,1,1
37,0.594,2,2,2,1,1
37,0.713,2,1,2,1,0
37,0.605,0,0,0,1,1
37,0.584,2,2,2,1,1
37,0.621,2,1,2,1,0
37,0.603,2,2,2,1,1
37,0.78,1,0,1,1,0
37,0.841,0,2,0,1,0
37,0.697,2,2,2,1,1
37,0.69,1,1,1,1,1
37,0.716,2,1,2,1,0
37,0.734,1,1,1,1,1
37,0.603,1,1,1,1,1
37,0.63,0,2,0,1,0
37,0.914,2,1,2,1,0
37,0.528,2,2,2,1,1
37,0.651,1,2,1,1,0
37,0.637,2,1,2,1,0
37,0.719,0,2,0,1,0
37,0.558,1,0,1,1,0
37,0.473,1,0,1,1,0
37,0.717,2,1,2,1,0
37,0.533,0,0,0,1,1
37,0.75,1,0,1,1,0
37,0.653,0,0,0,1,1
37,0.612,1,1,1,1,1
37,0.9,0,0,0,1,1
37,0.605,0,0,0,1,1
37,0.651,2,0,2,1,0
37,0.739,1,0,1,1,0
37,0.742,2,2,2,1,1
37,0.631,2,2,2,1,1
37,0.531,2,2,2,1,1
37,0.588,0,0,0,1,1
37,0.481,1,1,1,1,1
37,0.449,1,2,1,1,0
37,0.661,1,1,1,1,1
37,0.638,1,1,1,1,1
37,0.8,2,0,2,1,0
37,0.649,1,0,1,1,0
37,0.62,2,2,2,1,1
37,0.844,0,1,0,1,0
37,0.694,1,2,1,1,0
37,0.824,0,1,0,1,0
37,0.676,0,1,0,1,0
37,0.544,0,0,0,1,1
37,0.628,0,0,0,1,1
37,0.6,1,1,1,1,1
37,0.625,0,0,0,1,1
37,0.66,0,2,0,1,0
37,0.712,1,1,1,1,1
37,0.676,0,1,0,1,0
37,0.635,2,0,2,1,0
37,0.775,0,1,0,1,0
37,0.502,1,2,1,1,0
37,0.582,1,2,1,1,0
37,0.654,2,2,2,1,1
37,0.875,2,1,2,1,0
37,0.683,1,2,1,1,0
37,0.606,2,2,2,1,1
37,0.53,1,1,1,1,1
37,0.643,2,2,2,1,1
37,0.476,2,2,2,1,1
37,0.684,1,1,1,1,1
37,0.687,2,0,2,1,0
37,0.786,0,2,0,1,0
37,0.814,2,0,2,1,0
37,0.769,0,0,0,1,1
37,0.628,1,1,1,1,1
37,0.736,0,2,0,1,0
37,1.012,2,0,2,1,0
37,0.893,0,1,0,1,0
37,0.578,0,0,0,1,1
37,0.586,1,0,1,1,0
37,0.57,2,0,2,1,0
37,0.675,2,2,2,1,1
37,0.909,1,1,1,1,1
37,0.6,0,0,0,1,1
37,0.514,1,1,1,1,1
37,0.605,0,0,0,1,1
37,0.793,0,0,0,1,1
37,0.856,1,2,1,1,0
37,0.661,0,0,0,1,1
37,0.773,1,2,1,1,0
37,0.833,2,2,2,1,1
38,0.472,2,2,2,1,1
38,0.663,2,0,2,1,0
38,0.616,1,2,1,1,0
38,0.44,0,0,0,1,1
38,0.515,0,0,0,1,1
38,0.722,2,1,2,1,0
38,0.484,2,2,2,1,1
38,0.556,1,2,1,1,0
38,0.568,2,0,2,1,0
38,0.534,2,2,2,1,1
38,0.639,1,2,1,1,0
38,0.396,2,2,2,1,1
38,0.483,2,1,2,1,0
38,0.516,0,1,0,1,0
38,0.478,2,2,2,1,1
38,0.636,1,0,1,1,0
38,0.592,1,2,2,1,0
38,0.347,1,1,1,1,1
38,0.544,0,2,0,1,0
38,0.532,1,1,1,1,1
38,0.345,0,0,2,1,1
38,0.627,1,2,1,1,0
38,0.487,2,0,0,1,0
38,0.527,0,0,0,1,1
38,0.524,0,0,0,1,1
38,0.465,2,2,2,1,1
38,0.919,2,1,2,1,0
38,0.557,0,0,0,1,1
38,0.755,1,2,1,1,0
38,0.763,0,2,2,1,0
38,0.454,1,1,1,1,1
38,0.694,1,0,1,1,0
38,0.432,2,2,2,1,1
38,0.632,0,2,2,1,0
38,0.733,0,2,0,1,0
38,0.836,0,2,0,1,0
38,0.54,1,1,1,1,1
38,0.427,2,2,2,1,1
38,0.712,1,0,1,1,0
38,0.501,1,1,1,1,1
38,0.598,1,0,1,1,0
38,0.483,2,2,2,1,1
38,0.426,1,1,1,1,1
38,0.841,2,1,2,1,0
38,0.777,0,1,0,1,0
38,0.779,1,0,1,1,0
38,0.565,0,0,0,1,1
38,0.475,1,1,1,1,1
38,0.499,2,2,2,1,1
38,0.593,1,1,1,1,1
38,0.796,2,1,2,1,0
38,0.561,1,1,1,1,1
38,0.489,0,0,0,1,1
38,0.502,0,0,0,1,1
38,0.885,2,1,2,1,0
38,0.759,2,2,1,1,1
38,0.549,1,1,1,1,1
38,0.733,2,1,2,1,0
38,0.379,0,0,0,1,1
38,0.639,2,0,2,1,0
38,0.604,0,2,0,1,0
38,0.499,1,1,1,1,1
38,0.528,0,1,0,1,0
38,0.584,0,0,0,1,1
38,0.614,1,2,1,1,0
38,0.787,0,2,2,1,0
38,0.658,0,0,0,1,1
38,0.541,0,0,0,1,1
38,0.532,1,1,1,1,1
38,0.747,2,0,2,1,0
38,0.646,1,1,1,1,1
38,0.871,1,0,1,1,0
38,0.514,2,2,2,1,1
38,0.473,0,1,1,1,0
38,0.669,2,0,2,1,0
38,0.741,0,1,0,1,0
38,0.561,1,1,1,1,1
38,0.623,2,1,2,1,0
38,0.592,0,2,0,1,0
38,0.525,2,2,2,1,1
38,0.751,0,1,0,1,0
38,0.4,2,2,2,1,1
38,0.653,1,0,1,1,0
38,0.6,1,1,1,1,1
38,0.788,0,0,0,1,1
38,0.774,2,0,2,1,0
38,0.667,2,2,2,1,1
38,0.581,0,1,1,1,0
38,0.892,2,0,2,1,0
38,0.608,1,1,1,1,1
38,0.481,2,2,2,1,1
38,0.667,1,0,1,1,0
38,0.523,0,0,0,1,1
38,0.759,1,2,1,1,0
38,0.661,0,1,0,1,0
38,0.568,0,0,0,1,1
39,0.843,2,0,2,1,0
39,1.094,2,1,2,1,0
39,0.441,2,2,2,1,1
39,0.798,0,1,0,1,0
39,0.654,2,2,2,1,1
39,0.793,0,0,0,1,1
39,0.606,1,0,1,1,0
39,0.386,0,0,0,1,1
39,1.117,0,2,0,1,0
39,0.612,0,2,0,1,0
39,0.458,1,1,1,1,1
39,0.575,1,1,1,1,1
39,0.681,2,2,2,1,1
39,0.577,2,2,2,1,1
39,0.731,1,0,1,1,0
39,0.61,2,2,2,1,1
39,0.772,1,2,1,1,0
39,0.897,2,0,2,1,0
39,0.45,0,1,0,1,0
39,0.518,2,2,2,1,1
39,0.816,2,0,2,1,0
39,0.662,1,2,1,1,0
39,0.444,1,1,1,1,1
39,0.441,0,1,0,1,0
39,0.432,2,2,2,1,1
39,0.73,1,0,1,1,0
39,0.454,1,2,1,1,0
39,0.892,2,0,2,1,0
39,0.604,2,2,2,1,1
39,1.26,0,1,0,1,0
39,0.621,2,2,1,1,1
39,0.59,0,0,0,1,1
39,0.796,2,1,2,1,0
39,0.658,2,1,2,1,0
39,0.671,1,1,1,1,1
39,0.968,1,2,2,1,0
39,0.808,2,0,2,1,0
39,1.044,0,2,0,1,0
39,0.507,0,0,0,1,1
39,0.594,2,2,2,1,1
39,0.463,0,0,0,1,1
39,0.635,2,0,2,1,0
39,0.506,2,0,2,1,0
39,0.581,0,0,0,1,1
39,0.541,0,1,0,1,0
39,0.818,1,1,1,1,1
39,0.604,2,2,2,1,1
39,0.983,1,2,1,1,0
39,0.731,1,1,1,1,1
39,0.674,1,1,1,1,1
39,0.515,1,1,1,1,1
39,0.957,0,2,0,1,0
39,0.543,1,1,1,1,1
39,0.584,1,1,1,1,1
39,1.11,2,1,2,1,0
39,0.455,0,0,0,1,1
39,0.843,2,1,2,1,0
39,0.624,2,2,2,1,1
39,1.134,1,0,1,1,0
39,0.572,1,1,1,1,1
39,0.679,0,1,0,1,0
39,0.451,0,1,0,1,0
39,1.016,1,1,1,1,1
39,0.886,1,2,1,1,0
39,0.781,2,2,2,1,1
39,0.778,1,1,1,1,1
39,0.799,2,1,2,1,0
39,0.737,2,2,2,1,1
39,0.424,1,1,1,1,1
39,1.005,0,2,0,1,0
39,0.607,0,0,0,1,1
39,0.767,2,1,2,1,0
39,0.665,2,1,2,1,0
39,0.752,0,0,0,1,1
39,0.91,0,0,0,1,1
39,0.9,1,2,1,1,0
39,0.623,1,0,1,1,0
39,0.566,1,2,1,1,0
39,0.593,1,0,1,1,0
39,1.002,0,0,0,1,1
39,0.656,2,2,2,1,1
39,0.579,1,1,1,1,1
39,0.592,0,0,0,1,1
39,1.034,1,0,1,1,0
39,0.575,0,1,0,1,0
39,0.733,1,1,1,1,1
39,0.648,1,0,1,1,0
39,0.658,0,0,0,1,1
39,0.554,0,0,0,1,1
39,0.657,0,2,0,1,0
39,0.58,0,0,0,1,1
39,0.625,2,0,2,1,0
39,0.597,2,2,2,1,1
39,0.956,0,2,0,1,0
39,0.606,0,0,0,1,1
40,0.753,2,0,2,1,0
40,0.514,2,2,2,1,1
40,0.49,2,1,2,1,0
40,0.492,1,1,1,1,1
40,0.543,0,0,0,1,1
40,0.66,1,0,1,1,0
40,0.518,2,2,2,1,1
40,0.648,1,0,1,1,0
40,0.603,1,2,1,1,0
40,0.643,2,0,2,1,0
40,0.58,2,1,2,1,0
40,0.573,1,1,1,1,1
40,0.514,1,1,1,1,1
40,0.563,1,0,1,1,0
40,0.413,0,0,0,1,1
40,0.38,0,0,0,1,1
40,0.565,2,2,2,1,1
40,0.576,2,1,2,1,0
40,0.656,1,1,1,1,1
40,0.648,2,0,2,1,0
40,0.684,2,1,2,1,0
40,0.682,0,2,0,1,0
40,0.527,1,1,1,1,1
40,0.818,1,2,1,1,0
40,0.587,0,0,0,1,1
40,0.518,0,2,0,1,0
40,0.565,2,2,2,1,1
40,0.805,0,1,0,1,0
40,0.697,2,0,2,1,0
40,0.907,0,1,0,1,0
40,0.492,0,0,0,1,1
40,0.463,0,0,0,1,1
40,0.634,2,2,2,1,1
40,0.942,1,0,1,1,0
40,0.857,2,2,2,1,1
40,0.392,1,0,1,1,0
40,0.353,0,0,0,1,1
40,0.727,2,1,2,1,0
40,0.566,0,0,0,1,1
40,0.536,0,0,0,1,1
40,0.56,1,1,1,1,1
40,0.662,2,1,2,1,0
40,0.808,1,0,1,1,0
40,0.723,1,1,1,1,1
40,1.024,1,2,1,1,0
40,0.539,1,1,1,1,1
40,0.596,2,2,2,1,1
40,0.778,1,0,1,1,0
40,0.534,1,1,1,1,1
40,0.671,2,0,2,1,0
40,0.58,0,0,0,1,1
40,0.766,1,2,1,1,0
40,0.691,2,2,2,1,1
40,0.493,2,2,2,1,1
40,0.576,2,0,2,1,0
40,0.523,1,1,1,1,1
40,0.575,0,2,0,1,0
40,0.445,0,0,0,1,1
40,0.426,1,2,1,1,0
40,0.467,2,2,2,1,1
40,0.679,0,2,0,1,0
40,0.527,0,1,0,1,0
40,0.64,2,2,2,1,1
40,0.546,2,2,2,1,1
40,0.508,0,0,0,1,1
40,0.59,1,2,1,1,0
40,0.606,0,2,0,1,0
40,0.589,0,1,0,1,0
40,0.417,1,2,1,1,0
40,0.58,1,1,1,1,1
40,0.522,0,0,0,1,1
40,0.608,1,0,1,1,0
40,0.549,1,1,1,1,1
40,0.731,2,1,2,1,0
40,0.751,0,1,0,1,0
40,0.665,2,1,2,1,0
40,0.711,0,0,0,1,1
40,0.558,1,1,1,1,1
40,0.68,0,2,0,1,0
40,0.621,0,1,0,1,0
40,0.512,0,0,0,1,1
40,0.492,0,1,0,1,0
40,0.629,1,2,1,1,0
40,0.625,0,2,0,1,0
40,0.641,2,2,2,1,1
40,0.527,1,1,1,1,1
40,0.883,2,2,2,1,1
40,0.542,2,2,2,1,1
40,0.975,0,1,0,1,0
40,1.042,2,2,2,1,1
40,1.098,2,0,2,1,0
40,0.806,0,0,0,1,1
40,0.746,1,1,1,1,1
40,0.737,1,1,1,1,1
41,0.688,2,2,2,1,1
41,0.832,0,0,0,1,1
41,0.871,0,0,0,1,1
41,0.846,1,0,1,1,0
41,0.734,0,0,0,1,1
41,0.828,0,0,1,1,1
41,0.815,2,1,2,1,0
41,0.626,1,1,1,1,1
41,0.587,1,1,1,1,1
41,1.058,1,2,1,1,0
41,0.736,1,1,1,1,1
41,0.983,2,0,2,1,0
41,0.745,0,0,0,1,1
41,0.92,1,0,1,1,0
41,0.798,0,2,0,1,0
41,0.685,0,2,0,1,0
41,0.796,0,2,0,1,0
41,0.737,0,0,0,1,1
41,0.719,0,2,0,1,0
41,0.647,2,2,2,1,1
41,1.206,2,2,2,1,1
41,0.957,1,1,0,1,1
41,0.867,1,1,1,1,1
41,1.068,0,2,0,1,0
41,0.647,1,1,1,1,1
41,0.819,1,0,1,1,0
41,0.654,0,2,0,1,0
41,1.268,2,2,2,1,1
41,0.732,1,1,1,1,1
41,0.724,0,1,0,1,0
41,0.602,0,0,0,1,1
41,0.879,1,2,1,1,0
41,0.935,1,2,1,1,0
41,0.635,2,0,0,1,0
41,0.806,0,1,1,1,0
41,1.278,2,2,2,1,1
41,0.82,1,2,1,1,0
41,0.743,0,0,0,1,1
41,0.651,1,1,1,1,1
41,0.833,1,2,1,1,0
41,0.653,1,1,1,1,1
41,1.187,2,2,0,1,1
41,0.656,2,2,2,1,1
41,1.176,2,1,2,1,0
41,0.917,2,2,2,1,1
41,0.96,2,1,2,1,0
41,0.922,2,0,2,1,0
41,0.763,0,1,0,1,0
41,0.847,1,2,1,1,0
41,0.959,2,0,2,1,0
41,1.232,1,0,1,1,0
41,0.919,2,2,2,1,1
41,0.883,0,1,0,1,0
41,0.609,0,0,0,1,1
41,0.755,1,1,1,1,1
41,0.991,0,0,0,1,1
41,0.962,0,2,0,1,0
41,0.865,2,0,2,1,0
41,1.275,2,1,2,1,0
41,0.88,1,1,1,1,1
41,1.087,2,0,0,1,0
41,0.84,2,2,2,1,1
41,0.744,1,1,1,1,1
41,1.199,2,2,2,1,1
41,0.918,2,1,1,1,0
41,0.806,0,1,0,1,0
41,1.007,2,1,2,1,0
41,1.001,0,0,0,1,1
41,1.254,0,1,0,1,0
41,0.88,1,0,0,1,0
41,0.689,2,1,2,1,0
41,0.644,0,0,0,1,1
41,1.217,2,1,2,1,0
41,1.057,2,2,2,1,1
41,0.621,1,0,1,1,0
41,1.49,1,2,2,1,0
41,0.97,1,0,1,1,0
41,0.8,1,1,1,1,1
41,1.181,2,0,2,1,0
41,0.728,1,1,1,1,1
41,1.162,0,1,0,1,0
41,0.711,2,2,1,1,1
41,0.697,0,0,0,1,1
41,1.404,2,2,2,1,1
41,0.643,0,0,0,1,1
41,0.689,0,0,0,1,1
41,1.33,2,2,2,1,1
41,0.671,1,1,1,1,1
41,1.428,0,0,0,1,1
41,0.725,2,0,2,1,0
41,0.648,1,1,0,1,1
42,0.794,1,0,1,1,0
42,0.933,1,2,1,1,0
42,1.005,0,1,0,1,0
42,0.992,1,2,1,1,0
42,0.756,1,0,1,1,0
42,0.7,2,2,2,1,1
42,0.732,0,1,0,1,0
42,0.846,2,1,2,1,0
42,0.645,0,0,0,1,1
42,0.667,0,0,0,1,1
42,0.609,1,1,1,1,1
42,0.518,2,1,2,1,0
42,0.872,2,0,2,1,0
42,1.064,0,1,0,1,0
42,0.832,2,1,2,1,0
42,0.743,1,1,1,1,1
42,0.896,0,1,0,1,0
42,0.886,0,2,0,1,0
42,0.6,1,1,1,1,1
42,0.642,2,2,2,1,1
42,0.705,1,2,1,1,0
42,0.792,0,2,0,1,0
42,0.567,1,1,1,1,1
42,0.837,2,0,2,1,0
42,0.562,2,2,2,1,1
42,0.894,2,0,2,1,0
42,0.652,2,1,2,1,0
42,0.821,0,0,0,1,1
42,0.553,0,0,0,1,1
42,0.667,0,1,0,1,0
42,0.963,2,1,2,1,0
42,0.638,2,2,2,1,1
42,0.822,0,2,0,1,0
42,0.435,1,1,1,1,1
42,0.673,0,1,1,1,0
42,0.688,0,2,0,1,0
42,0.699,1,1,1,1,1
42,0.7,2,2,2,1,1
42,0.582,2,2,2,1,1
42,0.88,1,0,1,1,0
42,0.747,1,1,1,1,1
42,0.659,0,0,0,1,1
42,0.836,0,0,0,1,1
42,0.541,0,0,0,1,1
42,0.786,0,1,0,1,0
42,0.74,2,2,2,1,1
42,0.558,2,2,2,1,1
42,0.567,0,0,0,1,1
42,1.026,2,1,2,1,0
42,0.725,1,1,1,1,1
42,0.773,0,0,0,1,1
42,0.778,2,0,2,1,0
42,0.645,1,1,1,1,1
42,0.808,0,2,0,1,0
42,0.914,2,0,2,1,0
42,0.667,1,1,1,1,1
42,0.742,1,0,1,1,0
42,0.683,0,0,0,1,1
42,0.616,2,1,2,1,0
42,0.617,2,2,2,1,1
42,0.639,2,2,2,1,1
42,0.697,1,1,1,1,1
42,0.917,1,0,1,1,0
42,0.612,1,1,1,1,1
42,1.216,0,2,0,1,0
42,1.002,1,2,1,1,0
42,0.759,1,0,1,1,0
42,0.728,0,1,0,1,0
42,0.55,2,2,2,1,1
42,0.543,2,0,2,1,0
42,0.451,1,1,1,1,1
42,0.564,2,0,2,1,0
42,0.507,1,1,1,1,1
42,0.507,1,1,1,1,1
42,0.64,2,2,2,1,1
42,0.608,2,2,2,1,1
42,0.465,0,0,0,1,1
42,0.553,0,0,0,1,1
42,0.555,2,0,2,1,0
42,0.781,1,2,1,1,0
42,0.665,2,2,2,1,1
42,0.589,0,0,0,1,1
42,0.67,2,2,2,1,1
42,0.713,1,1,1,1,1
42,0.583,0,0,0,1,1
42,0.585,2,2,2,1,1
42,0.715,1,2,1,1,0
42,0.639,0,0,0,1,1
42,0.767,1,2,1,1,0
42,0.602,1,0,1,1,0
42,1.03,0,2,0,1,0
42,0.676,0,2,0,1,0
42,0.61,0,0,0,1,1
42,0.483,1,0,1,1,0
42,0.954,2,1,2,1,0
43,0.768,0,0,0,1,1
43,0.609,0,0,0,1,1
43,0.982,2,0,2,1,0
43,0.713,0,1,0,1,0
43,0.697,0,0,0,1,1
43,0.542,0,2,0,1,0
43,0.542,0,0,0,1,1
43,0.508,0,1,0,1,0
43,0.507,0,1,0,1,0
43,1.012,1,2,1,1,0
43,0.411,2,2,2,1,1
43,0.658,1,1,1,1,1
43,1.154,2,1,2,1,0
43,0.952,2,2,2,1,1
43,0.626,1,1,1,1,1
43,0.825,1,1,1,1,1
43,0.596,2,2,2,1,1
43,0.628,1,1,1,1,1
43,0.81,0,0,0,1,1
43,0.682,2,2,2,1,1
43,0.801,1,0,1,1,0
43,0.591,1,0,1,1,0
43,0.574,1,2,1,1,0
43,0.459,0,1,0,1,0
43,0.695,1,1,1,1,1
43,0.572,2,0,2,1,0
43,0.711,0,2,0,1,0
43,0.656,1,1,1,1,1
43,0.5,2,2,2,1,1
43,0.734,0,0,0,1,1
43,0.702,0,1,1,1,0
43,1.096,2,1,2,1,0
43,0.5,0,0,0,1,1
43,0.561,0,0,0,1,1
43,0.641,0,0,0,1,1
43,0.468,2,2,2,1,1
43,0.706,0,2,0,1,0
43,0.888,1,2,1,1,0
43,1.148,0,2,0,1,0
43,0.697,1,2,1,1,0
43,0.875,1,0,1,1,0
43,0.74,0,2,0,1,0
43,0.694,1,1,1,1,1
43,0.731,0,0,0,1,1
43,0.483,0,0,0,1,1
43,0.834,2,2,2,1,1
43,0.557,2,1,2,1,0
43,0.529,2,2,2,1,1
43,0.771,1,1,1,1,1
43,0.725,1,1,1,1,1
43,0.776,2,2,0,1,1
43,0.641,2,0,2,1,0
43,0.814,0,2,0,1,0
43,0.633,1,1,1,1,1
43,0.756,2,0,0,1,0
43,0.611,2,1,2,1,0
43,0.708,0,1,1,1,0
43,0.792,2,2,1,1,1
43,0.908,1,1,1,1,1
43,0.882,2,1,2,1,0
43,0.786,2,0,2,1,0
43,0.794,0,1,0,1,0
43,0.83,0,2,0,1,0
43,0.508,0,1,0,1,0
43,0.884,1,0,1,1,0
43,0.633,0,0,0,1,1
43,0.834,1,0,1,1,0
43,0.546,2,2,2,1,1
43,1.018,1,2,1,1,0
43,0.895,2,2,2,1,1
43,0.805,2,0,0,1,0
43,0.522,2,0,2,1,0
43,0.702,0,0,0,1,1
43,1.085,1,0,1,1,0
43,0.766,1,2,1,1,0
43,0.523,0,0,0,1,1
43,0.819,1,0,1,1,0
43,0.739,2,0,0,1,0
43,0.736,1,1,1,1,1
43,0.757,2,2,2,1,1
43,0.955,2,2,1,1,1
43,0.959,1,0,1,1,0
43,0.625,0,0,0,1,1
43,1.038,2,1,2,1,0
43,1.156,2,1,2,1,0
43,0.785,1,1,1,1,1
43,0.799,2,2,2,1,1
43,0.696,0,2,0,1,0
43,0.723,1,2,1,1,0
43,0.735,1,1,1,1,1
43,0.549,2,2,2,1,1
43,0.937,1,2,1,1,0
43,0.647,1,1,1,1,1
43,0.688,1,1,1,1,1
43,0.615,0,0,0,1,1
43,0.775,2,1,1,1,0
44,0.654,1,1,1,1,1
44,0.763,2,1,2,1,0
44,0.867,1,2,1,1,0
44,0.515,0,1,0,1,0
44,0.66,1,1,1,1,1
44,0.801,0,1,0,1,0
44,0.525,0,0,0,1,1
44,0.687,0,2,0,1,0
44,0.702,0,2,0,1,0
44,0.952,2,2,2,1,1
44,0.804,1,0,1,1,0
44,0.906,2,1,2,1,0
44,1.009,1,0,1,1,0
44,0.564,0,0,0,1,1
44,0.922,1,2,1,1,0
44,0.612,0,2,0,1,0
44,1.017,2,2,2,1,1
44,0.594,0,0,0,1,1
44,0.612,1,1,1,1,1
44,0.678,1,1,1,1,1
44,0.718,2,2,2,1,1
44,0.872,0,2,0,1,0
44,0.61,1,1,1,1,1
44,0.736,0,1,0,1,0
44,0.586,1,1,1,1,1
44,0.552,0,0,0,1,1
44,0.727,2,1,2,1,0
44,0.746,2,0,2,1,0
44,0.965,1,0,1,1,0
44,0.778,0,0,0,1,1
44,0.578,0,0,0,1,1
44,0.606,1,1,1,1,1
44,0.569,2,2,2,1,1
44,0.862,1,2,1,1,0
44,0.824,1,2,1,1,0
44,0.512,1,1,1,1,1
44,0.508,2,2,2,1,1
44,0.53,2,2,2,1,1
44,0.493,0,0,0,1,1
44,0.631,2,0,2,1,0
44,0.735,0,1,0,1,0
44,0.671,0,1,0,1,0
44,0.596,0,2,0,1,0
44,0.53,2,2,2,1,1
44,0.476,2,2,2,1,1
44,0.726,2,0,2,1,0
44,0.711,1,0,1,1,0
44,0.495,1,1,1,1,1
44,0.461,1,1,1,1,1
44,0.595,0,0,0,1,1
44,0.552,0,0,0,1,1
44,0.748,2,1,2,1,0
44,0.535,2,2,2,1,1
44,0.687,1,2,1,1,0
44,0.429,1,1,1,1,1
44,0.708,1,2,1,1,0
44,0.495,0,0,0,1,1
44,0.597,1,1,1,1,1
44,0.522,2,2,2,1,1
44,0.55,0,0,0,1,1
44,0.762,1,2,1,1,0
44,0.609,2,0,2,1,0
44,0.459,1,1,1,1,1
44,0.508,1,0,1,1,0
44,0.514,0,0,0,1,1
44,0.963,0,1,0,1,0
44,0.876,0,2,2,1,0
44,0.669,2,2,2,1,1
44,0.903,2,0,2,1,0
44,0.582,2,2,2,1,1
44,0.49,2,2,2,1,1
44,0.613,0,0,0,1,1
44,0.75,2,1,2,1,0
44,0.745,1,0,1,1,0
44,0.571,0,0,0,1,1
44,0.535,2,2,2,1,1
44,0.749,2,1,2,1,0
44,0.86,1,1,1,1,1
44,0.968,1,0,1,1,0
44,0.424,2,2,2,1,1
44,0.77,2,1,2,1,0
44,0.573,0,1,0,1,0
44,0.721,0,2,0,1,0
44,0.728,0,2,0,1,0
44,0.556,2,2,2,1,1
44,0.49,0,0,0,1,1
44,0.634,2,1,2,1,0
44,0.523,0,0,0,1,1
44,0.509,2,0,2,1,0
44,0.63,2,0,2,1,0
44,0.756,1,0,1,1,0
44,0.583,2,0,2,1,0
44,0.726,1,2,1,1,0
44,0.64,0,1,0,1,0
44,0.671,1,1,1,1,1
44,0.512,1,1,1,1,1
45,0.832,1,0,2,1,0
45,0.654,1,2,1,1,0
45,0.582,1,0,0,1,0
45,0.645,1,1,1,1,1
45,0.637,2,2,2,1,1
45,0.804,2,1,2,1,0
45,1.028,1,0,1,1,0
45,0.507,1,1,1,1,1
45,0.462,1,2,1,1,0
45,0.43,1,1,1,1,1
45,0.827,2,0,2,1,0
45,0.504,1,0,1,1,0
45,0.684,1,1,1,1,1
45,0.419,2,2,2,1,1
45,1.133,2,0,2,1,0
45,0.85,0,1,0,1,0
45,0.545,0,0,0,1,1
45,0.51,0,1,0,1,0
45,0.484,0,0,0,1,1
45,0.623,0,1,1,1,0
45,0.37,0,1,0,1,0
45,0.606,2,2,2,1,1
45,0.442,1,2,1,1,0
45,0.627,0,0,0,1,1
45,0.741,0,0,0,1,1
45,0.505,0,0,0,1,1
45,0.654,2,0,1,1,0
45,0.593,2,0,2,1,0
45,0.524,1,1,1,1,1
45,0.421,2,2,2,1,1
45,0.585,0,0,0,1,1
45,1.024,2,1,2,1,0
45,0.634,1,1,1,1,1
45,0.881,1,1,1,1,1
45,1.021,2,2,2,1,1
45,0.889,2,1,2,1,0
45,0.888,1,2,1,1,0
45,0.642,0,1,0,1,0
45,1.105,1,0,1,1,0
45,0.696,0,2,0,1,0
45,1.195,0,1,0,1,0
45,1.101,1,1,1,1,1
45,0.736,1,1,1,1,1
45,0.55,1,2,1,1,0
45,0.724,0,0,0,1,1
45,0.53,2,2,2,1,1
45,0.584,2,2,2,1,1
45,0.545,2,2,2,1,1
45,0.585,0,0,0,1,1
45,0.733,2,0,1,1,0
45,0.664,1,1,1,1,1
45,0.532,1,1,1,1,1
45,0.527,0,1,0,1,0
45,0.82,2,1,2,1,0
45,0.728,0,0,0,1,1
45,0.833,1,1,2,1,1
45,0.602,0,0,0,1,1
45,0.684,0,2,0,1,0
45,0.518,2,2,2,1,1
45,0.531,2,2,2,1,1
45,0.973,2,0,2,1,0
45,0.653,0,2,0,1,0
45,0.866,2,1,0,1,0
45,0.684,0,0,0,1,1
45,0.68,0,0,0,1,1
45,0.599,2,1,2,1,0
45,0.457,1,1,1,1,1
45,0.94,1,0,2,1,0
45,0.595,2,2,2,1,1
45,0.923,2,2,2,1,1
45,0.971,1,1,1,1,1
45,0.856,1,0,0,1,0
45,0.645,2,1,2,1,0
45,1.064,1,2,2,1,0
45,0.608,0,0,0,1,1
45,0.997,0,2,0,1,0
45,0.6,0,2,0,1,0
45,0.551,0,0,0,1,1
45,0.52,0,0,0,1,1
45,1.069,2,2,1,1,1
45,0.438,2,2,2,1,1
45,0.614,0,2,0,1,0
45,0.641,0,1,1,1,0
45,0.825,1,1,1,1,1
45,0.876,0,2,0,1,0
45,0.58,2,2,2,1,1
45,0.712,1,2,1,1,0
45,0.635,0,2,1,1,0
45,0.878,2,0,2,1,0
45,0.825,1,1,1,1,1
45,0.768,0,0,0,1,1
45,0.83,2,0,2,1,0
45,0.554,1,2,1,1,0
45,0.751,1,0,0,1,0
46,0.933,2,2,2,1,1
46,0.715,2,1,2,1,0
46,0.762,0,0,0,1,1
46,0.788,1,2,1,1,0
46,0.785,1,1,1,1,1
46,0.982,1,2,1,1,0
46,0.796,0,0,0,1,1
46,0.882,0,1,0,1,0
46,0.854,1,1,1,1,1
46,0.716,0,1,0,1,0
46,0.608,2,1,2,1,0
46,0.742,2,2,2,1,1
46,0.701,1,1,1,1,1
46,0.778,2,0,2,1,0
46,0.895,2,1,2,1,0
46,0.997,2,0,2,1,0
46,0.737,2,1,2,1,0
46,0.679,2,0,2,1,0
46,0.73,1,1,1,1,1
46,0.744,2,1,2,1,0
46,0.52,2,0,2,1,0
46,0.643,2,0,2,1,0
46,0.665,2,2,2,1,1
46,0.557,1,1,1,1,1
46,0.789,0,1,0,1,0
46,0.865,2,2,2,1,1
46,0.639,1,1,1,1,1
46,0.551,0,0,0,1,1
46,0.744,2,2,2,1,1
46,0.829,0,0,0,1,1
46,0.97,1,2,1,1,0
46,0.891,1,0,1,1,0
46,0.828,0,2,0,1,0
46,1.202,1,1,1,1,1
46,1.076,0,2,0,1,0
46,0.5,1,0,1,1,0
46,1.01,1,0,1,1,0
46,0.825,1,1,1,1,1
46,0.742,2,0,2,1,0
46,0.643,2,2,2,1,1
46,0.777,1,1,1,1,1
46,0.719,1,1,1,1,1
46,0.878,0,1,0,1,0
46,1.366,2,2,2,1,1
46,0.732,0,2,0,1,0
46,0.994,0,2,0,1,0
46,0.766,2,2,2,1,1
46,0.909,2,0,2,1,0
46,0.736,0,0,0,1,1
46,0.78,0,0,0,1,1
46,0.892,0,2,0,1,0
46,0.757,1,0,1,1,0
46,0.721,1,2,1,1,0
46,0.817,1,0,1,1,0
46,0.707,2,2,2,1,1
46,1.134,1,2,1,1,0
46,0.805,0,1,0,1,0
46,0.653,0,1,0,1,0
46,0.761,1,1,1,1,1
46,0.814,0,0,0,1,1
46,0.757,2,2,2,1,1
46,0.717,0,0,0,1,1
46,0.749,1,1,1,1,1
46,0.738,0,0,0,1,1
46,0.947,1,0,1,1,0
46,0.834,0,1,0,1,0
46,1.047,2,2,2,1,1
46,0.751,1,2,1,1,0
46,0.584,1,1,1,1,1
46,0.799,2,2,2,1,1
46,0.78,0,0,0,1,1
46,1.195,2,1,2,1,0
46,0.761,2,1,2,1,0
46,0.865,0,2,0,1,0
46,1.136,1,2,1,1,0
46,1.094,0,2,0,1,0
46,0.649,0,1,0,1,0
46,1.106,1,0,1,1,0
46,1.226,0,0,0,1,1
46,0.611,0,0,0,1,1
46,0.809,0,0,0,1,1
46,1.083,2,2,2,1,1
46,1.409,1,0,0,1,0
46,1.324,1,1,1,1,1
46,0.891,1,1,1,1,1
46,1.007,1,2,1,1,0
46,1.285,2,1,2,1,0
46,0.834,0,0,0,1,1
46,0.846,0,0,0,1,1
46,0.961,2,2,2,1,1
46,0.833,1,1,1,1,1
46,1.089,2,0,2,1,0
46,1.041,0,0,0,1,1
46,0.959,2,2,2,1,1
46,1.206,0,2,0,1,0
46,0.907,2,2,2,1,1
47,0.564,0,1,0,1,0
47,0.418,1,1,1,1,1
47,0.689,1,2,1,1,0
47,0.606,2,1,2,1,0
47,0.645,0,1,0,1,0
47,0.726,2,2,2,1,1
47,0.657,1,1,1,1,1
47,0.543,2,2,2,1,1
47,0.69,1,1,1,1,1
47,0.951,2,1,2,1,0
47,0.753,0,0,0,1,1
47,0.782,2,1,2,1,0
47,0.574,1,1,1,1,1
47,0.802,2,2,2,1,1
47,0.599,0,2,0,1,0
47,0.792,0,2,0,1,0
47,0.731,0,0,0,1,1
47,0.416,0,0,0,1,1
47,0.589,1,0,1,1,0
47,0.487,0,0,2,1,1
47,0.69,1,2,1,1,0
47,0.931,1,0,1,1,0
47,0.888,0,2,2,1,0
47,0.905,0,1,0,1,0
47,0.911,2,0,2,1,0
47,0.955,2,1,2,1,0
47,0.928,1,2,1,1,0
47,0.91,0,0,0,1,1
47,0.885,2,2,2,1,1
47,0.758,2,1,2,1,0
47,0.965,0,2,0,1,0
47,1.031,2,2,2,1,1
47,0.926,0,0,0,1,1
47,0.691,2,2,2,1,1
47,1.195,0,1,0,1,0
47,0.838,1,2,1,1,0
47,0.576,1,0,1,1,0
47,1.212,0,1,2,1,0
47,0.632,2,0,2,1,0
47,1.071,2,2,2,1,1
47,0.711,1,2,1,1,0
47,0.704,1,0,1,1,0
47,1.004,0,0,0,1,1
47,0.772,0,0,0,1,1
47,0.929,1,1,1,1,1
47,1.024,2,2,2,1,1
47,0.709,2,2,2,1,1
47,0.624,1,2,1,1,0
47,1.042,0,0,0,1,1
47,0.96,2,1,2,1,0
47,0.942,0,1,0,1,0
47,0.692,0,0,0,1,1
47,0.906,2,2,2,1,1
47,0.847,2,0,2,1,0
47,0.892,0,0,0,1,1
47,0.746,0,0,0,1,1
47,0.629,1,1,1,1,1
47,0.684,1,1,1,1,1
47,0.769,0,1,0,1,0
47,0.756,2,2,2,1,1
47,0.767,0,0,0,1,1
47,0.977,1,1,1,1,1
47,0.74,1,1,1,1,1
47,0.861,0,0,0,1,1
47,1.024,0,2,0,1,0
47,0.708,1,1,1,1,1
47,0.517,1,1,1,1,1
47,0.912,2,0,2,1,0
47,0.797,0,1,0,1,0
47,0.747,1,0,1,1,0
47,0.868,1,2,1,1,0
47,1.142,2,2,0,1,1
47,0.519,1,2,1,1,0
47,0.638,1,1,1,1,1
47,0.965,2,0,0,1,0
47,0.786,1,0,1,1,0
47,0.966,0,0,0,1,1
47,0.63,2,0,2,1,0
47,0.824,2,2,2,1,1
47,0.836,0,2,0,1,0
47,0.864,2,2,2,1,1
47,0.594,0,0,0,1,1
47,0.783,2,0,2,1,0
47,0.779,0,2,0,1,0
47,0.763,1,1,1,1,1
47,0.694,1,1,1,1,1
47,0.636,1,0,1,1,0
47,0.555,1,1,1,1,1
47,0.821,2,0,2,1,0
47,0.557,2,2,2,1,1
47,0.814,0,2,0,1,0
47,0.951,2,1,0,1,0
47,0.629,1,1,1,1,1
47,0.713,2,2,2,1,1
47,0.53,2,1,2,1,0
48,0.932,1,0,1,1,0
48,0.544,1,1,1,1,1
48,0.438,2,0,2,1,0
48,0.533,1,2,1,1,0
48,0.596,0,0,0,1,1
48,0.686,2,1,2,1,0
48,0.761,0,1,1,1,0
48,0.565,1,0,1,1,0
48,0.92,0,0,0,1,1
48,0.517,2,1,2,1,0
48,0.477,2,2,2,1,1
48,0.598,1,1,1,1,1
48,0.785,0,2,0,1,0
48,0.948,1,2,2,1,0
48,0.67,0,0,0,1,1
48,0.921,1,0,1,1,0
48,0.583,2,2,2,1,1
48,0.649,1,1,1,1,1
48,0.686,2,0,0,1,0
48,0.949,2,0,2,1,0
48,0.61,1,2,1,1,0
48,0.392,2,1,2,1,0
48,0.612,0,0,0,1,1
48,0.51,1,0,1,1,0
48,0.855,1,0,1,1,0
48,0.802,0,1,0,1,0
48,0.857,0,1,0,1,0
48,0.99,0,0,0,1,1
48,0.629,1,0,1,1,0
48,0.398,2,0,2,1,0
48,0.824,0,2,0,1,0
48,0.604,0,0,0,1,1
48,0.657,1,1,1,1,1
48,0.679,2,1,2,1,0
48,0.616,2,2,2,1,1
48,0.672,1,0,1,1,0
48,0.599,1,1,1,1,1
48,0.879,0,2,0,1,0
48,0.621,1,1,1,1,1
48,0.596,2,2,2,1,1
48,0.606,0,0,0,1,1
48,0.867,2,2,2,1,1
48,0.868,0,2,0,1,0
48,0.788,2,0,2,1,0
48,0.787,1,1,1,1,1
48,0.58,0,1,0,1,0
48,0.412,2,2,2,1,1
48,0.498,1,2,1,1,0
48,0.513,0,1,0,1,0
48,0.88,2,1,2,1,0
48,0.672,0,0,0,1,1
48,0.487,1,1,1,1,1
48,0.517,1,2,1,1,0
48,0.418,1,0,1,1,0
48,0.718,0,1,0,1,0
48,0.497,0,0,0,1,1
48,0.691,0,2,0,1,0
48,0.608,2,2,2,1,1
48,0.589,0,0,0,1,1
48,0.538,2,2,2,1,1
48,0.762,0,2,0,1,0
48,0.638,2,0,2,1,0
48,0.672,1,2,1,1,0
48,0.516,2,2,2,1,1
48,0.509,2,0,2,1,0
48,0.573,2,1,2,1,0
48,0.516,2,2,2,1,1
48,0.469,2,1,2,1,0
48,0.422,2,2,2,1,1
48,0.701,0,0,0,1,1
48,0.532,0,1,0,1,0
48,0.611,2,0,2,1,0
48,0.674,1,1,1,1,1
48,0.703,1,2,1,1,0
48,0.571,1,1,1,1,1
48,0.627,0,0,0,1,1
48,0.599,0,0,0,1,1
48,0.534,2,2,2,1,1
48,0.611,0,1,0,1,0
48,0.704,2,2,2,1,1
48,0.51,2,2,2,1,1
48,0.898,1,1,1,1,1
48,0.512,1,1,1,1,1
48,0.51,0,0,0,1,1
48,0.378,2,2,2,1,1
48,0.688,1,2,1,1,0
48,0.812,0,2,0,1,0
48,0.569,1,1,1,1,1
48,0.829,1,1,1,1,1
48,0.637,2,2,2,1,1
48,0.554,1,1,1,1,1
48,0.67,0,2,0,1,0
48,0.55,1,1,1,1,1
48,0.595,0,0,0,1,1
48,0.932,2,1,2,1,0
48,0.6,0,0,0,1,1
49,0.709,1,0,1,1,0
49,0.631,2,2,2,1,1
49,0.773,2,0,2,1,0
49,0.682,2,2,2,1,1
49,0.565,2,2,2,1,1
49,1.051,1,0,1,1,0
49,0.583,1,2,2,1,0
49,0.856,0,0,0,1,1
49,0.728,2,2,2,1,1
49,0.634,2,2,2,1,1
49,0.702,0,0,0,1,1
49,0.993,1,2,1,1,0
49,0.739,2,2,2,1,1
49,0.686,1,1,1,1,1
49,0.778,2,0,2,1,0
49,0.965,0,1,0,1,0
49,0.722,1,1,1,1,1
49,0.863,0,2,0,1,0
49,1.035,1,2,1,1,0
49,0.801,0,0,0,1,1
49,0.646,2,2,2,1,1
49,1.119,0,2,0,1,0
49,0.841,2,1,2,1,0
49,0.653,1,1,1,1,1
49,0.919,1,2,1,1,0
49,0.666,1,1,1,1,1
49,0.808,1,0,1,1,0
49,1.21,0,1,0,1,0
49,0.814,2,0,2,1,0
49,0.679,1,1,1,1,1
49,0.753,0,0,0,1,1
49,0.69,1,1,1,1,1
49,1.238,2,1,2,1,0
49,0.527,2,2,2,1,1
49,0.753,0,0,0,1,1
49,1.117,1,2,1,1,0
49,0.793,2,1,2,1,0
49,0.713,2,2,2,1,1
49,0.686,2,0,2,1,0
49,0.874,2,0,2,1,0
49,0.813,0,0,0,1,1
49,0.873,0,2,0,1,0
49,0.876,0,2,0,1,0
49,0.866,1,1,1,1,1
49,0.637,1,1,1,1,1
49,0.643,1,1,1,1,1
49,0.851,1,0,1,1,0
49,0.968,2,1,2,1,0
49,0.652,1,1,1,1,1
49,0.715,2,2,2,1,1
49,0.847,2,2,2,1,1
49,0.658,2,0,2,1,0
49,0.711,2,0,2,1,0
49,0.902,1,1,1,1,1
49,0.848,0,0,0,1,1
49,0.828,0,0,0,1,1
49,0.655,0,0,0,1,1
49,0.864,2,0,1,1,0
49,1.183,0,1,0,1,0
49,1.088,0,1,0,1,0
49,0.88,2,2,2,1,1
49,0.997,2,1,2,1,0
49,0.958,1,1,2,1,1
49,0.822,0,0,0,1,1
49,0.948,2,2,2,1,1
49,0.981,1,1,1,1,1
49,0.758,1,1,1,1,1
49,0.908,0,0,0,1,1
49,1.035,1,2,1,1,0
49,0.921,1,0,1,1,0
49,0.99,0,2,0,1,0
49,0.524,0,0,0,1,1
49,0.878,2,1,2,1,0
49,0.995,1,0,1,1,0
49,1.152,0,1,0,1,0
49,0.935,0,0,0,1,1
49,0.873,2,2,2,1,1
49,0.842,1,1,1,1,1
49,0.884,2,2,2,1,1
49,1.258,1,2,1,1,0
49,0.877,2,2,2,1,1
49,1.032,1,1,1,1,1
49,1.035,0,1,0,1,0
49,1.087,0,2,0,1,0
49,1.205,2,1,2,1,0
49,1.115,0,1,0,1,0
49,0.71,0,0,0,1,1
49,0.665,0,1,0,1,0
49,0.866,0,2,2,1,0
49,1.063,1,0,1,1,0
49,0.878,2,1,2,1,0
49,1.08,0,2,2,1,0
49,0.65,0,0,0,1,1
49,0.836,1,2,1,1,0
50,0.557,1,2,1,1,0
50,0.654,1,0,1,1,0
50,0.594,2,0,2,1,0
50,0.511,1,1,1,1,1
50,0.431,0,0,0,1,1
50,0.484,1,1,1,1,1
50,0.603,0,2,0,1,0
50,0.525,1,1,1,1,1
50,0.614,1,1,1,1,1
50,0.633,1,0,1,1,0
50,0.542,1,0,1,1,0
50,0.777,0,2,0,1,0
50,0.552,1,2,1,1,0
50,0.883,2,0,2,1,0
50,0.572,2,0,2,1,0
50,0.623,0,2,0,1,0
50,0.592,0,2,0,1,0
50,0.898,2,2,2,1,1
50,0.472,2,2,2,1,1
50,0.512,1,1,1,1,1
50,0.407,1,1,1,1,1
50,0.634,0,2,0,1,0
50,0.745,2,2,2,1,1
50,0.517,2,2,2,1,1
50,0.41,1,0,1,1,0
50,0.433,0,0,0,1,1
50,0.61,0,1,0,1,0
50,0.486,1,1,1,1,1
50,0.43,1,1,1,1,1
50,0.563,2,2,2,1,1
50,0.452,2,2,2,1,1
50,0.553,0,1,0,1,0
50,0.583,0,0,0,1,1
50,0.513,0,1,0,1,0
50,0.532,2,2,2,1,1
50,0.472,2,2,2,1,1
50,0.491,1,1,1,1,1
50,0.449,0,0,0,1,1
50,0.593,1,0,1,1,0
50,0.686,2,1,2,1,0
50,0.456,1,2,1,1,0
50,0.776,2,0,2,1,0
50,0.573,0,0,0,1,1
50,0.583,2,0,2,1,0
50,0.431,0,0,0,1,1
50,0.633,1,2,1,1,0
50,0.768,2,2,2,1,1
50,0.821,2,1,2,1,0
50,0.571,0,0,0,1,1
50,0.736,0,2,0,1,0
50,0.57,0,1,0,1,0
50,0.633,1,1,1,1,1
50,0.484,1,1,1,1,1
50,0.394,1,1,1,1,1
50,0.796,0,2,0,1,0
50,0.715,2,1,2,1,0
50,0.519,0,0,0,1,1
50,0.593,2,0,2,1,0
50,0.553,1,1,1,1,1
50,0.502,0,0,0,1,1
50,0.736,2,1,2,1,0
50,0.69,2,0,2,1,0
50,0.959,2,2,2,1,1
50,0.613,1,1,1,1,1
50,0.583,2,2,2,1,1
50,0.492,2,1,2,1,0
50,0.481,2,2,2,1,1
50,0.574,0,0,0,1,1
50,0.794,1,0,1,1,0
50,0.674,0,1,0,1,0
50,0.486,0,1,0,1,0
50,0.504,0,0,0,1,1
50,0.649,2,2,2,1,1
50,0.653,1,2,1,1,0
50,0.623,0,1,0,1,0
50,0.898,2,1,2,1,0
50,0.603,2,2,2,1,1
50,0.673,0,0,0,1,1
50,0.711,2,2,2,1,1
50,0.716,1,0,1,1,0
50,0.518,0,0,0,1,1
50,0.897,2,1,2,1,0
50,0.735,1,0,1,1,0
50,0.776,0,1,0,1,0
50,0.697,2,1,1,1,0
50,0.593,0,0,0,1,1
50,0.612,0,2,0,1,0
50,0.633,1,1,1,1,1
50,0.659,1,2,1,1,0
50,0.472,0,0,0,1,1
50,0.712,1,2,1,1,0
50,0.57,0,0,0,1,1
50,0.553,1,1,1,1,1
50,0.491,2,0,2,1,0
50,0.568,2,2,2,1,1
51,1.298,1,2,1,1,0
51,0.657,1,1,1,1,1
51,0.408,2,2,2,1,1
51,0.437,0,0,0,1,1
51,0.887,1,1,1,1,1
51,0.765,1,2,1,1,0
51,0.86,2,1,2,1,0
51,0.812,2,2,2,1,1
51,0.613,0,0,0,1,1
51,0.862,2,1,2,1,0
51,1.486,1,0,1,1,0
51,0.644,2,0,2,1,0
51,1.048,1,1,1,1,1
51,0.726,1,2,2,1,0
51,0.795,2,0,2,1,0
51,0.952,2,1,2,1,0
51,0.611,2,2,2,1,1
51,1.202,1,1,1,1,1
51,1.282,2,1,2,1,0
51,1.299,1,1,1,1,1
51,0.629,2,1,2,1,0
51,1.346,1,2,2,1,0
51,0.673,0,0,0,1,1
51,1.041,1,1,1,1,1
51,0.641,0,0,0,1,1
51,0.53,0,0,0,1,1
51,1.454,0,1,1,1,0
51,0.98,0,1,0,1,0
51,0.788,2,0,2,1,0
51,1.111,2,2,2,1,1
51,0.81,1,1,1,1,1
51,1.106,1,0,0,1,0
51,1.33,2,2,2,1,1
51,0.796,2,2,2,1,1
51,1.124,0,2,0,1,0
51,1.157,0,2,0,1,0
51,1.017,1,0,0,1,0
51,1.047,0,0,1,1,1
51,0.687,0,0,0,1,1
51,0.737,0,0,0,1,1
51,1.241,0,1,0,1,0
51,1.113,1,1,1,1,1
51,0.937,0,2,0,1,0
51,0.627,2,0,2,1,0
51,0.767,2,0,2,1,0
51,0.62,0,0,0,1,1
51,0.782,2,1,2,1,0
51,0.599,0,0,0,1,1
51,0.66,0,0,0,1,1
51,0.898,1,1,1,1,1
51,0.699,0,1,0,1,0
51,1.136,2,2,2,1,1
51,1.151,1,0,1,1,0
51,0.454,1,0,0,1,0
51,0.601,2,2,2,1,1
51,1.204,1,2,2,1,0
51,0.547,0,0,0,1,1
51,0.718,1,0,1,1,0
51,1.086,1,2,1,1,0
51,0.6,1,1,1,1,1
51,0.924,1,0,0,1,0
51,0.901,1,1,1,1,1
51,0.577,0,0,0,1,1
51,1.282,2,1,2,1,0
51,0.562,2,2,2,1,1
51,0.495,2,2,2,1,1
51,0.531,2,2,2,1,1
51,0.786,1,1,1,1,1
51,0.993,0,0,0,1,1
51,0.734,2,0,2,1,0
51,0.951,0,2,2,1,0
51,1.063,0,2,0,1,0
51,1.141,1,1,1,1,1
51,1.047,1,2,2,1,0
51,0.579,2,2,2,1,1
51,0.761,1,1,1,1,1
51,0.735,1,1,1,1,1
51,1.311,0,1,0,1,0
51,0.705,2,0,2,1,0
51,0.94,0,1,0,1,0
51,0.97,0,0,0,1,1
51,1.263,1,0,2,1,0
51,0.55,2,2,2,1,1
51,0.544,0,0,0,1,1
51,0.915,0,2,0,1,0
51,0.667,2,2,2,1,1
51,0.428,2,2,2,1,1
51,0.905,0,2,0,1,0
51,0.765,2,1,2,1,0
51,0.769,2,0,2,1,0
51,0.655,0,1,1,1,0
51,0.641,0,2,2,1,0
51,0.676,1,1,1,1,1
51,0.685,2,2,2,1,1
52,0.433,2,2,2,1,1
52,0.394,1,1,1,1,1
52,1.018,0,1,0,1,0
52,0.398,0,2,0,1,0
52,0.416,0,0,0,1,1
52,0.633,1,2,1,1,0
52,0.565,0,1,2,1,0
52,0.534,0,0,0,1,1
52,0.811,2,1,2,1,0
52,0.55,0,2,0,1,0
52,0.616,2,2,2,1,1
52,0.624,2,0,2,1,0
52,0.538,0,0,0,1,1
52,0.355,0,0,0,1,1
52,0.412,0,0,0,1,1
52,1.107,2,2,2,1,1
52,0.567,2,1,2,1,0
52,0.677,1,2,1,1,0
52,0.611,2,0,2,1,0
52,1.159,2,2,2,1,1
52,0.78,0,1,0,1,0
52,0.983,2,2,2,1,1
52,0.548,0,0,0,1,1
52,0.45,0,0,0,1,1
52,1.072,1,1,1,1,1
52,0.469,1,0,1,1,0
52,0.75,1,2,1,1,0
52,0.39,1,2,1,1,0
52,0.458,1,1,1,1,1
52,0.53,2,2,2,1,1
52,0.702,1,0,1,1,0
52,0.604,2,1,2,1,0
52,0.604,1,2,1,1,0
52,0.535,0,0,0,1,1
52,0.646,1,1,1,1,1
52,0.595,0,2,0,1,0
52,0.566,1,1,1,1,1
52,0.629,2,2,2,1,1
52,0.657,1,0,1,1,0
52,0.512,0,0,0,1,1
52,0.794,1,2,1,1,0
52,0.443,1,1,1,1,1
52,0.424,1,1,1,1,1
52,0.415,1,0,1,1,0
52,0.38,1,1,1,1,1
52,0.452,1,1,1,1,1
52,0.376,1,1,1,1,1
52,0.533,2,2,2,1,1
52,0.436,1,1,1,1,1
52,0.798,2,0,2,1,0
52,0.638,0,1,0,1,0
52,0.721,1,2,1,1,0
52,0.528,0,0,0,1,1
52,0.494,2,2,2,1,1
52,0.565,1,1,1,1,1
52,0.844,2,1,2,1,0
52,0.512,2,2,2,1,1
52,0.562,2,2,2,1,1
52,0.649,1,2,1,1,0
52,0.485,0,0,0,1,1
52,0.507,2,2,2,1,1
52,0.695,0,2,0,1,0
52,0.411,0,1,0,1,0
52,0.359,0,0,0,1,1
52,0.403,0,1,0,1,0
52,0.379,0,0,0,1,1
52,0.649,2,0,2,1,0
52,0.76,0,1,0,1,0
52,0.611,0,2,0,1,0
52,0.507,2,2,2,1,1
52,0.421,2,2,2,1,1
52,0.587,2,1,2,1,0
52,0.71,1,0,1,1,0
52,0.737,2,0,2,1,0
52,0.73,1,0,1,1,0
52,0.432,1,0,1,1,0
52,0.675,0,2,0,1,0
52,0.425,0,0,0,1,1
52,0.654,1,1,1,1,1
52,0.479,2,2,2,1,1
52,1.063,0,2,0,1,0
52,0.644,2,1,2,1,0
52,0.912,2,2,2,1,1
52,0.434,2,0,2,1,0
52,0.656,1,1,1,1,1
52,0.474,1,0,1,1,0
52,0.663,2,0,2,1,0
52,0.481,1,1,1,1,1
52,0.57,0,0,0,1,1
52,0.796,1,1,1,1,1
52,0.966,2,1,2,1,0
52,0.579,0,2,0,1,0
52,0.477,0,0,0,1,1
52,0.668,2,0,2,1,0
52,0.625,2,1,2,1,0
53,0.559,0,1,0,1,0
53,0.465,0,1,0,1,0
53,0.563,1,2,1,1,0
53,0.638,0,2,0,1,0
53,0.649,0,1,0,1,0
53,0.564,0,1,0,1,0
53,0.399,2,2,2,1,1
53,0.482,2,1,2,1,0
53,0.576,0,0,0,1,1
53,0.601,2,2,2,1,1
53,0.407,1,0,1,1,0
53,0.526,2,2,2,1,1
53,1.062,1,0,1,1,0
53,0.536,1,1,1,1,1
53,0.601,1,1,1,1,1
53,0.613,0,0,0,1,1
53,0.605,1,1,1,1,1
53,0.644,0,1,0,1,0
53,0.654,0,0,0,1,1
53,0.579,0,0,0,1,1
53,0.449,2,2,2,1,1
53,0.53,2,1,2,1,0
53,0.5,2,2,2,1,1
53,0.597,1,1,1,1,1
53,0.688,0,2,0,1,0
53,0.839,1,0,1,1,0
53,0.587,2,1,2,1,0
53,0.929,1,2,1,1,0
53,0.863,2,0,2,1,0
53,0.539,0,0,0,1,1
53,0.876,1,2,1,1,0
53,0.625,2,2,0,1,1
53,0.731,1,1,1,1,1
53,0.871,1,0,1,1,0
53,0.633,0,0,0,1,1
53,0.415,1,1,1,1,1
53,0.417,1,2,1,1,0
53,0.542,2,1,2,1,0
53,0.786,1,1,1,1,1
53,0.609,2,2,2,1,1
53,0.542,0,2,0,1,0
53,0.532,0,2,0,1,0
53,0.502,1,1,1,1,1
53,0.717,1,0,1,1,0
53,0.476,2,2,2,1,1
53,0.469,2,2,2,1,1
53,0.575,0,0,0,1,1
53,0.771,1,2,1,1,0
53,0.575,1,2,1,1,0
53,0.634,2,2,2,1,1
53,0.743,2,2,2,1,1
53,0.94,0,2,0,1,0
53,0.949,2,2,2,1,1
53,0.699,2,0,2,1,0
53,0.607,2,2,2,1,1
53,0.79,0,1,0,1,0
53,0.643,0,2,0,1,0
53,0.514,1,1,1,1,1
53,0.503,1,1,1,1,1
53,0.559,1,1,1,1,1
53,0.87,0,0,0,1,1
53,0.71,0,0,0,1,1
53,0.55,0,0,0,1,1
53,0.782,2,0,2,1,0
53,0.694,0,1,0,1,0
53,0.632,0,2,0,1,0
53,0.906,1,2,1,1,0
53,0.6,2,0,0,1,0
53,0.483,2,0,2,1,0
53,0.55,2,2,2,1,1
53,0.658,0,0,0,1,1
53,0.554,1,1,1,1,1
53,0.66,0,0,0,1,1
53,0.765,2,0,2,1,0
53,0.678,2,0,2,1,0
53,0.683,1,1,1,1,1
53,0.652,2,2,2,1,1
53,0.657,1,2,1,1,0
53,0.564,1,1,1,1,1
53,0.686,2,1,2,1,0
53,0.849,0,2,0,1,0
53,0.515,0,0,0,1,1
53,0.564,1,1,1,1,1
53,0.755,0,0,0,1,1
53,0.42,1,0,1,1,0
53,0.479,0,0,0,1,1
53,0.511,0,1,0,1,0
53,0.754,1,0,1,1,0
53,0.694,2,0,2,1,0
53,0.615,2,2,2,1,1
53,0.745,2,1,2,1,0
53,0.791,1,0,1,1,0
53,0.576,0,0,0,1,1
53,0.935,2,1,1,1,0
53,0.853,2,1,2,1,0
54,0.944,0,2,0,1,0
54,0.586,0,2,0,1,0
54,0.51,0,0,0,1,1
54,0.641,0,0,0,1,1
54,0.609,0,2,0,1,0
54,0.555,1,1,1,1,1
54,0.978,0,1,0,1,0
54,0.765,1,1,1,1,1
54,0.875,2,0,2,1,0
54,0.77,2,2,2,1,1
54,0.639,0,0,0,1,1
54,1.279,0,2,0,1,0
54,0.939,1,1,1,1,1
54,0.904,0,1,0,1,0
54,0.752,0,0,0,1,1
54,0.593,1,0,1,1,0
54,0.695,2,2,2,1,1
54,0.877,1,1,1,1,1
54,0.544,1,1,1,1,1
54,0.49,1,1,1,1,1
54,0.625,2,2,2,1,1
54,0.671,0,0,0,1,1
54,0.954,1,0,2,1,0
54,0.651,0,0,0,1,1
54,1.035,1,0,1,1,0
54,0.968,1,2,1,1,0
54,0.955,2,1,2,1,0
54,1.192,0,0,0,1,1
54,0.625,0,0,0,1,1
54,0.863,2,1,2,1,0
54,0.631,2,2,2,1,1
54,0.672,0,0,0,1,1
54,0.696,0,0,0,1,1
54,0.729,2,2,2,1,1
54,0.752,2,0,2,1,0
54,0.51,2,2,2,1,1
54,0.963,2,1,2,1,0
54,0.757,1,2,1,1,0
54,0.669,2,2,2,1,1
54,0.959,2,0,2,1,0
54,0.665,0,0,0,1,1
54,0.844,2,0,2,1,0
54,0.736,1,1,1,1,1
54,0.637,2,2,2,1,1
54,0.799,0,1,0,1,0
54,0.618,2,2,2,1,1
54,0.622,0,0,0,1,1
54,0.998,2,1,2,1,0
54,0.619,0,0,0,1,1
54,0.582,0,0,0,1,1
54,0.926,0,1,0,1,0
54,0.767,2,2,2,1,1
54,0.706,1,2,1,1,0
54,1.027,2,2,2,1,1
54,0.576,2,1,2,1,0
54,0.86,1,0,1,1,0
54,0.926,0,2,0,1,0
54,0.986,1,1,1,1,1
54,0.889,1,2,1,1,0
54,1.036,1,0,1,1,0
54,1.209,1,0,1,1,0
54,0.797,1,1,1,1,1
54,0.761,0,1,0,1,0
54,1.004,0,1,0,1,0
54,1.029,0,2,0,1,0
54,0.721,1,1,1,1,1
54,0.644,1,1,1,1,1
54,0.612,0,0,0,1,1
54,0.992,1,2,1,1,0
54,0.876,1,2,1,1,0
54,0.593,0,2,0,1,0
54,0.92,2,0,2,1,0
54,0.601,2,2,2,1,1
54,0.918,2,2,2,1,1
54,0.821,1,0,0,1,0
54,0.73,1,2,1,1,0
54,0.736,1,2,1,1,0
54,0.783,0,1,0,1,0
54,0.759,2,0,2,1,0
54,0.989,2,1,2,1,0
54,0.732,1,1,1,1,1
54,0.86,2,1,2,1,0
54,0.893,1,1,1,1,1
54,0.677,2,2,2,1,1
54,0.605,1,1,1,1,1
54,0.858,2,0,2,1,0
54,0.636,2,2,2,1,1
54,0.783,0,1,0,1,0
54,0.843,2,2,2,1,1
54,0.623,2,1,2,1,0
54,0.685,0,0,0,1,1
54,0.886,1,0,1,1,0
54,0.935,2,0,2,1,0
54,0.689,1,1,1,1,1
54,0.664,1,1,1,1,1
54,0.759,0,2,0,1,0
55,0.506,0,1,0,1,0
55,0.968,1,1,1,1,1
55,0.973,1,2,1,1,0
55,0.594,2,2,2,1,1
55,0.73,2,2,2,1,1
55,1.009,1,1,1,1,1
55,1.143,2,2,2,1,1
55,1.471,2,0,2,1,0
55,1.176,0,0,0,1,1
55,0.89,2,2,2,1,1
55,0.608,2,2,2,1,1
55,0.988,1,2,1,1,0
55,0.966,0,0,0,1,1
55,0.962,0,1,0,1,0
55,0.672,1,1,1,1,1
55,0.713,0,1,0,1,0
55,0.978,2,2,2,1,1
55,0.768,2,2,2,1,1
55,0.727,1,1,1,1,1
55,1.131,0,1,0,1,0
55,0.713,0,1,0,1,0
55,0.868,2,1,2,1,0
55,0.813,0,2,0,1,0
55,0.836,1,1,1,1,1
55,0.854,1,0,1,1,0
55,0.529,1,1,1,1,1
55,1.136,2,1,2,1,0
55,0.761,2,0,2,1,0
55,1.153,2,1,2,1,0
55,0.804,1,0,1,1,0
55,1.447,2,2,2,1,1
55,0.734,2,2,2,1,1
55,0.965,0,1,0,1,0
55,1.428,2,2,2,1,1
55,0.591,0,0,0,1,1
55,0.65,0,0,0,1,1
55,1.283,1,1,2,1,1
55,0.772,1,1,1,1,1
55,1.135,2,1,2,1,0
55,0.686,0,0,0,1,1
55,1.394,0,0,0,1,1
55,0.753,2,2,2,1,1
55,0.779,0,1,0,1,0
55,1.134,2,0,2,1,0
55,1.236,1,0,1,1,0
55,0.93,0,2,2,1,0
55,1.03,2,1,2,1,0
55,0.97,0,0,0,1,1
55,0.863,0,0,0,1,1
55,1.261,2,2,2,1,1
55,0.665,2,0,2,1,0
55,0.72,1,2,1,1,0
55,0.996,1,1,1,1,1
55,0.715,0,0,0,1,1
55,0.867,0,2,0,1,0
55,1.442,1,2,2,1,0
55,1.407,2,1,2,1,0
55,0.671,0,0,0,1,1
55,1.001,0,2,0,1,0
55,0.974,1,0,2,1,0
55,1.086,1,0,1,1,0
55,0.674,1,1,1,1,1
55,0.902,2,0,2,1,0
55,1.172,2,2,2,1,1
55,0.847,1,2,1,1,0
55,0.56,0,0,0,1,1
55,1.112,2,2,1,1,1
55,0.855,0,2,0,1,0
55,1.207,1,0,2,1,0
55,0.757,0,0,0,1,1
55,0.643,0,0,0,1,1
55,1.285,2,2,2,1,1
55,0.494,0,2,0,1,0
55,0.555,1,1,1,1,1
55,0.974,1,2,1,1,0
55,0.867,1,1,1,1,1
55,0.679,0,0,0,1,1
55,0.947,0,0,0,1,1
55,1.055,2,2,1,1,1
55,1.023,1,1,1,1,1
55,1.195,2,0,1,1,0
55,1.003,1,2,1,1,0
55,0.6,0,0,0,1,1
55,1,0,1,0,1,0
55,0.995,2,1,2,1,0
55,0.629,2,0,2,1,0
56,0.923,2,2,2,1,1
56,0.734,0,0,0,1,1
56,0.663,0,0,0,1,1
56,0.79,1,2,1,1,0
56,0.711,2,2,2,1,1
56,0.698,0,0,0,1,1
56,0.675,2,2,2,1,1
56,1.232,0,1,0,1,0
56,0.774,2,2,2,1,1
56,0.864,2,0,2,1,0
56,0.824,0,0,0,1,1
56,0.769,2,0,2,1,0
56,0.831,2,1,2,1,0
56,0.823,0,1,0,1,0
56,1.263,0,0,0,1,1
56,1.01,0,2,0,1,0
56,0.819,2,1,2,1,0
56,0.83,0,1,0,1,0
56,0.99,1,1,1,1,1
56,0.921,1,1,1,1,1
56,0.457,1,1,1,1,1
56,0.894,2,2,2,1,1
56,0.778,0,0,0,1,1
56,0.965,0,1,0,1,0
56,0.727,2,2,2,1,1
56,0.587,2,2,2,1,1
56,1.121,2,1,2,1,0
56,0.889,2,0,2,1,0
56,0.704,0,1,0,1,0
56,1.103,0,0,0,1,1
56,0.824,1,1,1,1,1
56,0.776,2,0,2,1,0
56,0.707,0,2,0,1,0
56,0.604,0,0,0,1,1
56,0.623,1,1,1,1,1
56,1.098,0,0,0,1,1
56,0.724,2,1,2,1,0
56,0.889,2,1,2,1,0
56,0.773,0,1,0,1,0
56,0.853,0,1,0,1,0
56,1.171,0,2,0,1,0
56,0.931,1,1,1,1,1
56,0.895,1,0,1,1,0
56,0.587,0,0,0,1,1
56,0.836,1,2,1,1,0
56,0.62,1,1,1,1,1
56,0.835,0,2,0,1,0
56,0.582,2,2,2,1,1
56,0.821,2,1,2,1,0
56,0.678,2,2,2,1,1
56,0.53,2,1,2,1,0
56,0.938,1,1,1,1,1
56,0.67,1,0,1,1,0
56,0.683,2,2,2,1,1
56,0.888,2,0,2,1,0
56,0.671,0,0,0,1,1
56,0.754,2,0,2,1,0
56,0.836,0,0,0,1,1
56,0.918,2,0,2,1,0
56,0.693,2,0,2,1,0
56,0.765,0,2,0,1,0
56,0.685,1,1,1,1,1
56,0.845,0,2,0,1,0
56,0.71,2,2,2,1,1
56,0.621,1,1,1,1,1
56,1.026,1,0,1,1,0
56,0.596,0,0,0,1,1
56,0.734,1,0,1,1,0
56,0.665,1,1,1,1,1
56,0.546,1,1,1,1,1
56,0.644,0,0,0,1,1
56,0.526,2,2,2,1,1
56,0.696,2,2,2,1,1
56,0.807,1,1,1,1,1
56,0.69,0,1,0,1,0
56,0.642,2,2,2,1,1
56,1.007,0,2,0,1,0
56,0.947,1,2,1,1,0
56,0.521,1,1,1,1,1
56,0.9,1,2,1,1,0
56,0.604,0,2,0,1,0
56,0.595,2,2,2,1,1
56,0.731,1,2,1,1,0
56,0.9,1,0,1,1,0
56,0.635,1,0,1,1,0
56,0.929,1,2,1,1,0
56,0.566,1,0,1,1,0
56,0.516,1,1,1,1,1
56,0.564,2,2,2,1,1
56,0.466,2,1,2,1,0
56,0.573,0,0,0,1,1
56,0.748,1,2,1,1,0
56,0.704,1,1,1,1,1
56,0.589,0,0,0,1,1
57,1.047,0,1,0,1,0
57,0.908,0,2,1,1,0
57,0.536,0,0,0,1,1
57,0.773,2,2,2,1,1
57,0.937,0,0,0,1,1
57,0.478,0,1,0,1,0
57,0.82,2,0,2,1,0
57,0.858,1,0,1,1,0
57,0.555,0,0,0,1,1
57,0.529,0,0,0,1,1
57,0.814,0,2,1,1,0
57,0.611,0,2,0,1,0
57,0.933,1,1,1,1,1
57,0.658,0,0,0,1,1
57,0.718,2,2,2,1,1
57,0.554,1,1,1,1,1
57,0.774,2,2,2,1,1
57,0.963,1,0,1,1,0
57,0.68,2,0,2,1,0
57,0.9,0,2,0,1,0
57,0.76,2,2,2,1,1
57,1.189,1,0,1,1,0
57,0.815,2,1,2,1,0
57,0.756,1,2,1,1,0
57,0.664,0,0,0,1,1
57,0.968,1,0,1,1,0
57,0.773,2,2,2,1,1
57,0.465,2,0,2,1,0
57,0.723,2,2,2,1,1
57,0.785,0,0,0,1,1
57,0.679,0,0,0,1,1
57,0.588,2,2,2,1,1
57,0.734,1,2,1,1,0
57,0.549,1,1,1,1,1
57,0.855,0,1,0,1,0
57,0.646,1,0,1,1,0
57,0.56,0,2,0,1,0
57,0.547,1,1,1,1,1
57,0.659,2,2,2,1,1
57,0.693,1,1,1,1,1
57,0.584,1,2,1,1,0
57,0.71,2,0,2,1,0
57,0.409,1,1,1,1,1
57,0.541,2,2,2,1,1
57,0.739,2,1,2,1,0
57,0.583,2,1,2,1,0
57,0.426,2,2,2,1,1
57,0.551,2,0,2,1,0
57,0.571,2,1,2,1,0
57,0.84,1,0,1,1,0
57,0.5,1,2,1,1,0
57,0.748,0,0,0,1,1
57,0.736,2,0,2,1,0
57,0.742,0,1,1,1,0
57,0.666,1,1,1,1,1
57,0.567,0,0,0,1,1
57,0.619,2,2,2,1,1
57,0.912,0,2,0,1,0
57,0.796,1,2,1,1,0
57,0.702,0,0,0,1,1
57,0.546,0,0,0,1,1
57,0.551,1,1,1,1,1
57,0.654,2,1,2,1,0
57,0.714,0,2,0,1,0
57,0.593,1,1,1,1,1
57,0.845,1,1,1,1,1
57,0.754,2,1,2,1,0
57,0.582,1,1,1,1,1
57,0.811,0,2,0,1,0
57,0.917,2,1,1,1,0
57,0.713,1,1,1,1,1
57,0.828,1,2,1,1,0
57,1.033,0,1,0,1,0
57,0.781,2,2,2,1,1
57,0.81,0,0,0,1,1
57,0.758,2,2,2,1,1
57,0.492,1,1,1,1,1
57,0.926,1,0,1,1,0
57,0.744,2,0,2,1,0
57,0.458,2,2,2,1,1
57,0.663,0,1,0,1,0
57,0.674,1,1,1,1,1
57,0.728,2,0,0,1,0
57,1.044,0,1,0,1,0
57,0.633,2,2,2,1,1
57,1.032,1,2,1,1,0
57,1.199,1,1,1,1,1
57,0.955,2,2,2,1,1
57,0.616,0,0,0,1,1
57,0.677,1,1,1,1,1
57,0.537,2,1,2,1,0
57,0.628,0,0,0,1,1
57,0.807,1,2,1,1,0
57,0.869,1,0,1,1,0
58,1.005,2,0,1,1,0
58,1.189,1,1,1,1,1
58,0.942,2,1,2,1,0
58,0.718,2,2,2,1,1
58,0.712,1,1,1,1,1
58,1.063,1,2,1,1,0
58,0.775,1,1,1,1,1
58,0.648,0,0,0,1,1
58,0.899,0,1,0,1,0
58,0.947,2,1,2,1,0
58,0.644,2,1,2,1,0
58,0.637,2,2,2,1,1
58,0.847,0,2,0,1,0
58,0.656,1,1,1,1,1
58,0.944,0,1,0,1,0
58,0.864,2,0,2,1,0
58,0.858,0,2,0,1,0
58,0.994,0,2,0,1,0
58,0.731,0,0,0,1,1
58,0.61,0,0,0,1,1
58,0.884,2,1,2,1,0
58,0.581,1,1,1,1,1
58,0.732,2,2,2,1,1
58,0.653,0,0,0,1,1
58,0.855,2,2,2,1,1
58,0.582,2,2,2,1,1
58,0.631,0,0,0,1,1
58,0.808,1,2,1,1,0
58,0.674,1,1,1,1,1
58,0.578,2,2,2,1,1
58,0.65,0,0,0,1,1
58,0.819,2,1,2,1,0
58,0.869,2,1,2,1,0
58,0.67,2,2,2,1,1
58,0.935,0,2,0,1,0
58,1,0,2,0,1,0
58,0.615,0,0,0,1,1
58,0.839,2,0,2,1,0
58,0.67,1,1,1,1,1
58,0.823,0,0,0,1,1
58,0.55,2,2,2,1,1
58,0.558,2,2,2,1,1
58,0.623,1,1,1,1,1
58,1.025,1,2,1,1,0
58,0.713,0,1,0,1,0
58,0.666,1,1,1,1,1
58,0.786,1,0,1,1,0
58,0.788,0,2,0,1,0
58,0.724,0,0,0,1,1
58,0.756,1,0,1,1,0
58,0.877,2,0,2,1,0
58,0.566,0,0,0,1,1
58,0.814,2,2,2,1,1
58,0.575,1,2,1,1,0
58,0.863,1,0,1,1,0
58,0.607,2,2,2,1,1
58,0.64,0,1,0,1,0
58,0.784,2,0,2,1,0
58,0.554,1,1,1,1,1
58,0.737,1,1,1,1,1
58,0.57,1,0,1,1,0
58,0.747,2,1,2,1,0
58,0.604,0,0,0,1,1
58,0.86,0,0,0,1,1
58,0.613,2,2,2,1,1
58,0.847,2,0,2,1,0
58,0.503,1,1,1,1,1
58,0.576,2,2,2,1,1
58,0.608,1,0,1,1,0
58,0.586,0,1,0,1,0
58,0.714,0,0,0,1,1
58,0.724,1,0,1,1,0
58,0.693,2,1,2,1,0
58,0.758,1,2,1,1,0
58,0.58,1,1,1,1,1
58,0.845,2,0,2,1,0
58,0.894,2,0,2,1,0
58,0.624,2,2,2,1,1
58,0.656,1,1,1,1,1
58,0.608,0,2,0,1,0
58,0.761,0,1,0,1,0
58,0.595,0,0,0,1,1
58,1.091,1,2,2,1,0
58,0.619,2,2,2,1,1
58,0.836,2,2,2,1,1
58,0.748,0,1,0,1,0
58,0.805,1,2,1,1,0
58,0.734,0,2,0,1,0
58,0.768,1,0,1,1,0
58,0.621,0,0,0,1,1
58,1.07,0,1,0,1,0
58,0.567,0,0,0,1,1
58,0.697,1,1,1,1,1
58,0.681,1,2,1,1,0
58,0.522,1,1,1,1,1
59,0.533,1,1,1,1,1
59,0.582,0,1,0,1,0
59,0.457,0,1,0,1,0
59,0.537,0,2,0,1,0
59,0.523,0,0,0,1,1
59,0.483,0,0,0,1,1
59,0.492,0,2,0,1,0
59,0.76,2,0,2,1,0
59,0.582,1,1,1,1,1
59,0.482,2,2,2,1,1
59,0.523,0,0,0,1,1
59,0.655,1,1,1,1,1
59,0.498,0,0,0,1,1
59,0.504,0,2,0,1,0
59,0.576,1,1,1,1,1
59,0.576,0,0,0,1,1
59,0.713,2,0,2,1,0
59,0.647,1,1,1,1,1
59,0.813,1,2,1,1,0
59,0.477,2,2,2,1,1
59,0.475,2,1,2,1,0
59,0.462,0,0,0,1,1
59,0.534,2,1,2,1,0
59,0.551,1,2,1,1,0
59,0.617,0,0,0,1,1
59,0.614,2,0,2,1,0
59,0.534,2,2,2,1,1
59,0.61,0,1,0,1,0
59,0.55,0,0,0,1,1
59,0.692,1,1,1,1,1
59,0.797,1,1,1,1,1
59,0.64,2,2,2,1,1
59,0.827,2,0,2,1,0
59,0.626,0,2,0,1,0
59,0.7,1,1,1,1,1
59,0.68,0,0,0,1,1
59,0.884,1,2,1,1,0
59,0.603,2,2,2,1,1
59,0.621,1,0,1,1,0
59,0.702,2,2,2,1,1
59,0.573,1,1,1,1,1
59,0.608,2,1,2,1,0
59,0.619,0,0,0,1,1
59,0.561,0,0,0,1,1
59,0.492,2,2,2,1,1
59,0.49,0,2,0,1,0
59,0.617,2,2,2,1,1
59,0.805,1,2,1,1,0
59,0.512,0,1,0,1,0
59,0.545,2,2,2,1,1
59,0.663,1,1,1,1,1
59,0.523,1,0,1,1,0
59,0.541,0,1,0,1,0
59,0.704,2,1,2,1,0
59,0.492,2,1,2,1,0
59,0.578,0,0,0,1,1
59,0.572,2,2,2,1,1
59,0.544,0,0,0,1,1
59,0.561,2,1,2,1,0
59,0.564,0,0,0,1,1
59,0.615,2,2,2,1,1
59,0.51,0,0,0,1,1
59,0.493,1,1,1,1,1
59,0.509,1,1,1,1,1
59,0.514,2,1,2,1,0
59,0.534,0,2,0,1,0
59,0.604,1,1,2,1,1
59,0.458,2,0,2,1,0
59,0.595,0,1,0,1,0
59,0.711,2,2,2,1,1
59,0.501,2,2,2,1,1
59,0.761,1,0,1,1,0
59,0.581,2,2,2,1,1
59,0.607,1,1,1,1,1
59,0.492,0,1,0,1,0
59,0.877,1,2,1,1,0
59,0.607,1,2,1,1,0
59,0.811,2,1,2,1,0
59,0.581,1,1,1,1,1
59,0.633,2,2,2,1,1
59,0.716,1,0,1,1,0
59,0.459,1,0,1,1,0
59,0.478,0,2,0,1,0
59,0.738,1,2,1,1,0
59,0.522,0,1,0,1,0
59,0.7,0,2,0,1,0
59,0.517,2,2,2,1,1
59,0.734,2,0,2,1,0
59,0.467,2,0,2,1,0
59,0.587,1,0,1,1,0
59,0.604,1,0,1,1,0
59,0.518,1,0,1,1,0
59,0.595,2,0,2,1,0
59,0.638,0,0,0,1,1
60,0.733,0,1,0,1,0
60,1.074,1,2,1,1,0
60,1.042,1,2,1,1,0
60,0.61,1,1,1,1,1
60,0.852,2,1,0,1,0
60,0.716,0,0,0,1,1
60,0.745,0,1,0,1,0
60,0.852,2,2,2,1,1
60,0.681,0,0,0,1,1
60,1.108,0,2,0,1,0
60,1.316,1,1,2,1,1
60,1.142,0,2,0,1,0
60,1.464,2,0,2,1,0
60,0.7,2,0,2,1,0
60,0.643,0,0,0,1,1
60,0.769,0,0,0,1,1
60,0.655,0,2,0,1,0
60,1.202,1,1,2,1,1
60,0.681,0,2,0,1,0
60,2.399,0,0,0,1,1
60,0.949,1,2,1,1,0
60,0.413,1,1,1,1,1
60,0.842,1,1,1,1,1
60,0.6,0,0,0,1,1
60,2.977,1,0,1,1,0
60,0.882,1,0,1,1,0
60,0.836,2,2,2,1,1
60,0.607,1,0,1,1,0
60,0.664,2,2,2,1,1
60,0.681,2,1,2,1,0
60,2.365,2,0,2,1,0
60,1.093,2,1,2,1,0
60,0.691,0,1,0,1,0
60,0.575,0,0,0,1,1
60,1.368,1,0,2,1,0
60,1.301,2,2,2,1,1
60,0.61,2,2,2,1,1
60,0.653,0,2,0,1,0
60,0.712,0,0,0,1,1
60,1.045,1,0,1,1,0
60,0.601,1,1,1,1,1
60,0.993,2,0,2,1,0
60,0.95,1,1,1,1,1
60,1.058,1,2,1,1,0
60,0.956,1,1,1,1,1
60,1.495,0,1,0,1,0
60,0.602,0,1,0,1,0
60,1.122,2,2,2,1,1
60,0.849,2,0,2,1,0
60,1.354,0,0,0,1,1
60,1.239,2,2,2,1,1
60,0.949,1,0,1,1,0
60,1.107,2,2,2,1,1
60,0.813,1,2,1,1,0
60,0.825,0,0,0,1,1
60,0.981,2,0,2,1,0
60,0.629,1,1,1,1,1
60,0.782,2,2,2,1,1
60,0.662,0,0,0,1,1
60,0.768,0,0,0,1,1
60,1.057,2,2,2,1,1
60,3.078,1,1,1,1,1
60,1.185,1,0,1,1,0
60,0.847,2,2,2,1,1
60,0.965,2,0,2,1,0
60,0.635,1,1,1,1,1
60,1.003,2,2,2,1,1
60,2.979,0,2,0,1,0
60,0.92,2,2,2,1,1
60,0.722,2,1,2,1,0
60,1.037,2,0,2,1,0
60,0.717,0,0,0,1,1
60,0.713,2,1,2,1,0
60,1.214,1,2,1,1,0
60,0.581,1,1,1,1,1
60,1.119,0,2,0,1,0
60,0.74,1,2,1,1,0
60,0.63,0,1,0,1,0
60,0.907,1,1,1,1,1
60,0.533,1,2,1,1,0
60,0.562,1,1,1,1,1
60,0.971,0,2,0,1,0
60,2.811,2,2,2,1,1
60,1.335,2,1,2,1,0
60,0.729,0,0,0,1,1
60,0.801,1,1,1,1,1
60,1.299,0,0,0,1,1
60,0.936,1,1,1,1,1
60,0.802,2,1,2,1,0
60,1.447,2,2,2,1,1
61,1.035,1,2,1,1,0
61,0.755,2,2,2,1,1
61,0.679,1,0,1,1,0
61,0.567,1,2,1,1,0
61,0.843,0,1,0,1,0
61,0.736,0,1,0,1,0
61,0.694,1,1,1,1,1
61,0.461,1,0,1,1,0
61,0.531,1,1,1,1,1
61,0.938,0,1,0,1,0
61,0.881,0,2,0,1,0
61,0.791,1,1,1,1,1
61,0.796,0,0,0,1,1
61,1.042,1,1,1,1,1
61,0.953,1,0,1,1,0
61,1.152,2,1,2,1,0
61,0.662,0,1,0,1,0
61,0.939,0,2,0,1,0
61,1.204,2,1,2,1,0
61,0.554,2,2,2,1,1
61,0.641,0,0,0,1,1
61,0.518,2,0,1,1,0
61,0.623,1,1,1,1,1
61,0.689,0,1,0,1,0
61,0.617,2,2,2,1,1
61,0.608,0,0,0,1,1
61,0.439,0,2,0,1,0
61,0.556,0,2,0,1,0
61,0.612,0,0,0,1,1
61,0.652,2,2,2,1,1
61,0.916,0,2,0,1,0
61,0.603,0,0,0,1,1
61,0.96,1,1,1,1,1
61,1.031,2,0,2,1,0
61,1.311,1,0,1,1,0
61,1.057,2,1,2,1,0
61,0.742,2,2,2,1,1
61,0.876,1,2,1,1,0
61,1.394,2,0,2,1,0
61,0.9,0,2,0,1,0
61,1.063,1,2,1,1,0
61,1.102,0,1,0,1,0
61,0.635,0,0,0,1,1
61,0.864,0,1,0,1,0
61,0.535,1,1,1,1,1
61,0.942,1,2,1,1,0
61,0.647,1,0,1,1,0
61,0.734,2,2,2,1,1
61,0.644,1,1,1,1,1
61,0.7,2,2,2,1,1
61,0.643,1,1,1,1,1
61,1.081,1,2,1,1,0
61,1.103,2,2,2,1,1
61,0.964,0,2,0,1,0
61,0.601,0,0,0,1,1
61,0.96,1,1,1,1,1
61,0.665,0,1,0,1,0
61,0.767,2,2,2,1,1
61,0.695,0,0,0,1,1
61,1.166,2,1,2,1,0
61,0.661,0,0,0,1,1
61,0.924,2,2,2,1,1
61,0.898,1,1,1,1,1
61,0.603,0,0,0,1,1
61,0.559,0,0,0,1,1
61,0.549,0,0,0,1,1
61,0.411,0,0,0,1,1
61,1.038,1,2,1,1,0
61,0.646,2,2,2,1,1
61,0.78,1,0,0,1,0
61,0.883,2,2,2,1,1
61,0.937,1,0,1,1,0
61,0.479,1,0,1,1,0
61,0.853,0,2,0,1,0
61,0.667,0,0,0,1,1
61,0.8,1,1,1,1,1
61,1.173,2,1,2,1,0
61,0.588,1,1,1,1,1
61,0.915,2,2,1,1,1
61,0.905,2,0,0,1,0
61,0.752,1,2,1,1,0
61,0.84,2,0,2,1,0
61,0.67,2,0,2,1,0
61,1.108,2,1,2,1,0
61,0.506,2,2,2,1,1
61,1.088,2,1,2,1,0
61,1.035,2,0,2,1,0
61,1.105,2,1,2,1,0
61,0.778,2,2,2,1,1
61,0.768,0,0,0,1,1
61,0.533,1,1,1,1,1
61,0.443,1,1,1,1,1
61,0.659,0,0,0,1,1
61,1.05,2,0,2,1,0
62,0.704,1,2,1,1,0
62,0.587,2,2,2,1,1
62,0.46,1,1,1,1,1
62,0.507,1,0,1,1,0
62,0.448,1,1,1,1,1
62,0.513,2,0,2,1,0
62,0.426,2,1,2,1,0
62,0.509,0,0,0,1,1
62,0.554,2,2,2,1,1
62,0.573,0,1,0,1,0
62,0.542,0,0,0,1,1
62,0.449,2,0,2,1,0
62,0.529,0,2,0,1,0
62,0.45,0,0,0,1,1
62,0.506,0,2,0,1,0
62,0.441,0,0,0,1,1
62,0.458,2,2,2,1,1
62,0.437,2,2,2,1,1
62,0.387,2,1,2,1,0
62,0.493,2,0,2,1,0
62,0.584,1,1,1,1,1
62,0.516,1,1,1,1,1
62,0.582,2,2,2,1,1
62,0.844,1,0,1,1,0
62,0.51,2,0,2,1,0
62,0.426,0,2,0,1,0
62,0.506,0,2,0,1,0
62,0.59,2,2,2,1,1
62,0.563,2,2,2,1,1
62,0.496,0,1,0,1,0
62,0.444,0,0,0,1,1
62,0.444,0,0,0,1,1
62,0.418,2,1,2,1,0
62,0.522,1,1,1,1,1
62,0.507,0,0,0,1,1
62,0.654,1,1,1,1,1
62,0.618,0,2,0,1,0
62,0.502,0,1,0,1,0
62,0.736,0,2,0,1,0
62,0.505,2,0,2,1,0
62,0.515,1,2,1,1,0
62,0.46,2,0,2,1,0
62,0.811,1,2,1,1,0
62,0.704,1,2,1,1,0
62,0.652,0,1,0,1,0
62,0.503,0,0,0,1,1
62,0.549,1,1,1,1,1
62,0.594,1,1,1,1,1
62,0.516,0,0,0,1,1
62,0.794,2,0,2,1,0
62,0.395,1,2,1,1,0
62,0.526,2,2,2,1,1
62,0.549,1,1,1,1,1
62,0.405,0,1,0,1,0
62,0.808,1,2,1,1,0
62,0.456,1,0,1,1,0
62,0.714,2,1,2,1,0
62,0.501,2,2,2,1,1
62,0.471,2,2,2,1,1
62,0.448,2,2,2,1,1
62,0.58,1,1,1,1,1
62,0.695,1,1,1,1,1
62,0.474,2,1,2,1,0
62,0.686,2,2,2,1,1
62,0.51,0,0,0,1,1
62,0.435,1,0,1,1,0
62,0.43,2,2,2,1,1
62,0.467,0,0,0,1,1
62,0.514,0,1,0,1,0
62,0.489,2,1,2,1,0
62,0.589,0,1,0,1,0
62,0.497,0,0,0,1,1
62,0.468,2,1,1,1,0
62,0.647,1,1,1,1,1
62,0.845,1,0,1,1,0
62,0.541,0,0,0,1,1
62,0.487,2,0,2,1,0
62,0.732,1,0,1,1,0
62,0.583,0,2,0,1,0
62,0.834,1,2,0,1,0
62,0.701,1,2,1,1,0
62,0.61,2,2,2,1,1
62,0.606,1,1,1,1,1
62,0.625,0,0,0,1,1
62,0.48,0,0,0,1,1
62,0.544,1,1,1,1,1
62,0.535,1,1,1,1,1
62,0.729,1,0,1,1,0
62,0.428,2,2,2,1,1
62,0.514,1,0,1,1,0
62,0.562,1,1,1,1,1
62,0.611,2,1,2,1,0
62,0.652,0,0,0,1,1
62,0.577,0,2,0,1,0
62,0.596,2,2,2,1,1
63,0.558,2,2,2,1,1
63,0.551,0,1,0,1,0
63,0.547,0,2,0,1,0
63,0.909,2,0,2,1,0
63,0.739,0,0,0,1,1
63,0.982,2,2,2,1,1
63,0.692,0,0,0,1,1
63,0.835,2,0,2,1,0
63,0.654,1,1,1,1,1
63,0.663,1,0,1,1,0
63,0.545,2,2,2,1,1
63,1.154,1,1,1,1,1
63,0.912,1,1,1,1,1
63,0.583,2,2,2,1,1
63,0.55,2,2,2,1,1
63,0.603,0,0,0,1,1
63,1.246,1,2,1,1,0
63,0.556,1,1,1,1,1
63,0.903,2,1,2,1,0
63,0.771,1,1,1,1,1
63,0.643,2,1,2,1,0
63,0.442,0,0,0,1,1
63,0.482,0,0,0,1,1
63,0.376,0,0,0,1,1
63,0.808,2,2,2,1,1
63,0.653,1,1,1,1,1
63,0.564,0,0,0,1,1
63,0.838,1,1,1,1,1
63,0.658,2,0,2,1,0
63,0.458,1,1,1,1,1
63,0.513,1,0,1,1,0
63,0.608,0,0,0,1,1
63,0.889,0,1,0,1,0
63,0.862,1,0,1,1,0
63,0.613,1,2,1,1,0
63,0.613,1,0,1,1,0
63,0.549,2,1,2,1,0
63,0.362,0,0,0,1,1
63,0.64,1,0,1,1,0
63,0.604,2,1,2,1,0
63,0.49,0,1,0,1,0
63,0.467,0,2,0,1,0
63,0.514,0,2,0,1,0
63,0.716,0,2,0,1,0
63,0.65,2,2,2,1,1
63,1.086,0,2,0,1,0
63,0.69,1,1,1,1,1
63,0.451,1,1,1,1,1
63,0.491,2,2,2,1,1
63,0.424,2,0,2,1,0
63,0.518,1,0,1,1,0
63,0.523,0,2,0,1,0
63,0.373,0,0,0,1,1
63,0.602,0,0,0,1,1
63,0.81,1,1,1,1,1
63,0.467,1,1,1,1,1
63,0.939,2,0,2,1,0
63,1.154,2,0,2,1,0
63,0.617,2,2,2,1,1
63,0.676,1,2,1,1,0
63,0.697,2,2,2,1,1
63,0.641,0,1,0,1,0
63,1.191,1,0,1,1,0
63,1.003,1,1,1,1,1
63,1.148,2,2,1,1,1
63,0.642,2,2,2,1,1
63,0.721,1,2,1,1,0
63,0.61,2,2,2,1,1
63,0.938,0,0,0,1,1
63,0.764,2,2,2,1,1
63,0.747,0,2,0,1,0
63,0.559,0,0,0,1,1
63,0.802,1,2,2,1,0
63,0.629,0,1,0,1,0
63,0.487,0,1,0,1,0
63,0.683,2,2,2,1,1
63,0.619,1,2,1,1,0
63,0.779,1,1,1,1,1
63,0.712,2,1,2,1,0
63,0.864,2,1,2,1,0
63,0.87,1,1,1,1,1
63,0.736,0,2,0,1,0
63,0.622,2,1,2,1,0
63,0.618,0,0,0,1,1
63,1.196,1,2,1,1,0
63,0.515,2,1,2,1,0
63,0.917,2,0,2,1,0
63,0.644,0,0,0,1,1
63,0.718,1,2,1,1,0
63,0.677,0,1,0,1,0
63,0.99,1,0,1,1,0
63,0.679,0,0,0,1,1
63,0.776,0,1,0,1,0
64,0.521,0,0,0,1,1
64,0.845,2,0,2,1,0
64,0.456,2,2,2,1,1
64,0.471,1,1,1,1,1
64,0.514,0,1,0,1,0
64,0.731,2,1,2,1,0
64,0.577,0,0,0,1,1
64,0.577,0,1,0,1,0
64,0.507,0,1,0,1,0
64,0.697,1,1,1,1,1
64,0.55,0,2,2,1,0
64,0.537,0,0,0,1,1
64,0.536,0,0,0,1,1
64,0.466,0,0,0,1,1
64,0.831,2,0,2,1,0
64,0.422,1,1,1,1,1
64,0.534,2,2,2,1,1
64,0.818,1,0,1,1,0
64,0.625,0,0,0,1,1
64,0.665,1,2,1,1,0
64,0.466,1,1,1,1,1
64,0.652,0,0,0,1,1
64,0.614,2,2,2,1,1
64,0.866,1,2,1,1,0
64,0.781,2,0,2,1,0
64,0.916,1,2,2,1,0
64,0.477,0,0,0,1,1
64,0.681,1,1,1,1,1
64,0.654,2,1,2,1,0
64,0.702,0,2,0,1,0
64,0.643,2,0,2,1,0
64,0.577,1,1,1,1,1
64,0.475,1,1,1,1,1
64,0.445,1,1,1,1,1
64,0.622,2,1,2,1,0
64,0.577,1,2,1,1,0
64,0.529,2,2,2,1,1
64,0.491,2,1,2,1,0
64,0.446,2,0,2,1,0
64,0.489,2,2,2,1,1
64,0.55,0,1,0,1,0
64,0.648,1,0,1,1,0
64,0.594,2,0,2,1,0
64,0.672,1,2,1,1,0
64,0.492,2,2,2,1,1
64,0.647,2,0,2,1,0
64,0.609,0,2,0,1,0
64,0.516,0,1,0,1,0
64,0.431,0,0,0,1,1
64,0.745,1,0,1,1,0
64,0.681,2,1,2,1,0
64,0.784,2,2,2,1,1
64,0.444,2,2,2,1,1
64,0.879,1,0,1,1,0
64,0.424,1,2,1,1,0
64,0.405,1,0,1,1,0
64,0.448,1,1,1,1,1
64,0.598,0,0,0,1,1
64,0.606,2,2,2,1,1
64,0.656,0,1,0,1,0
64,0.467,0,2,0,1,0
64,0.5,0,0,0,1,1
64,0.649,2,2,2,1,1
64,0.487,2,2,2,1,1
64,0.68,2,1,2,1,0
64,0.434,2,2,2,1,1
64,0.412,2,2,2,1,1
64,0.36,1,1,1,1,1
64,0.396,1,1,1,1,1
64,0.527,2,2,2,1,1
64,0.409,2,2,2,1,1
64,0.532,1,1,1,1,1
64,0.443,1,1,1,1,1
64,0.919,1,2,1,1,0
64,0.743,2,1,2,1,0
64,0.408,0,2,0,1,0
64,0.698,2,1,2,1,0
64,0.526,1,1,1,1,1
64,0.703,2,0,2,1,0
64,0.657,0,2,0,1,0
64,0.803,1,0,1,1,0
64,0.659,0,2,0,1,0
64,0.645,0,2,0,1,0
64,0.754,1,1,1,1,1
64,0.503,0,0,0,1,1
64,0.742,1,0,1,1,0
64,0.531,0,0,0,1,1
64,0.539,0,1,1,1,0
64,0.665,1,0,1,1,0
64,0.609,0,0,0,1,1
64,0.55,2,2,2,1,1
64,0.615,0,0,0,1,1
64,0.618,1,1,1,1,1
64,0.748,1,2,1,1,0
64,0.718,0,1,0,1,0
64,0.436,0,0,0,1,1
65,0.672,1,1,1,1,1
65,0.527,0,0,0,1,1
65,0.443,0,0,0,1,1
65,0.834,1,2,1,1,0
65,0.592,0,2,1,1,0
65,0.556,2,2,2,1,1
65,0.459,2,2,2,1,1
65,0.731,2,1,1,1,0
65,0.625,1,1,1,1,1
65,0.738,1,2,1,1,0
65,0.443,1,1,1,1,1
65,0.458,1,1,1,1,1
65,0.801,1,0,1,1,0
65,0.741,0,0,0,1,1
65,0.653,1,2,1,1,0
65,0.631,0,1,0,1,0
65,0.406,0,0,0,1,1
65,0.561,2,2,2,1,1
65,0.464,2,0,2,1,0
65,0.483,0,0,0,1,1
65,0.769,2,0,2,1,0
65,0.447,2,2,2,1,1
65,0.828,0,1,0,1,0
65,0.58,2,2,2,1,1
65,0.694,0,2,0,1,0
65,0.576,1,2,1,1,0
65,0.665,1,2,1,1,0
65,0.638,0,2,2,1,0
65,0.981,2,1,2,1,0
65,0.605,1,1,1,1,1
65,0.513,2,2,0,1,1
65,0.65,1,0,0,1,0
65,0.754,1,0,1,1,0
65,0.638,0,1,0,1,0
65,0.733,1,1,1,1,1
65,0.862,2,0,0,1,0
65,0.606,1,1,1,1,1
65,0.564,0,0,0,1,1
65,0.618,2,2,2,1,1
65,0.458,2,2,2,1,1
65,0.699,1,1,1,1,1
65,0.635,2,2,2,1,1
65,0.795,0,0,1,1,1
65,0.524,1,1,1,1,1
65,0.534,0,0,0,1,1
65,0.587,1,1,1,1,1
65,0.627,2,1,2,1,0
65,0.579,1,0,0,1,0
65,0.488,1,0,1,1,0
65,0.597,1,0,1,1,0
65,0.711,0,0,0,1,1
65,0.768,2,0,2,1,0
65,0.961,0,2,0,1,0
65,0.568,0,1,0,1,0
65,0.536,2,2,2,1,1
65,0.728,2,0,2,1,0
65,0.585,1,1,1,1,1
65,0.537,2,2,2,1,1
65,0.713,1,1,2,1,1
65,0.557,2,1,2,1,0
65,0.756,1,2,1,1,0
65,0.981,2,1,2,1,0
65,0.82,0,0,0,1,1
65,0.594,2,2,2,1,1
65,0.591,1,1,1,1,1
65,0.553,0,0,0,1,1
65,0.746,0,1,0,1,0
65,0.61,0,0,0,1,1
65,0.616,1,1,1,1,1
65,0.818,1,0,1,1,0
65,0.781,0,0,0,1,1
65,0.742,0,1,0,1,0
65,0.779,2,0,2,1,0
65,0.711,2,1,2,1,0
65,0.688,1,0,0,1,0
65,0.752,2,0,2,1,0
65,0.747,1,2,1,1,0
65,0.763,0,2,0,1,0
65,0.528,2,2,2,1,1
65,0.659,1,1,1,1,1
65,0.643,1,2,1,1,0
65,0.661,0,2,0,1,0
65,0.543,0,0,0,1,1
65,0.707,2,1,2,1,0
65,0.94,0,2,0,1,0
65,0.695,1,1,1,1,1
65,1.016,0,2,0,1,0
65,0.536,2,2,2,1,1
65,0.607,2,1,2,1,0
65,0.764,0,1,0,1,0
65,0.792,2,0,2,1,0
65,0.815,0,1,1,1,0
65,0.504,2,2,2,1,1
65,0.528,2,2,2,1,1
65,0.592,0,0,0,1,1
66,0.648,1,0,1,1,0
66,1.006,0,1,0,1,0
66,0.494,2,1,2,1,0
66,0.713,0,0,0,1,1
66,0.559,0,0,0,1,1
66,0.913,2,0,2,1,0
66,0.699,0,0,0,1,1
66,0.817,1,0,1,1,0
66,0.588,0,0,0,1,1
66,0.928,1,2,1,1,0
66,0.582,2,1,2,1,0
66,1.263,2,2,2,1,1
66,1.091,0,2,0,1,0
66,1.015,2,0,2,1,0
66,0.528,1,1,1,1,1
66,0.669,2,1,2,1,0
66,0.635,2,0,2,1,0
66,0.562,1,1,1,1,1
66,0.904,1,1,1,1,1
66,0.551,2,2,2,1,1
66,0.826,1,0,1,1,0
66,0.561,1,1,1,1,1
66,0.719,2,0,2,1,0
66,1.174,0,2,0,1,0
66,0.667,0,0,0,1,1
66,0.537,2,2,2,1,1
66,0.735,0,0,0,1,1
66,0.918,1,1,1,1,1
66,0.714,1,2,1,1,0
66,0.531,2,2,2,1,1
66,0.931,0,2,0,1,0
66,0.68,0,2,0,1,0
66,0.629,0,1,0,1,0
66,0.706,0,2,0,1,0
66,0.752,1,0,1,1,0
66,0.667,0,0,0,1,1
66,0.876,1,1,1,1,1
66,0.819,2,2,2,1,1
66,0.576,2,2,2,1,1
66,0.747,1,1,1,1,1
66,0.646,1,1,1,1,1
66,0.823,1,2,1,1,0
66,1.228,0,0,0,1,1
66,0.657,1,1,1,1,1
66,0.607,0,0,0,1,1
66,0.726,0,1,0,1,0
66,0.825,2,2,2,1,1
66,1.067,2,1,2,1,0
66,0.593,1,1,1,1,1
66,0.756,2,2,2,1,1
66,0.63,0,0,0,1,1
66,0.76,2,1,2,1,0
66,0.636,2,2,2,1,1
66,0.504,1,1,1,1,1
66,0.958,1,0,1,1,0
66,1.043,1,1,1,1,1
66,0.743,0,1,0,1,0
66,0.608,1,2,2,1,0
66,0.547,0,0,0,1,1
66,0.755,0,0,0,1,1
66,0.863,1,2,1,1,0
66,0.648,0,0,0,1,1
66,0.694,0,0,0,1,1
66,0.664,1,1,1,1,1
66,0.559,1,1,1,1,1
66,0.662,2,2,2,1,1
66,0.565,1,1,1,1,1
66,1.134,0,1,0,1,0
66,0.612,2,1,2,1,0
66,0.69,0,0,0,1,1
66,0.739,1,1,1,1,1
66,0.5,1,2,1,1,0
66,0.65,2,0,0,1,0
66,0.724,1,2,1,1,0
66,1.176,2,0,0,1,0
66,0.734,0,0,0,1,1
66,0.791,2,2,1,1,1
66,0.741,1,0,1,1,0
66,0.465,2,2,2,1,1
66,0.624,2,2,2,1,1
66,0.481,2,2,2,1,1
66,0.743,1,0,1,1,0
66,0.847,0,2,0,1,0
66,0.899,2,0,2,1,0
66,0.612,2,1,2,1,0
66,0.517,2,2,2,1,1
66,0.733,1,2,1,1,0
66,0.745,0,2,0,1,0
66,0.984,2,1,2,1,0
66,0.758,2,0,2,1,0
66,0.545,2,2,2,1,1
66,0.716,0,1,0,1,0
67,1.357,1,2,1,1,0
67,0.652,1,1,1,1,1
67,0.656,1,1,1,1,1
67,0.733,2,2,2,1,1
67,0.822,1,1,1,1,1
67,0.763,2,2,2,1,1
67,0.727,0,0,0,1,1
67,1.133,0,1,0,1,0
67,0.698,1,1,1,1,1
67,1.06,2,1,2,1,0
67,0.78,1,0,1,1,0
67,0.667,1,1,1,1,1
67,1.048,2,1,2,1,0
67,0.542,0,2,0,1,0
67,0.69,1,1,1,1,1
67,0.607,2,2,2,1,1
67,0.851,1,1,1,1,1
67,0.811,2,1,2,1,0
67,0.776,0,1,0,1,0
67,1.064,1,2,1,1,0
67,0.411,2,2,2,1,1
67,0.666,0,0,0,1,1
67,1.054,1,2,1,1,0
67,0.534,2,2,2,1,1
67,0.524,0,0,0,1,1
67,0.65,2,2,2,1,1
67,0.719,0,0,0,1,1
67,0.563,0,0,0,1,1
67,0.952,1,2,1,1,0
67,0.989,2,0,2,1,0
67,0.763,0,2,0,1,0
67,0.723,0,0,0,1,1
67,0.616,0,0,0,1,1
67,0.8,0,1,0,1,0
67,0.46,0,2,0,1,0
67,0.803,1,2,1,1,0
67,1.031,2,0,2,1,0
67,0.844,1,0,1,1,0
67,0.933,0,1,2,1,0
67,0.766,0,1,0,1,0
67,0.802,2,1,1,1,0
67,0.887,1,1,1,1,1
67,0.932,0,2,0,1,0
67,0.629,1,1,1,1,1
67,0.803,1,0,1,1,0
67,0.656,1,1,1,1,1
67,0.692,1,1,1,1,1
67,0.673,1,2,1,1,0
67,0.695,1,1,1,1,1
67,0.997,0,1,0,1,0
67,0.804,1,0,1,1,0
67,0.666,2,0,2,1,0
67,1.357,1,0,1,1,0
67,0.675,2,1,2,1,0
67,1.13,2,0,2,1,0
67,0.995,1,2,1,1,0
67,0.705,2,1,2,1,0
67,0.747,0,0,0,1,1
67,0.649,0,1,0,1,0
67,0.679,0,0,0,1,1
67,1.221,2,0,2,1,0
67,0.587,2,2,2,1,1
67,0.497,2,2,2,1,1
67,0.942,0,0,0,1,1
67,0.622,0,0,0,1,1
67,0.827,1,0,1,1,0
67,0.818,1,1,1,1,1
67,0.523,2,2,2,1,1
67,0.606,2,2,2,1,1
67,0.841,1,0,1,1,0
67,1.047,2,0,2,1,0
67,0.594,2,2,2,1,1
67,0.746,2,1,2,1,0
67,0.483,2,2,2,1,1
67,0.759,1,1,1,1,1
67,0.869,1,2,1,1,0
67,0.853,0,0,0,1,1
67,0.703,0,2,0,1,0
67,0.58,0,0,0,1,1
67,0.533,0,0,0,1,1
67,1.241,2,1,2,1,0
67,1.08,0,2,0,1,0
67,0.815,1,0,1,1,0
67,0.789,2,2,2,1,1
67,0.665,2,2,2,1,1
67,1.086,2,0,2,1,0
67,1.076,2,2,2,1,1
67,1.348,0,2,0,1,0
67,1.292,0,1,0,1,0
67,0.715,0,2,0,1,0
67,0.58,0,0,0,1,1
67,0.835,2,2,2,1,1
67,0.814,1,1,1,1,1
67,0.783,1,1,1,1,1
67,0.764,0,0,0,1,1
67,1.22,2,0,2,1,0
68,1.273,1,0,1,1,0
68,0.81,2,2,2,1,1
68,0.885,2,1,2,1,0
68,0.671,0,1,0,1,0
68,0.655,0,0,0,1,1
68,1.148,1,1,1,1,1
68,0.964,0,2,2,1,0
68,0.843,1,1,1,1,1
68,1.061,0,2,0,1,0
68,0.576,1,1,1,1,1
68,1.388,2,0,2,1,0
68,0.563,2,2,2,1,1
68,0.86,0,0,0,1,1
68,0.783,0,1,0,1,0
68,0.665,0,1,0,1,0
68,1.408,1,2,2,1,0
68,1.462,2,2,2,1,1
68,0.823,0,0,0,1,1
68,0.882,1,0,1,1,0
68,0.459,1,1,1,1,1
68,0.662,1,1,1,1,1
68,0.644,2,2,2,1,1
68,1.329,1,2,1,1,0
68,0.9,2,2,2,1,1
68,1.149,1,0,1,1,0
68,0.468,1,1,1,1,1
68,0.959,0,1,0,1,0
68,0.837,2,2,2,1,1
68,0.401,2,2,2,1,1
68,0.533,2,2,2,1,1
68,1.018,0,2,0,1,0
68,0.814,2,2,2,1,1
68,0.838,2,1,2,1,0
68,0.767,2,1,2,1,0
68,1.208,2,1,1,1,0
68,0.919,1,2,1,1,0
68,0.654,1,0,1,1,0
68,0.711,2,0,2,1,0
68,0.658,0,0,0,1,1
68,1.324,1,0,1,1,0
68,1.099,0,1,0,1,0
68,0.769,2,1,2,1,0
68,0.557,2,0,2,1,0
68,0.541,2,2,2,1,1
68,1.21,0,2,0,1,0
68,0.896,1,2,1,1,0
68,1.062,0,0,0,1,1
68,0.825,1,1,1,1,1
68,0.732,0,0,0,1,1
68,0.719,0,0,0,1,1
68,0.674,2,2,2,1,1
68,0.499,2,2,2,1,1
68,0.621,1,1,1,1,1
68,0.486,1,0,1,1,0
68,1.265,2,0,1,1,0
68,0.668,1,1,1,1,1
68,1.004,0,2,0,1,0
68,1.056,0,2,0,1,0
68,0.744,0,0,0,1,1
68,0.476,0,0,0,1,1
68,1.207,1,0,1,1,0
68,0.444,1,1,1,1,1
68,0.445,1,1,1,1,1
68,0.943,2,0,2,1,0
68,0.783,2,2,2,1,1
68,0.593,0,0,0,1,1
68,0.892,2,1,2,1,0
68,0.51,2,2,2,1,1
68,1.142,1,2,1,1,0
68,0.639,2,2,2,1,1
68,0.752,1,1,1,1,1
68,0.897,0,1,0,1,0
68,1.049,2,0,2,1,0
68,1.179,0,1,0,1,0
68,0.538,0,0,0,1,1
68,0.581,0,0,0,1,1
68,0.571,0,0,0,1,1
68,0.515,0,1,0,1,0
68,0.496,0,2,0,1,0
68,0.796,1,1,1,1,1
68,0.731,2,0,2,1,0
68,0.604,1,1,1,1,1
68,0.816,1,2,1,1,0
68,0.552,1,1,1,1,1
68,0.467,1,2,1,1,0
68,0.802,2,2,2,1,1
68,0.736,0,0,0,1,1
68,0.594,1,1,1,1,1
68,0.923,2,1,2,1,0
68,1.207,1,0,1,1,0
68,0.595,0,0,0,1,1
69,0.489,0,1,0,1,0
69,0.397,2,2,2,1,1
69,0.4,2,2,2,1,1
69,0.784,1,2,0,1,0
69,0.455,1,1,1,1,1
69,0.61,1,0,1,1,0
69,0.38,1,1,1,1,1
69,0.516,0,1,0,1,0
69,0.591,2,0,2,1,0
69,0.431,0,0,0,1,1
69,0.499,0,0,0,1,1
69,0.649,2,0,2,1,0
69,0.401,2,2,2,1,1
69,0.422,2,2,2,1,1
69,0.66,0,1,0,1,0
69,0.429,1,1,1,1,1
69,0.668,2,0,2,1,0
69,0.549,2,0,2,1,0
69,0.661,0,0,0,1,1
69,0.392,0,2,0,1,0
69,0.536,1,2,1,1,0
69,0.593,0,1,0,1,0
69,0.426,1,1,2,1,1
69,0.52,1,1,1,1,1
69,0.665,2,1,2,1,0
69,0.541,1,1,1,1,1
69,0.46,0,0,0,1,1
69,0.366,0,2,0,1,0
69,0.37,0,1,0,1,0
69,0.567,2,1,2,1,0
69,0.542,2,1,2,1,0
69,0.467,0,0,0,1,1
69,0.55,1,1,1,1,1
69,0.905,1,0,1,1,0
69,0.592,2,2,2,1,1
69,0.597,0,0,0,1,1
69,0.403,2,2,2,1,1
69,0.658,2,2,2,1,1
69,0.566,2,2,2,1,1
69,0.488,2,2,2,1,1
69,0.891,2,0,2,1,0
69,0.409,2,0,2,1,0
69,0.536,0,2,0,1,0
69,0.526,0,2,0,1,0
69,0.38,0,1,0,1,0
69,0.38,0,0,0,1,1
69,0.494,0,0,0,1,1
69,0.571,2,1,2,1,0
69,0.769,0,2,0,1,0
69,0.79,1,0,1,1,0
69,0.72,0,2,0,1,0
69,0.43,0,0,0,1,1
69,0.57,1,1,1,1,1
69,0.351,0,0,0,1,1
69,0.63,1,2,1,1,0
69,0.613,2,0,2,1,0
69,0.474,0,0,0,1,1
69,0.517,1,1,1,1,1
69,0.617,1,0,1,1,0
69,0.574,0,2,0,1,0
69,0.646,1,2,0,1,0
69,0.465,2,2,2,1,1
69,0.453,2,2,2,1,1
69,0.608,1,2,1,1,0
69,0.582,2,2,2,1,1
69,0.701,2,0,2,1,0
69,0.436,0,1,0,1,0
69,0.59,1,2,1,1,0
69,0.568,1,1,1,1,1
69,0.508,0,0,0,1,1
69,0.68,1,0,1,1,0
69,0.37,1,0,1,1,0
69,0.489,0,0,0,1,1
69,0.426,1,0,1,1,0
69,0.453,0,0,0,1,1
69,0.697,0,2,0,1,0
69,0.778,2,2,2,1,1
69,0.798,1,0,1,1,0
69,0.498,2,2,2,1,1
69,0.5,1,1,1,1,1
69,0.392,1,1,1,1,1
69,0.465,0,1,0,1,0
69,0.495,0,0,0,1,1
69,0.47,1,2,1,1,0
69,0.421,1,1,1,1,1
69,0.485,0,0,0,1,1
69,0.384,1,1,1,1,1
69,0.381,1,2,1,1,0
69,0.689,2,1,2,1,0
69,0.397,2,1,2,1,0
69,0.389,2,2,2,1,1
69,0.466,2,2,2,1,1
69,0.379,2,1,2,1,0
69,0.499,1,1,1,1,1
69,0.603,1,1,1,1,1
70,1.157,2,0,2,1,0
70,0.874,1,0,1,1,0
70,1.173,2,2,2,1,1
70,0.569,0,0,0,1,1
70,0.756,1,2,1,1,0
70,0.712,2,1,2,1,0
70,0.911,0,2,0,1,0
70,0.835,0,1,0,1,0
70,0.655,0,2,0,1,0
70,1.092,0,1,0,1,0
70,0.662,0,1,0,1,0
70,0.898,2,1,2,1,0
70,1.206,2,0,2,1,0
70,0.859,1,0,1,1,0
70,0.637,0,2,0,1,0
70,0.736,2,2,2,1,1
70,0.564,0,0,0,1,1
70,0.873,0,0,0,1,1
70,0.684,1,1,1,1,1
70,0.848,0,0,0,1,1
70,0.739,0,0,0,1,1
70,0.719,1,1,1,1,1
70,0.93,0,2,0,1,0
70,0.782,1,1,1,1,1
70,0.85,0,1,0,1,0
70,1.014,1,2,1,1,0
70,0.689,2,2,2,1,1
70,1.204,2,2,0,1,1
70,1.097,0,2,0,1,0
70,1.052,2,1,1,1,0
70,0.657,0,0,0,1,1
70,0.572,1,1,1,1,1
70,0.729,2,2,2,1,1
70,0.916,2,0,2,1,0
70,1.272,0,2,0,1,0
70,0.661,0,0,0,1,1
70,0.594,0,0,0,1,1
70,0.972,1,1,1,1,1
70,0.92,2,0,2,1,0
70,0.628,2,2,2,1,1
70,0.712,2,2,2,1,1
70,0.743,2,2,2,1,1
70,0.819,0,2,0,1,0
70,0.648,1,1,1,1,1
70,0.731,0,0,0,1,1
70,1.205,2,1,2,1,0
70,0.767,2,2,2,1,1
70,0.637,2,2,2,1,1
70,0.855,0,1,0,1,0
70,0.611,2,2,2,1,1
70,1.288,1,1,1,1,1
70,1.018,1,0,1,1,0
70,0.798,1,2,1,1,0
70,0.666,1,1,1,1,1
70,0.663,0,0,0,1,1
70,0.642,1,1,1,1,1
70,0.805,1,2,1,1,0
70,0.448,1,1,1,1,1
70,0.997,0,1,0,1,0
70,0.944,1,0,1,1,0
70,0.564,1,1,1,1,1
70,0.504,2,2,2,1,1
70,0.773,0,0,0,1,1
70,0.607,1,1,1,1,1
70,0.69,1,1,1,1,1
70,0.894,2,1,2,1,0
70,0.819,2,0,2,1,0
70,0.925,1,0,1,1,0
70,0.681,0,0,0,1,1
70,0.629,1,0,1,1,0
70,0.858,1,1,1,1,1
70,0.582,1,2,1,1,0
70,0.771,1,2,1,1,0
70,0.662,2,1,2,1,0
70,0.962,1,0,1,1,0
70,0.557,1,1,1,1,1
70,0.689,1,2,1,1,0
70,0.726,2,1,2,1,0
70,1.042,2,0,2,1,0
70,0.628,2,2,2,1,1
70,0.752,0,0,0,1,1
70,0.666,1,0,1,1,0
70,0.575,2,2,2,1,1
70,1.314,1,2,1,1,0
70,0.701,0,2,1,1,0
70,0.817,2,1,2,1,0
70,0.534,2,2,2,1,1
70,0.609,2,0,2,1,0
70,0.718,0,0,0,1,1
70,0.801,0,0,0,1,1
70,0.667,2,2,2,1,1
70,0.703,0,1,0,1,0
70,0.85,2,0,2,1,0
70,0.615,0,0,0,1,1
70,0.658,1,1,1,1,1
71,0.996,2,0,2,1,0
71,0.546,1,1,1,1,1
71,0.557,0,1,0,1,0
71,0.556,0,0,0,1,1
71,0.756,0,0,0,1,1
71,0.663,0,1,0,1,0
71,0.656,1,2,1,1,0
71,0.964,0,2,0,1,0
71,0.847,1,2,1,1,0
71,0.683,1,1,1,1,1
71,0.472,0,0,0,1,1
71,0.749,2,0,2,1,0
71,0.584,0,0,0,1,1
71,0.738,2,2,2,1,1
71,0.688,0,2,0,1,0
71,0.727,2,2,2,1,1
71,0.765,2,1,2,1,0
71,0.714,2,0,2,1,0
71,0.521,2,0,2,1,0
71,0.739,0,1,0,1,0
71,0.606,0,1,0,1,0
71,0.567,1,1,1,1,1
71,0.575,1,1,1,1,1
71,0.511,1,1,1,1,1
71,0.481,1,1,1,1,1
71,0.75,1,2,2,1,0
71,0.686,1,0,1,1,0
71,0.822,0,1,0,1,0
71,0.769,1,1,1,1,1
71,0.425,1,0,1,1,0
71,0.737,0,0,0,1,1
71,0.692,2,2,2,1,1
71,0.79,2,1,2,1,0
71,0.605,0,0,0,1,1
71,0.604,2,2,2,1,1
71,0.617,2,0,2,1,0
71,0.555,0,0,0,1,1
71,0.887,2,1,2,1,0
71,0.581,0,0,0,1,1
71,0.539,0,0,0,1,1
71,0.715,2,2,2,1,1
71,0.729,2,1,2,1,0
71,0.616,0,0,0,1,1
71,0.652,2,2,2,1,1
71,0.65,2,2,2,1,1
71,0.742,1,1,1,1,1
71,0.649,2,2,2,1,1
71,0.742,0,2,0,1,0
71,0.614,1,1,1,1,1
71,0.78,1,0,1,1,0
71,0.599,0,0,0,1,1
71,0.703,1,0,1,1,0
71,0.693,1,2,1,1,0
71,0.642,0,2,0,1,0
71,0.564,0,0,0,1,1
71,0.753,2,0,2,1,0
71,0.99,0,2,0,1,0
71,0.801,2,1,2,1,0
71,0.595,2,2,2,1,1
71,0.583,2,2,2,1,1
71,0.76,2,1,2,1,0
71,0.604,1,1,1,1,1
71,0.638,2,2,2,1,1
71,0.968,1,0,1,1,0
71,0.65,1,2,1,1,0
71,0.683,1,0,1,1,0
71,0.646,1,1,1,1,1
71,0.822,0,2,0,1,0
71,0.584,1,1,1,1,1
71,0.83,0,1,0,1,0
71,0.688,0,0,0,1,1
71,0.527,0,0,0,1,1
71,0.842,1,0,1,1,0
71,0.855,2,2,2,1,1
71,0.748,0,1,0,1,0
71,0.785,2,1,2,1,0
71,0.811,1,2,1,1,0
71,0.799,2,2,2,1,1
71,0.534,1,1,1,1,1
71,0.642,1,2,1,1,0
71,0.608,2,2,2,1,1
71,0.589,0,0,0,1,1
71,0.679,1,2,1,1,0
71,0.537,1,1,1,1,1
71,0.67,1,0,1,1,0
71,0.603,0,0,0,1,1
71,0.854,2,0,2,1,0
71,0.575,2,2,2,1,1
71,0.61,2,1,2,1,0
71,0.744,0,2,0,1,0
71,0.715,0,1,0,1,0
71,0.513,1,1,1,1,1
71,0.572,1,1,1,1,1
71,0.688,2,2,2,1,1
71,0.808,2,0,2,1,0
72,0.716,1,2,1,1,0
72,0.593,2,2,2,1,1
72,0.511,2,2,2,1,1
72,0.69,0,1,0,1,0
72,0.78,1,1,1,1,1
72,0.549,2,1,1,1,0
72,1.115,1,2,1,1,0
72,0.557,1,2,1,1,0
72,0.698,0,1,0,1,0
72,0.609,0,1,0,1,0
72,0.626,1,1,1,1,1
72,0.638,2,0,2,1,0
72,0.759,2,0,2,1,0
72,0.642,0,2,0,1,0
72,1.067,1,1,1,1,1
72,0.771,0,1,0,1,0
72,0.741,0,1,0,1,0
72,0.925,1,1,1,1,1
72,0.488,1,1,1,1,1
72,0.561,2,2,2,1,1
72,0.656,0,2,0,1,0
72,0.598,2,2,2,1,1
72,0.461,0,0,0,1,1
72,0.393,2,0,1,1,0
72,0.774,1,0,1,1,0
72,1.013,0,0,0,1,1
72,0.459,2,2,2,1,1
72,0.746,1,1,1,1,1
72,0.488,1,1,1,1,1
72,1.068,1,2,1,1,0
72,0.658,1,0,1,1,0
72,0.717,0,2,0,1,0
72,0.62,2,2,2,1,1
72,0.925,1,1,1,1,1
72,0.557,2,2,2,1,1
72,0.548,2,2,2,1,1
72,0.522,2,2,2,1,1
72,0.572,0,1,0,1,0
72,0.687,1,1,1,1,1
72,0.849,0,2,0,1,0
72,0.918,2,0,2,1,0
72,0.564,0,0,0,1,1
72,0.677,0,2,0,1,0
72,0.546,0,0,0,1,1
72,0.936,2,0,2,1,0
72,0.581,0,0,0,1,1
72,0.739,1,1,1,1,1
72,0.424,0,0,0,1,1
72,0.719,0,2,0,1,0
72,0.744,2,0,2,1,0
72,0.693,1,0,0,1,0
72,0.515,1,1,1,1,1
72,0.868,1,0,1,1,0
72,0.794,2,1,2,1,0
72,1.053,1,1,1,1,1
72,0.454,1,1,1,1,1
72,0.715,2,1,2,1,0
72,0.475,2,2,2,1,1
72,0.579,0,0,0,1,1
72,1.099,2,1,2,1,0
72,1.007,1,0,1,1,0
72,0.712,0,0,0,1,1
72,1.074,0,0,0,1,1
72,0.965,1,2,1,1,0
72,1.277,1,1,1,1,1
72,0.825,2,0,2,1,0
72,0.74,2,1,2,1,0
72,1.007,1,0,1,1,0
72,0.943,2,0,2,1,0
72,0.7,1,0,1,1,0
72,0.927,1,2,1,1,0
72,0.55,1,1,1,1,1
72,0.968,0,0,0,1,1
72,0.907,1,2,1,1,0
72,0.68,0,0,0,1,1
72,0.866,2,1,2,1,0
72,0.681,2,2,2,1,1
72,0.638,0,1,1,1,0
72,0.676,0,0,0,1,1
72,0.942,0,2,0,1,0
72,0.684,0,2,0,1,0
72,0.701,2,2,2,1,1
72,0.741,2,1,2,1,0
72,0.569,0,0,0,1,1
72,0.591,2,2,2,1,1
72,1.049,0,1,0,1,0
72,0.55,0,0,0,1,1
72,0.817,2,2,2,1,1
72,0.593,0,0,0,1,1
72,0.966,1,1,1,1,1
72,0.917,1,0,1,1,0
72,0.597,2,1,2,1,0
72,0.502,2,2,2,1,1
72,0.695,0,0,0,1,1
72,1.022,1,2,1,1,0
72,0.649,2,2,2,1,1
73,0.722,2,2,2,1,1
73,0.95,0,0,0,1,1
73,0.94,2,2,2,1,1
73,0.95,0,1,0,1,0
73,0.75,1,1,1,1,1
73,0.75,2,2,2,1,1
73,0.75,1,1,1,1,1
73,0.75,1,0,0,1,0
73,1.14,2,0,2,1,0
73,0.75,0,0,0,1,1
73,0.91,0,2,0,1,0
73,0.836,2,2,2,1,1
73,1.076,1,0,1,1,0
73,0.85,1,0,1,1,0
73,0.801,1,1,1,1,1
73,0.65,0,0,0,1,1
73,0.87,1,1,1,1,1
73,0.7,0,0,0,1,1
73,0.69,0,2,0,1,0
73,0.79,0,2,0,1,0
73,0.92,1,2,1,1,0
73,1.1,2,0,2,1,0
73,0.69,0,0,0,1,1
73,1.01,2,0,2,1,0
73,0.79,2,2,2,1,1
73,0.857,0,2,0,1,0
73,0.64,1,1,1,1,1
73,0.91,1,2,1,1,0
73,1.37,0,1,0,1,0
73,0.68,2,2,2,1,1
73,0.69,2,2,2,1,1
73,0.46,1,1,1,1,1
73,0.87,1,2,1,1,0
73,0.69,0,0,0,1,1
73,0.83,2,2,2,1,1
73,0.69,1,1,1,1,1
73,1.252,2,1,2,1,0
73,1.167,0,1,0,1,0
73,0.872,0,2,0,1,0
73,0.71,1,1,1,1,1
73,0.73,1,1,1,1,1
73,1.05,0,1,0,1,0
73,0.92,0,1,0,1,0
73,0.89,2,1,2,1,0
73,1.077,1,0,1,1,0
73,1.1,2,2,2,1,1
73,1.21,2,1,2,1,0
73,0.77,0,0,0,1,1
73,0.77,0,0,0,1,1
73,1.02,1,1,1,1,1
73,0.92,0,2,2,1,0
73,1.16,2,1,2,1,0
73,0.73,0,0,0,1,1
73,0.877,0,1,0,1,0
73,0.687,0,0,0,1,1
73,0.897,2,1,2,1,0
73,0.99,2,0,2,1,0
73,0.98,2,1,2,1,0
73,1.034,2,0,2,1,0
73,0.761,2,2,2,1,1
73,0.83,0,0,0,1,1
73,0.706,1,1,1,1,1
73,0.81,0,0,0,1,1
73,0.82,2,1,2,1,0
73,0.91,0,1,0,1,0
73,1.11,0,2,2,1,0
73,0.83,1,1,1,1,1
73,1.22,1,2,1,1,0
73,0.6,0,0,0,1,1
73,0.656,0,0,0,1,1
73,0.736,1,1,1,1,1
73,0.82,0,0,0,1,1
73,0.786,2,2,2,1,1
73,0.82,2,2,2,1,1
73,1.2,2,0,2,1,0
73,0.84,2,2,2,1,1
73,0.93,1,2,1,1,0
73,0.696,1,1,1,1,1
73,0.757,1,0,1,1,0
73,1.257,2,1,2,1,0
73,0.98,1,2,1,1,0
73,1.031,1,2,1,1,0
73,1.037,2,2,2,1,1
73,0.756,1,1,1,1,1
73,0.81,2,2,2,1,1
73,0.886,0,1,0,1,0
73,0.996,2,0,2,1,0
73,0.73,1,1,1,1,1
73,0.76,0,0,0,1,1
73,0.967,2,0,2,1,0
73,0.77,2,2,2,1,1
73,1.11,1,0,1,1,0
73,0.79,1,0,1,1,0
73,0.69,1,0,1,1,0
73,0.57,1,2,1,1,0
74,0.649,0,0,0,1,1
74,0.526,1,1,1,1,1
74,0.931,0,2,0,1,0
74,0.823,1,2,1,1,0
74,0.844,0,1,0,1,0
74,0.656,1,1,1,1,1
74,0.518,0,0,0,1,1
74,0.783,1,2,1,1,0
74,0.522,0,1,0,1,0
74,0.616,1,1,1,1,1
74,0.542,0,0,0,1,1
74,0.579,1,1,1,1,1
74,0.585,2,2,2,1,1
74,0.648,2,2,2,1,1
74,0.676,2,1,2,1,0
74,0.705,1,0,1,1,0
74,0.63,1,1,1,1,1
74,0.58,2,2,2,1,1
74,1.115,2,0,2,1,0
74,0.865,1,2,1,1,0
74,0.712,2,2,2,1,1
74,0.71,2,2,2,1,1
74,0.661,0,0,0,1,1
74,0.642,0,0,0,1,1
74,0.502,0,1,0,1,0
74,0.767,1,2,1,1,0
74,0.555,2,2,2,1,1
74,0.592,2,1,2,1,0
74,0.671,0,0,0,1,1
74,0.745,1,2,1,1,0
74,0.558,2,1,2,1,0
74,0.642,0,1,0,1,0
74,0.625,2,0,2,1,0
74,0.547,2,1,2,1,0
74,0.624,2,2,2,1,1
74,0.558,1,1,1,1,1
74,0.658,0,1,0,1,0
74,0.519,0,0,0,1,1
74,0.696,1,1,1,1,1
74,0.641,1,2,1,1,0
74,0.944,0,2,0,1,0
74,0.907,1,0,1,1,0
74,0.715,1,0,1,1,0
74,0.578,1,1,1,1,1
74,0.542,1,1,1,1,1
74,0.774,0,2,0,1,0
74,0.764,1,0,1,1,0
74,0.616,1,1,1,1,1
74,0.623,0,0,0,1,1
74,0.477,2,2,2,1,1
74,0.534,1,1,1,1,1
74,0.689,0,1,0,1,0
74,0.637,2,2,2,1,1
74,0.833,0,2,0,1,0
74,0.686,0,0,0,1,1
74,0.586,2,2,2,1,1
74,0.631,2,1,2,1,0
74,0.669,0,0,0,1,1
74,0.709,0,1,0,1,0
74,0.631,0,2,0,1,0
74,0.797,1,2,1,1,0
74,0.89,2,0,2,1,0
74,0.824,2,2,2,1,1
74,0.797,2,0,2,1,0
74,0.98,2,0,2,1,0
74,0.649,1,0,1,1,0
74,0.631,2,2,2,1,1
74,0.763,0,2,0,1,0
74,0.831,0,2,0,1,0
74,0.981,2,2,2,1,1
74,0.82,0,0,0,1,1
74,0.666,0,0,0,1,1
74,0.673,1,1,1,1,1
74,0.927,2,1,2,1,0
74,0.74,1,1,1,1,1
74,0.635,0,0,0,1,1
74,0.59,2,2,2,1,1
74,0.611,2,2,2,1,1
74,0.649,1,2,1,1,0
74,0.785,1,0,1,1,0
74,0.664,2,2,2,1,1
74,0.606,0,0,0,1,1
74,0.805,2,0,2,1,0
74,0.594,1,0,1,1,0
74,0.821,2,0,2,1,0
74,0.474,0,0,0,1,1
74,0.735,1,1,1,1,1
74,0.996,0,2,0,1,0
74,0.866,2,1,2,1,0
74,0.687,1,1,1,1,1
74,0.654,1,1,1,1,1
74,0.643,0,1,0,1,0
74,0.656,0,0,0,1,1
74,0.691,2,0,2,1,0
74,0.673,2,1,2,1,0
75,0.579,2,2,2,1,1
75,0.459,1,1,1,1,1
75,0.711,1,1,1,1,1
75,0.862,1,2,1,1,0
75,0.646,1,0,0,1,0
75,0.608,0,0,0,1,1
75,0.774,1,2,1,1,0
75,0.806,2,1,2,1,0
75,1.15,0,0,0,1,1
75,0.675,0,0,0,1,1
75,0.629,1,1,1,1,1
75,0.803,1,0,0,1,0
75,1.026,0,1,0,1,0
75,0.657,0,0,0,1,1
75,0.657,2,1,1,1,0
75,0.706,1,2,1,1,0
75,0.788,1,0,1,1,0
75,0.987,2,0,2,1,0
75,0.967,1,1,1,1,1
75,0.946,1,1,1,1,1
75,0.731,0,0,0,1,1
75,0.962,2,2,2,1,1
75,0.821,2,0,2,1,0
75,0.965,0,0,0,1,1
75,0.755,1,1,1,1,1
75,0.904,0,0,0,1,1
75,1.153,0,2,1,1,0
75,0.804,2,2,2,1,1
75,1.217,0,2,0,1,0
75,0.697,0,0,0,1,1
75,0.535,0,0,0,1,1
75,0.905,0,1,0,1,0
75,1.329,2,1,2,1,0
75,1.206,1,2,1,1,0
75,0.583,1,1,1,1,1
75,1.079,2,2,2,1,1
75,0.757,1,0,0,1,0
75,0.908,1,1,1,1,1
75,1.265,0,0,0,1,1
75,0.734,0,0,0,1,1
75,1.312,2,1,2,1,0
75,0.555,2,2,2,1,1
75,1.09,2,1,1,1,0
75,0.626,2,2,2,1,1
75,0.58,2,0,2,1,0
75,1.417,1,0,1,1,0
75,0.767,1,1,1,1,1
75,1.045,0,2,0,1,0
75,0.775,2,0,2,1,0
75,0.501,2,0,2,1,0
75,0.462,2,2,2,1,1
75,0.616,2,2,2,1,1
75,0.592,2,0,2,1,0
75,0.568,2,0,2,1,0
75,0.625,0,0,0,1,1
75,0.616,0,0,0,1,1
75,0.535,2,2,2,1,1
75,0.545,2,2,2,1,1
75,0.609,1,1,1,1,1
75,0.624,2,2,2,1,1
75,0.488,2,2,2,1,1
75,0.391,2,1,2,1,0
75,0.575,1,1,1,1,1
75,0.544,1,1,1,1,1
75,1.072,0,1,0,1,0
75,0.519,1,1,0,1,1
75,0.565,1,0,1,1,0
75,0.542,0,0,0,1,1
75,1.166,0,2,0,1,0
75,0.465,1,0,0,1,0
75,0.652,0,2,2,1,0
75,0.508,1,1,1,1,1
75,0.491,1,1,1,1,1
75,0.743,2,2,2,1,1
75,0.528,2,2,2,1,1
75,1.237,0,1,0,1,0
75,0.884,0,2,0,1,0
75,0.459,0,1,0,1,0
75,0.68,1,2,1,1,0
75,0.581,0,0,0,1,1
75,0.645,1,2,2,1,0
75,0.964,0,1,0,1,0
75,0.909,0,2,0,1,0
75,0.99,1,1,1,1,1
75,0.694,1,0,1,1,0
75,0.575,1,2,1,1,0
75,0.984,2,2,2,1,1
75,0.577,2,0,2,1,0
75,0.669,0,1,0,1,0
75,0.639,1,2,1,1,0
76,0.729,1,1,1,1,1
76,0.723,0,0,0,1,1
76,0.963,1,0,1,1,0
76,1.352,1,0,1,1,0
76,0.882,0,0,0,1,1
76,1.229,1,0,1,1,0
76,0.775,2,2,2,1,1
76,1.319,2,1,2,1,0
76,1.224,0,0,0,1,1
76,1.257,0,0,2,1,1
76,0.889,1,1,1,1,1
76,1.027,2,2,2,1,1
76,0.99,1,2,1,1,0
76,1.426,2,0,2,1,0
76,1.067,0,0,0,1,1
76,1.283,1,0,1,1,0
76,1.434,1,2,1,1,0
76,1.357,2,0,2,1,0
76,1.231,1,1,1,1,1
76,1.281,2,0,2,1,0
76,0.963,1,1,1,1,1
76,0.849,0,2,0,1,0
76,0.941,2,2,0,1,1
76,1.039,2,2,0,1,1
76,0.973,0,0,0,1,1
76,1.223,2,2,2,1,1
76,0.864,1,1,1,1,1
76,1.26,2,1,2,1,0
76,1.093,1,2,1,1,0
76,1.056,2,2,2,1,1
76,1.228,1,2,1,1,0
76,1.089,2,0,2,1,0
76,0.922,0,0,0,1,1
76,1.197,2,1,2,1,0
76,0.887,0,1,0,1,0
76,1.139,0,0,0,1,1
76,1.175,1,2,2,1,0
76,0.88,1,1,1,1,1
76,1.43,0,1,0,1,0
76,1.153,1,1,1,1,1
76,1.2,2,0,2,1,0
76,0.972,1,1,1,1,1
76,0.935,2,0,2,1,0
76,0.631,2,2,2,1,1
76,0.744,0,0,0,1,1
76,1.141,1,1,1,1,1
76,1.02,2,2,2,1,1
76,1.08,2,1,2,1,0
76,1.086,0,2,0,1,0
76,1.075,1,0,1,1,0
76,0.828,1,1,1,1,1
76,1.317,0,2,2,1,0
76,1.294,0,2,0,1,0
76,0.729,0,0,0,1,1
76,1.142,2,2,2,1,1
76,1.023,0,2,2,1,0
76,1.249,2,1,2,1,0
76,0.931,0,2,0,1,0
76,0.792,1,1,1,1,1
76,0.807,1,1,0,1,1
76,0.776,2,1,2,1,0
76,0.773,1,1,1,1,1
76,1.036,0,2,2,1,0
76,1.334,2,2,2,1,1
76,1.294,1,2,1,1,0
76,0.668,1,1,1,1,1
76,0.974,2,1,2,1,0
76,0.826,2,2,2,1,1
76,1.159,2,2,2,1,1
76,0.935,1,0,1,1,0
76,0.953,2,2,2,1,1
76,0.875,0,0,0,1,1
76,0.965,2,0,2,1,0
76,1.028,1,0,1,1,0
76,0.728,1,2,1,1,0
76,1.009,2,0,2,1,0
76,1.181,2,2,2,1,1
76,1.132,0,0,0,1,1
76,0.662,0,0,0,1,1
76,0.629,0,1,0,1,0
76,0.717,0,0,0,1,1
77,0.915,2,1,2,1,0
77,0.818,0,1,0,1,0
77,0.579,0,0,0,1,1
77,0.731,1,2,1,1,0
77,0.62,1,2,1,1,0
77,0.676,2,1,2,1,0
77,0.49,0,0,0,1,1
77,0.768,1,1,2,1,1
77,1.244,0,2,0,1,0
77,0.792,2,1,2,1,0
77,0.461,2,2,2,1,1
77,0.402,2,1,2,1,0
77,0.448,2,2,2,1,1
77,1.008,2,0,2,1,0
77,0.621,1,1,1,1,1
77,0.875,2,1,2,1,0
77,0.655,2,0,2,1,0
77,0.783,1,1,1,1,1
77,0.982,1,2,1,1,0
77,0.684,0,2,0,1,0
77,0.942,2,2,1,1,1
77,0.541,1,1,2,1,1
77,0.593,0,2,0,1,0
77,0.685,0,0,0,1,1
77,0.591,0,1,0,1,0
77,0.434,2,0,2,1,0
77,0.637,0,0,0,1,1
77,1.015,2,1,2,1,0
77,0.53,2,2,2,1,1
77,1.042,2,1,2,1,0
77,0.549,0,0,0,1,1
77,0.542,0,2,0,1,0
77,0.684,2,2,2,1,1
77,0.772,1,0,1,1,0
77,0.728,1,1,1,1,1
77,0.563,0,0,0,1,1
77,0.876,0,1,0,1,0
77,0.715,1,1,1,1,1
77,0.62,0,0,0,1,1
77,0.509,0,0,0,1,1
77,0.725,1,2,2,1,0
77,0.618,1,1,1,1,1
77,0.694,2,2,2,1,1
77,0.959,1,0,1,1,0
77,0.469,2,2,2,1,1
77,0.854,1,1,1,1,1
77,0.742,1,2,1,1,0
77,1.12,0,2,0,1,0
77,0.786,2,2,2,1,1
77,0.707,1,1,1,1,1
77,1.027,1,2,1,1,0
77,0.535,1,0,1,1,0
77,0.586,1,2,1,1,0
77,0.312,2,0,2,1,0
77,0.768,1,0,1,1,0
77,0.501,1,0,1,1,0
77,0.726,0,2,0,1,0
77,0.276,2,2,0,1,1
77,0.43,2,2,2,1,1
77,0.338,2,0,2,1,0
77,0.588,2,2,2,1,1
77,0.758,1,1,1,1,1
77,0.505,0,0,0,1,1
77,1.002,1,0,1,1,0
77,0.756,1,0,1,1,0
77,0.525,1,1,1,1,1
77,0.536,1,1,1,1,1
77,0.733,0,0,0,1,1
77,0.799,1,1,1,1,1
77,0.519,0,0,0,1,1
77,1.096,2,0,2,1,0
77,0.83,1,0,1,1,0
77,0.844,2,2,2,1,1
77,0.751,0,1,0,1,0
77,0.594,0,2,0,1,0
77,0.7,1,1,1,1,1
77,1.006,0,0,0,1,1
77,0.786,1,1,1,1,1
77,0.735,2,0,2,1,0
77,0.618,0,1,0,1,0
77,0.6,0,1,0,1,0
77,0.54,0,1,0,1,0
77,0.503,0,0,0,1,1
77,0.781,2,0,2,1,0
77,0.931,1,2,1,1,0
77,0.576,0,0,0,1,1
77,0.507,0,0,0,1,1
77,0.858,2,1,2,1,0
77,0.52,2,2,2,1,1
77,0.634,0,2,0,1,0
77,0.75,2,2,2,1,1
77,0.422,2,2,2,1,1
77,0.687,2,2,2,1,1
78,0.9,0,2,0,1,0
78,0.898,1,1,1,1,1
78,0.679,1,1,1,1,1
78,1.091,2,0,2,1,0
78,1.096,0,0,0,1,1
78,0.663,0,2,0,1,0
78,0.85,2,1,2,1,0
78,0.766,1,2,1,1,0
78,1.041,0,2,0,1,0
78,0.936,1,1,1,1,1
78,1.465,0,0,0,1,1
78,0.701,0,2,0,1,0
78,0.976,1,1,1,1,1
78,1.06,2,0,2,1,0
78,0.664,2,0,2,1,0
78,0.993,0,1,0,1,0
78,0.877,2,2,2,1,1
78,0.983,1,0,1,1,0
78,1.217,0,1,0,1,0
78,1.01,1,1,1,1,1
78,0.594,1,1,1,1,1
78,1.289,2,0,2,1,0
78,0.628,2,2,2,1,1
78,0.705,2,2,2,1,1
78,0.898,0,0,0,1,1
78,0.828,1,1,1,1,1
78,0.807,1,0,1,1,0
78,0.811,2,2,2,1,1
78,0.654,2,2,2,1,1
78,0.776,2,1,2,1,0
78,0.937,1,0,1,1,0
78,1.027,0,0,0,1,1
78,0.424,0,1,0,1,0
78,0.947,2,2,2,1,1
78,0.688,0,0,0,1,1
78,0.84,2,2,2,1,1
78,0.532,0,0,0,1,1
78,0.64,2,2,2,1,1
78,0.905,1,2,1,1,0
78,0.682,1,1,1,1,1
78,1.343,1,2,1,1,0
78,1.059,2,0,2,1,0
78,1.057,1,0,1,1,0
78,0.998,2,1,2,1,0
78,0.92,1,2,1,1,0
78,0.974,0,1,0,1,0
78,0.713,0,1,0,1,0
78,0.85,2,1,2,1,0
78,0.713,2,1,2,1,0
78,0.624,2,2,2,1,1
78,0.841,1,1,1,1,1
78,0.95,0,0,0,1,1
78,1.017,2,0,2,1,0
78,1.184,0,0,0,1,1
78,0.908,2,2,2,1,1
78,0.753,2,2,2,1,1
78,0.787,1,1,1,1,1
78,0.934,0,2,0,1,0
78,1.154,2,1,2,1,0
78,1.3,2,0,2,1,0
78,0.879,0,0,0,1,1
78,0.765,1,2,1,1,0
78,0.736,1,0,1,1,0
78,0.632,1,1,1,1,1
78,1.121,0,2,0,1,0
78,1.262,1,2,1,1,0
78,1.154,0,0,0,1,1
78,0.911,1,0,1,1,0
78,0.601,1,1,1,1,1
78,0.6,1,1,1,1,1
78,1.248,0,1,0,1,0
78,1.011,2,2,2,1,1
78,1.082,0,0,0,1,1
78,0.998,2,2,2,1,1
78,0.786,2,1,2,1,0
78,0.786,1,1,1,1,1
78,0.903,0,0,0,1,1
78,0.441,0,0,0,1,1
78,0.372,0,0,0,1,1
78,0.466,0,0,0,1,1
78,1.075,1,0,2,1,0
78,0.945,1,1,1,1,1
78,0.986,2,1,2,1,0
78,1.07,0,2,0,1,0
78,0.99,1,1,1,1,1
78,0.758,2,2,2,1,1
78,0.892,2,0,2,1,0
78,0.809,2,2,2,1,1
78,0.64,2,2,2,1,1
78,1.075,0,0,0,1,1
78,0.56,1,2,1,1,0
78,0.836,0,1,0,1,0
78,0.803,1,0,1,1,0
78,0.96,1,2,2,1,0
78,0.908,0,2,0,1,0
78,1.046,0,1,0,1,0
79,0.59,1,2,1,1,0
79,0.579,1,1,1,1,1
79,0.625,0,0,0,1,1
79,0.603,1,1,1,1,1
79,0.748,0,1,0,1,0
79,0.575,2,2,2,1,1
79,0.725,2,1,2,1,0
79,0.713,0,1,0,1,0
79,0.815,2,2,2,1,1
79,0.904,1,0,1,1,0
79,0.9,2,0,2,1,0
79,0.809,2,2,2,1,1
79,0.638,1,1,1,1,1
79,0.763,1,2,1,1,0
79,0.728,2,1,2,1,0
79,0.79,2,2,2,1,1
79,0.773,2,2,2,1,1
79,0.67,1,1,1,1,1
79,0.703,0,2,0,1,0
79,0.646,0,1,0,1,0
79,0.577,2,1,2,1,0
79,0.715,0,0,0,1,1
79,0.706,2,0,2,1,0
79,0.669,0,0,0,1,1
79,0.684,0,0,0,1,1
79,0.656,0,2,0,1,0
79,0.515,0,2,0,1,0
79,0.769,2,1,2,1,0
79,0.548,2,1,2,1,0
79,0.548,2,1,2,1,0
79,0.888,0,1,0,1,0
79,0.701,0,0,0,1,1
79,0.556,0,2,0,1,0
79,0.775,1,2,1,1,0
79,0.621,1,1,1,1,1
79,0.627,0,0,0,1,1
79,0.601,0,0,0,1,1
79,0.693,1,0,1,1,0
79,0.708,2,1,2,1,0
79,0.624,2,2,2,1,1
79,0.703,2,0,2,1,0
79,0.841,1,0,1,1,0
79,0.646,0,0,0,1,1
79,0.583,0,0,0,1,1
79,0.821,1,2,1,1,0
79,0.656,1,1,1,1,1
79,0.665,1,1,1,1,1
79,0.663,0,0,0,1,1
79,0.628,1,1,1,1,1
79,0.739,2,0,2,1,0
79,0.704,0,0,0,1,1
79,0.963,2,2,2,1,1
79,0.71,2,0,2,1,0
79,0.57,2,2,2,1,1
79,0.748,1,1,1,1,1
79,0.713,1,2,1,1,0
79,0.711,2,2,2,1,1
79,0.734,1,1,1,1,1
79,0.743,2,1,2,1,0
79,0.691,0,0,0,1,1
79,0.721,1,1,1,1,1
79,0.838,2,0,2,1,0
79,0.869,0,2,0,1,0
79,0.864,0,2,0,1,0
79,0.845,2,2,2,1,1
79,0.826,0,0,0,1,1
79,0.729,0,1,0,1,0
79,0.809,2,0,2,1,0
79,0.959,1,0,1,1,0
79,0.957,0,1,0,1,0
79,0.74,0,2,0,1,0
79,0.59,1,1,1,1,1
79,0.596,2,2,2,1,1
79,0.648,0,0,0,1,1
79,0.597,1,1,1,1,1
79,0.613,1,2,1,1,0
79,1.022,0,1,0,1,0
79,0.718,2,2,2,1,1
79,0.741,2,2,2,1,1
79,0.871,0,1,0,1,0
79,0.641,0,0,0,1,1
79,0.771,1,2,1,1,0
79,0.648,2,2,2,1,1
79,0.889,1,0,1,1,0
79,0.733,1,1,1,1,1
79,0.703,1,2,1,1,0
79,0.696,2,2,2,1,1
79,0.872,2,0,2,1,0
79,0.707,1,1,1,1,1
79,0.659,1,1,1,1,1
79,0.77,0,2,0,1,0
79,0.586,0,0,0,1,1
79,0.782,1,0,1,1,0
79,0.632,1,0,1,1,0
79,0.631,2,2,2,1,1
80,0.588,1,1,1,1,1
80,0.47,1,1,1,1,1
80,1.229,2,2,0,1,1
80,0.799,1,0,1,1,0
80,1.025,2,1,2,1,0
80,0.799,2,1,2,1,0
80,0.8,1,1,1,1,1
80,0.688,0,1,0,1,0
80,0.712,2,1,2,1,0
80,0.672,0,0,0,1,1
80,1.008,2,2,2,1,1
80,0.953,1,2,1,1,0
80,0.641,1,1,1,1,1
80,0.634,1,0,1,1,0
80,1.106,2,1,2,1,0
80,0.548,2,2,2,1,1
80,0.964,2,0,2,1,0
80,1.195,0,0,0,1,1
80,1.484,2,0,2,1,0
80,0.9,2,2,2,1,1
80,0.971,0,1,0,1,0
80,0.659,1,1,1,1,1
80,0.581,0,2,0,1,0
80,0.676,0,2,0,1,0
80,0.644,1,1,1,1,1
80,0.509,1,1,1,1,1
80,1.358,2,2,1,1,1
80,0.526,1,1,1,1,1
80,0.599,0,2,0,1,0
80,0.624,0,0,0,1,1
80,0.945,2,1,2,1,0
80,0.721,0,2,0,1,0
80,0.61,0,0,0,1,1
80,1.245,1,1,1,1,1
80,0.717,0,1,2,1,0
80,0.814,0,0,0,1,1
80,0.926,2,2,2,1,1
80,0.816,1,2,1,1,0
80,0.648,2,2,0,1,1
80,0.472,2,2,2,1,1
80,0.733,1,2,1,1,0
80,0.453,2,2,2,1,1
80,0.581,0,0,0,1,1
80,0.646,1,1,1,1,1
80,0.597,1,0,1,1,0
80,0.527,2,0,0,1,0
80,0.743,1,2,1,1,0
80,0.552,1,1,1,1,1
80,0.529,0,0,0,1,1
80,1.21,2,2,2,1,1
80,0.586,1,1,1,1,1
80,0.907,1,1,2,1,1
80,0.547,0,2,0,1,0
80,0.796,1,0,1,1,0
80,1.058,2,1,2,1,0
80,0.651,1,2,1,1,0
80,0.787,0,1,0,1,0
80,0.509,0,0,0,1,1
80,0.684,1,1,1,1,1
80,0.974,2,1,0,1,0
80,1.135,2,0,2,1,0
80,0.671,0,1,0,1,0
80,0.616,0,2,0,1,0
80,1.144,2,2,1,1,1
80,0.521,0,0,0,1,1
80,0.834,0,0,0,1,1
80,0.875,1,0,1,1,0
80,0.635,0,2,0,1,0
80,0.699,0,1,0,1,0
80,0.532,0,0,0,1,1
80,0.733,1,0,1,1,0
80,0.959,1,2,1,1,0
80,0.655,2,2,2,1,1
80,0.671,1,2,1,1,0
80,0.856,2,0,2,1,0
80,0.499,0,0,0,1,1
80,1.131,0,0,0,1,1
80,0.532,1,1,2,1,1
80,0.54,0,0,0,1,1
80,1.262,2,0,2,1,0
80,0.982,0,1,1,1,0
80,1.327,2,2,1,1,1
80,0.944,2,2,2,1,1
80,0.537,2,2,2,1,1
80,0.785,1,0,1,1,0
80,0.825,2,2,2,1,1
80,0.737,0,0,0,1,1
80,1.306,1,0,1,1,0
80,0.722,1,2,1,1,0
80,0.851,2,1,2,1,0
80,0.58,2,0,2,1,0
80,0.846,1,1,1,1,1
80,0.622,0,0,0,1,1
80,0.607,0,2,0,1,0
80,0.6,0,1,0,1,0
81,0.599,0,0,0,1,1
81,1.054,1,2,1,1,0
81,0.591,2,1,2,1,0
81,0.811,1,2,1,1,0
81,0.442,2,2,2,1,1
81,0.836,2,0,2,1,0
81,0.59,0,1,0,1,0
81,1.04,2,1,2,1,0
81,0.585,0,2,0,1,0
81,0.587,1,1,1,1,1
81,0.54,2,2,2,1,1
81,0.545,1,1,1,1,1
81,0.44,2,2,1,1,1
81,0.828,0,0,0,1,1
81,0.857,0,1,0,1,0
81,0.501,2,2,2,1,1
81,0.62,0,0,0,1,1
81,0.501,2,2,2,1,1
81,0.854,1,0,1,1,0
81,0.948,2,1,2,1,0
81,0.955,1,0,1,1,0
81,0.636,2,2,2,1,1
81,0.816,1,2,1,1,0
81,0.999,1,2,1,1,0
81,0.555,1,1,1,1,1
81,1.064,0,0,0,1,1
81,0.518,0,0,0,1,1
81,0.593,0,2,0,1,0
81,0.855,1,0,1,1,0
81,0.583,1,1,1,1,1
81,0.588,1,1,1,1,1
81,0.475,2,2,2,1,1
81,0.796,1,1,1,1,1
81,0.396,1,0,1,1,0
81,0.507,1,1,1,1,1
81,0.82,2,0,2,1,0
81,0.82,0,2,0,1,0
81,1.056,2,1,2,1,0
81,1.108,1,2,1,1,0
81,0.517,1,1,1,1,1
81,0.561,0,0,0,1,1
81,0.877,0,0,0,1,1
81,0.748,2,1,2,1,0
81,0.676,0,0,0,1,1
81,0.723,2,2,2,1,1
81,0.87,1,2,1,1,0
81,0.542,0,0,0,1,1
81,0.822,0,1,0,1,0
81,0.948,0,0,0,1,1
81,0.49,1,0,1,1,0
81,0.863,0,1,0,1,0
81,0.456,0,0,0,1,1
81,0.481,2,2,2,1,1
81,0.574,0,2,0,1,0
81,0.534,1,1,1,1,1
81,0.445,2,0,2,1,0
81,0.714,0,2,0,1,0
81,0.451,0,0,0,1,1
81,0.738,1,1,2,1,1
81,0.601,2,2,2,1,1
81,0.799,2,1,2,1,0
81,0.492,1,1,1,1,1
81,0.649,2,1,2,1,0
81,0.701,0,2,0,1,0
81,0.489,0,1,0,1,0
81,0.45,0,1,0,1,0
81,0.624,2,0,2,1,0
81,0.554,0,0,1,1,1
81,0.504,0,0,0,1,1
81,0.528,2,2,2,1,1
81,1.223,1,2,1,1,0
81,0.545,2,2,2,1,1
81,0.475,2,2,2,1,1
81,0.779,1,0,1,1,0
81,0.665,0,2,0,1,0
81,0.884,1,1,1,1,1
81,0.494,1,1,1,1,1
81,0.789,0,1,0,1,0
81,0.535,0,2,0,1,0
81,0.43,2,0,2,1,0
81,0.43,2,0,2,1,0
81,0.421,2,0,2,1,0
81,0.567,1,1,1,1,1
81,0.484,1,0,1,1,0
81,0.486,1,1,1,1,1
81,0.77,0,1,2,1,0
81,0.706,2,2,1,1,1
81,0.657,0,0,0,1,1
81,0.496,2,2,2,1,1
81,0.796,2,0,2,1,0
81,0.848,1,0,1,1,0
81,0.626,0,0,0,1,1
81,0.822,1,2,1,1,0
81,0.539,2,2,2,1,1
82,0.801,0,2,0,1,0
82,0.779,1,1,1,1,1
82,0.852,0,1,0,1,0
82,0.911,2,0,2,1,0
82,0.736,0,0,0,1,1
82,0.931,0,2,0,1,0
82,0.524,1,1,1,1,1
82,1.129,1,0,1,1,0
82,1.003,0,1,0,1,0
82,0.645,1,0,1,1,0
82,0.767,0,1,0,1,0
82,0.715,0,2,0,1,0
82,0.805,0,0,0,1,1
82,1.071,2,1,2,1,0
82,0.974,1,0,1,1,0
82,0.753,0,0,0,1,1
82,0.891,2,0,2,1,0
82,0.949,0,0,0,1,1
82,1.036,2,1,2,1,0
82,0.848,0,1,0,1,0
82,0.954,2,1,2,1,0
82,0.803,0,0,0,1,1
82,0.801,2,2,2,1,1
82,1.035,2,0,2,1,0
82,0.695,0,0,0,1,1
82,0.786,2,2,2,1,1
82,0.848,2,2,2,1,1
82,0.889,1,0,1,1,0
82,0.883,1,1,1,1,1
82,0.894,0,0,0,1,1
82,0.749,1,1,1,1,1
82,0.788,2,2,2,1,1
82,0.702,1,1,1,1,1
82,0.728,1,0,1,1,0
82,0.871,0,0,0,1,1
82,0.783,1,2,1,1,0
82,0.873,2,1,2,1,0
82,0.723,0,0,0,1,1
82,0.591,1,1,1,1,1
82,0.758,1,1,1,1,1
82,0.842,1,2,1,1,0
82,0.708,1,1,1,1,1
82,0.759,2,2,2,1,1
82,0.65,0,0,0,1,1
82,0.917,2,1,2,1,0
82,0.799,0,2,0,1,0
82,0.847,2,1,2,1,0
82,1.091,2,0,2,1,0
82,1.326,2,2,2,1,1
82,1.081,0,1,0,1,0
82,0.967,1,1,1,1,1
82,1.025,2,0,2,1,0
82,0.957,0,2,0,1,0
82,1.079,0,1,0,1,0
82,1.026,0,2,0,1,0
82,0.92,1,0,1,1,0
82,0.881,1,2,1,1,0
82,0.763,2,2,2,1,1
82,0.573,1,1,1,1,1
82,0.56,0,0,0,1,1
82,0.986,2,1,2,1,0
82,1.117,1,2,1,1,0
82,1.151,1,2,1,1,0
82,0.793,0,2,0,1,0
82,0.852,1,0,1,1,0
82,0.82,2,2,2,1,1
82,0.777,0,0,0,1,1
82,0.692,0,0,0,1,1
82,1.137,0,0,0,1,1
82,0.681,1,1,1,1,1
82,0.691,2,2,2,1,1
82,0.861,1,2,1,1,0
82,0.73,1,0,1,1,0
82,1.027,1,2,1,1,0
82,0.862,1,1,1,1,1
82,0.759,2,2,2,1,1
82,0.825,1,2,1,1,0
82,1.053,2,2,2,1,1
82,0.776,1,1,1,1,1
82,1.13,2,0,2,1,0
82,0.844,1,1,1,1,1
82,1.272,2,0,2,1,0
82,0.946,2,2,2,1,1
82,0.692,0,0,0,1,1
82,0.591,2,2,2,1,1
82,0.647,2,2,2,1,1
82,1.08,0,1,0,1,0
82,0.966,2,0,2,1,0
82,0.99,0,2,0,1,0
82,0.745,1,1,1,1,1
82,0.715,2,2,2,1,1
82,0.815,0,1,0,1,0
82,0.746,1,1,1,1,1
82,1.227,0,0,0,1,1
82,0.866,2,2,2,1,1
83,0.822,2,2,2,1,1
83,0.748,1,1,1,1,1
83,0.718,1,1,1,1,1
83,0.832,1,2,1,1,0
83,0.88,2,0,2,1,0
83,0.721,1,1,1,1,1
83,0.93,1,2,1,1,0
83,1.12,0,1,0,1,0
83,0.9,0,0,0,1,1
83,1.056,0,2,0,1,0
83,0.958,0,0,0,1,1
83,0.793,2,2,2,1,1
83,0.898,0,0,0,1,1
83,1.024,0,1,0,1,0
83,0.975,2,1,2,1,0
83,0.736,2,2,2,1,1
83,1.058,2,1,2,1,0
83,1.02,1,2,1,1,0
83,0.948,2,1,2,1,0
83,1.187,2,0,2,1,0
83,1.037,0,1,0,1,0
83,1.033,0,0,0,1,1
83,0.948,1,0,1,1,0
83,0.984,2,1,2,1,0
83,0.936,1,2,1,1,0
83,0.94,0,2,0,1,0
83,0.93,2,1,2,1,0
83,0.997,1,2,1,1,0
83,0.796,2,2,2,1,1
83,0.929,0,0,0,1,1
83,1.027,1,0,0,1,0
83,0.819,0,0,0,1,1
83,0.705,0,0,0,1,1
83,0.824,1,1,1,1,1
83,1.031,0,2,0,1,0
83,1.104,0,2,0,1,0
83,1.264,2,0,2,1,0
83,0.804,1,1,1,1,1
83,1.082,1,1,1,1,1
83,0.947,0,0,0,1,1
83,1.168,0,1,0,1,0
83,0.924,2,2,2,1,1
83,0.85,2,2,2,1,1
83,1.318,1,0,1,1,0
83,1.065,0,0,0,1,1
83,1.054,1,1,1,1,1
83,1.087,0,1,0,1,0
83,1.197,1,2,2,1,0
83,0.801,2,2,2,1,1
83,1.098,1,0,1,1,0
83,0.831,0,0,0,1,1
83,0.894,2,0,2,1,0
83,1.452,2,0,2,1,0
83,1.208,0,0,0,1,1
83,0.832,2,2,2,1,1
83,1.145,0,1,0,1,0
83,1.006,1,1,1,1,1
83,1.086,2,2,2,1,1
83,0.846,0,0,0,1,1
83,0.807,0,0,0,1,1
83,0.887,1,1,1,1,1
83,1.43,2,1,2,1,0
83,1.179,1,1,1,1,1
83,0.95,0,2,0,1,0
83,0.883,2,2,2,1,1
83,0.999,2,0,2,1,0
83,1.345,0,2,2,1,0
83,0.912,1,0,1,1,0
83,1.105,1,0,1,1,0
83,0.981,0,0,0,1,1
83,1.082,1,0,1,1,0
83,0.98,1,1,1,1,1
83,0.648,1,1,1,1,1
83,1.062,0,1,0,1,0
83,1.38,1,0,1,1,0
83,1.21,1,1,0,1,1
83,0.973,2,2,2,1,1
83,0.774,2,2,2,1,1
83,0.961,0,1,0,1,0
83,1.08,2,0,2,1,0
83,1.277,1,1,1,1,1
83,1.155,1,2,1,1,0
83,1.069,2,2,2,1,1
83,0.908,2,2,2,1,1
83,1.211,1,2,1,1,0
83,1.455,0,2,0,1,0
83,0.923,1,1,1,1,1
83,0.801,2,2,2,1,1
83,0.984,0,0,0,1,1
83,1.056,2,1,2,1,0
83,1.16,0,0,0,1,1
83,1.359,2,2,2,1,1
83,1.089,1,1,1,1,1
84,1.047,2,1,2,1,0
84,0.458,1,1,1,1,1
84,0.686,0,2,0,1,0
84,1.154,0,0,0,1,1
84,0.708,1,2,2,1,0
84,0.479,2,2,2,1,1
84,0.834,2,0,2,1,0
84,0.615,1,0,1,1,0
84,1.018,1,2,1,1,0
84,1.021,2,1,2,1,0
84,0.76,1,1,1,1,1
84,0.739,1,0,1,1,0
84,0.759,2,2,2,1,1
84,0.899,1,2,1,1,0
84,0.903,2,2,2,1,1
84,0.786,2,2,2,1,1
84,0.581,2,2,2,1,1
84,0.503,1,1,1,1,1
84,0.571,0,0,0,1,1
84,0.638,0,0,0,1,1
84,0.864,2,1,2,1,0
84,0.523,1,1,1,1,1
84,1.065,0,2,0,1,0
84,0.853,1,2,1,1,0
84,0.505,1,1,1,1,1
84,0.709,2,0,2,1,0
84,0.799,0,1,0,1,0
84,0.676,0,2,0,1,0
84,0.543,1,1,1,1,1
84,0.674,1,0,1,1,0
84,0.796,2,0,2,1,0
84,1.025,0,1,0,1,0
84,0.685,0,1,0,1,0
84,0.72,0,0,0,1,1
84,0.933,2,1,2,1,0
84,1.175,0,1,1,1,0
84,0.724,0,0,0,1,1
84,0.71,0,0,0,1,1
84,0.755,2,2,2,1,1
84,1.019,0,1,0,1,0
84,1.053,1,0,1,1,0
84,0.553,1,1,1,1,1
84,0.764,0,0,0,1,1
84,0.664,1,1,1,1,1
84,0.828,2,0,1,1,0
84,0.688,2,2,2,1,1
84,0.779,1,0,1,1,0
84,0.613,0,0,0,1,1
84,0.875,1,2,1,1,0
84,0.791,2,2,2,1,1
84,0.755,0,1,0,1,0
84,0.605,0,2,0,1,0
84,0.89,1,2,1,1,0
84,1.104,2,1,2,1,0
84,0.699,2,2,1,1,1
84,0.62,2,0,2,1,0
84,0.568,0,0,0,1,1
84,0.555,1,1,1,1,1
84,0.919,0,0,0,1,1
84,0.706,2,0,2,1,0
84,0.502,0,0,0,1,1
84,0.858,2,0,2,1,0
84,0.66,2,2,2,1,1
84,1,1,0,1,1,0
84,0.604,1,1,1,1,1
84,0.703,1,1,1,1,1
84,0.755,0,0,0,1,1
84,0.605,2,2,2,1,1
84,0.553,2,0,2,1,0
84,0.671,1,1,1,1,1
84,0.987,1,1,1,1,1
84,0.83,0,0,0,1,1
84,0.682,1,1,1,1,1
84,1.149,1,2,1,1,0
84,0.793,2,2,2,1,1
84,1.228,2,1,2,1,0
84,0.583,0,0,0,1,1
84,0.666,0,2,0,1,0
84,1.325,1,0,1,1,0
84,0.713,0,1,0,1,0
84,0.82,2,2,2,1,1
84,0.593,0,0,0,1,1
84,0.941,1,1,1,1,1
84,1.313,0,1,0,1,0
84,0.541,0,2,0,1,0
84,0.65,1,1,1,1,1
84,1.021,2,1,1,1,0
84,0.841,0,2,0,1,0
84,0.716,2,2,2,1,1
84,1.002,1,2,1,1,0
84,0.996,2,2,2,1,1
84,1.151,2,1,2,1,0
84,1.027,0,2,0,1,0
84,0.631,0,0,0,1,1
84,0.641,2,2,2,1,1
84,1.061,1,0,1,1,0
85,0.484,2,2,2,1,1
85,0.465,2,1,2,1,0
85,0.637,1,1,1,1,1
85,0.57,2,2,2,1,1
85,0.691,1,0,1,1,0
85,0.565,1,1,1,1,1
85,0.558,1,1,1,1,1
85,0.949,2,2,2,1,1
85,0.963,0,0,0,1,1
85,1.116,2,1,2,1,0
85,0.585,2,2,2,1,1
85,0.645,1,1,1,1,1
85,0.735,0,0,0,1,1
85,0.871,1,0,1,1,0
85,0.921,2,1,2,1,0
85,0.613,2,2,2,1,1
85,0.693,1,1,1,1,1
85,0.636,1,1,1,1,1
85,0.814,2,2,2,1,1
85,0.571,0,0,0,1,1
85,0.709,0,0,0,1,1
85,0.8,1,2,1,1,0
85,0.692,2,1,2,1,0
85,0.541,0,0,0,1,1
85,0.659,1,1,1,1,1
85,0.633,1,1,1,1,1
85,0.82,0,2,0,1,0
85,1.025,2,0,2,1,0
85,0.63,1,1,1,1,1
85,0.68,0,2,0,1,0
85,0.868,0,2,0,1,0
85,0.592,0,0,0,1,1
85,0.926,2,2,2,1,1
85,0.859,0,1,0,1,0
85,0.55,0,1,0,1,0
85,0.708,2,2,2,1,1
85,0.576,2,2,2,1,1
85,0.931,1,1,0,1,1
85,0.624,0,0,0,1,1
85,0.658,1,0,1,1,0
85,0.693,2,0,2,1,0
85,0.942,0,2,0,1,0
85,0.724,1,1,1,1,1
85,0.876,1,1,1,1,1
85,0.713,2,1,2,1,0
85,0.711,1,1,1,1,1
85,0.609,0,0,0,1,1
85,1.149,0,0,0,1,1
85,0.922,2,1,2,1,0
85,0.943,1,2,1,1,0
85,0.648,0,2,0,1,0
85,0.612,0,0,0,1,1
85,0.674,0,0,0,1,1
85,0.48,0,0,0,1,1
85,0.616,0,2,0,1,0
85,0.949,1,2,2,1,0
85,0.729,1,0,1,1,0
85,0.936,2,2,2,1,1
85,0.893,1,0,1,1,0
85,0.733,2,0,2,1,0
85,0.67,2,2,2,1,1
85,0.669,0,0,0,1,1
85,0.604,0,0,0,1,1
85,0.754,2,0,2,1,0
85,0.663,0,0,0,1,1
85,0.775,2,0,2,1,0
85,0.735,2,2,2,1,1
85,0.767,1,0,1,1,0
85,0.746,2,2,2,1,1
85,0.715,0,1,0,1,0
85,0.787,1,2,1,1,0
85,0.682,2,0,2,1,0
85,0.91,2,0,2,1,0
85,0.615,2,0,2,1,0
85,1.076,0,1,0,1,0
85,1.057,1,1,1,1,1
85,0.8,0,1,0,1,0
85,0.743,2,1,2,1,0
85,0.557,2,1,2,1,0
85,0.549,2,2,2,1,1
85,0.606,1,2,1,1,0
85,0.579,0,1,0,1,0
85,0.765,0,1,0,1,0
85,0.728,1,1,1,1,1
85,0.691,1,2,1,1,0
85,0.729,1,0,1,1,0
85,0.702,1,1,1,1,1
85,0.501,0,0,0,1,1
85,0.888,1,2,1,1,0
85,0.663,0,2,0,1,0
85,1.005,1,0,1,1,0
85,0.86,2,2,0,1,1
85,0.823,1,2,1,1,0
85,1.099,2,2,1,1,1
86,0.622,1,0,0,1,0
86,0.949,0,1,0,1,0
86,0.647,1,2,1,1,0
86,0.699,2,0,2,1,0
86,0.544,1,1,1,1,1
86,0.589,2,0,2,1,0
86,0.732,1,0,1,1,0
86,0.693,1,1,1,1,1
86,0.554,0,1,0,1,0
86,0.456,0,0,0,1,1
86,0.461,2,2,2,1,1
86,0.977,0,1,0,1,0
86,0.619,1,1,1,1,1
86,0.792,0,2,0,1,0
86,0.599,1,1,1,1,1
86,0.757,0,1,0,1,0
86,0.8,2,2,2,1,1
86,0.842,0,0,0,1,1
86,0.532,0,0,0,1,1
86,0.575,2,0,2,1,0
86,0.862,1,0,1,1,0
86,0.873,0,0,0,1,1
86,0.792,0,2,0,1,0
86,0.621,2,0,2,1,0
86,0.559,0,0,0,1,1
86,0.618,2,2,2,1,1
86,0.615,1,1,1,1,1
86,0.604,2,2,2,1,1
86,0.486,1,1,1,1,1
86,0.549,2,2,2,1,1
86,0.514,1,1,1,1,1
86,0.64,1,2,1,1,0
86,0.661,0,0,0,1,1
86,0.761,2,1,2,1,0
86,0.826,0,0,0,1,1
86,0.508,2,2,2,1,1
86,1.017,0,1,0,1,0
86,0.507,0,0,0,1,1
86,0.616,0,0,0,1,1
86,0.572,2,2,2,1,1
86,0.607,1,1,1,1,1
86,0.777,0,2,0,1,0
86,0.373,0,0,0,1,1
86,0.832,2,1,2,1,0
86,0.587,0,2,0,1,0
86,0.716,2,0,2,1,0
86,0.91,1,0,1,1,0
86,0.649,0,0,0,1,1
86,0.686,2,1,2,1,0
86,0.688,1,2,1,1,0
86,0.704,0,0,0,1,1
86,0.785,1,1,1,1,1
86,0.983,0,1,0,1,0
86,0.415,0,0,0,1,1
86,0.648,1,1,1,1,1
86,0.578,0,0,0,1,1
86,0.729,1,2,1,1,0
86,0.466,1,1,1,1,1
86,0.428,1,0,1,1,0
86,0.848,0,2,0,1,0
86,0.467,0,0,0,1,1
86,0.712,1,2,1,1,0
86,0.556,2,1,2,1,0
86,0.45,2,2,2,1,1
86,0.466,2,2,2,1,1
86,0.544,1,2,1,1,0
86,0.457,1,2,1,1,0
86,0.381,1,1,1,1,1
86,0.478,1,0,1,1,0
86,0.42,1,1,1,1,1
86,0.736,0,1,0,1,0
86,0.637,2,2,2,1,1
86,0.615,2,2,2,1,1
86,0.57,2,2,2,1,1
86,0.594,2,0,2,1,0
86,0.712,0,2,0,1,0
86,0.643,1,1,1,1,1
86,0.573,2,2,2,1,1
86,0.892,0,1,0,1,0
86,0.654,2,1,1,1,0
86,0.655,0,0,0,1,1
86,0.695,2,1,2,1,0
86,0.873,1,2,1,1,0
86,0.851,0,2,0,1,0
86,0.598,1,1,1,1,1
86,0.77,2,0,2,1,0
86,0.579,1,0,1,1,0
86,0.827,2,0,2,1,0
86,0.543,2,2,2,1,1
86,0.584,2,1,2,1,0
86,0.489,2,2,2,1,1
86,0.798,1,0,1,1,0
86,0.823,0,2,0,1,0
86,0.738,1,1,1,1,1
86,0.56,2,2,2,1,1
86,0.522,2,1,2,1,0
87,0.777,1,2,1,1,0
87,0.53,2,2,2,1,1
87,0.55,0,2,0,1,0
87,0.458,0,1,0,1,0
87,0.548,1,1,1,1,1
87,0.51,1,2,1,1,0
87,0.52,0,2,0,1,0
87,0.54,1,1,1,1,1
87,0.526,0,0,0,1,1
87,0.54,2,2,2,1,1
87,0.575,0,0,0,1,1
87,0.75,2,1,2,1,0
87,0.62,1,0,1,1,0
87,0.517,0,0,0,1,1
87,0.54,1,2,1,1,0
87,0.62,0,1,0,1,0
87,0.5,2,2,2,1,1
87,0.478,2,1,2,1,0
87,0.44,2,2,2,1,1
87,0.54,0,0,0,1,1
87,0.42,0,0,0,1,1
87,0.38,0,1,0,1,0
87,0.547,1,1,1,1,1
87,0.571,2,0,2,1,0
87,0.43,2,2,2,1,1
87,0.43,1,0,1,1,0
87,0.43,1,1,1,1,1
87,0.42,1,1,1,1,1
87,0.64,2,2,2,1,1
87,0.55,1,0,1,1,0
87,0.58,2,1,2,1,0
87,0.44,2,0,2,1,0
87,0.56,0,1,0,1,0
87,0.756,2,0,2,1,0
87,0.46,2,0,2,1,0
87,0.45,2,2,2,1,1
87,0.54,1,1,1,1,1
87,0.47,1,0,1,1,0
87,0.629,0,2,0,1,0
87,0.52,1,2,2,1,0
87,0.6,0,0,0,1,1
87,0.57,1,1,1,1,1
87,0.61,0,2,0,1,0
87,0.71,2,1,2,1,0
87,0.45,2,2,2,1,1
87,0.46,2,2,2,1,1
87,0.54,0,0,0,1,1
87,0.68,2,0,2,1,0
87,0.51,0,0,0,1,1
87,0.45,0,0,0,1,1
87,0.587,1,0,1,1,0
87,0.72,1,0,1,1,0
87,0.54,1,1,1,1,1
87,0.46,2,2,2,1,1
87,0.51,1,2,1,1,0
87,0.417,1,2,1,1,0
87,0.427,1,1,1,1,1
87,0.43,1,1,1,1,1
87,0.55,2,1,2,1,0
87,0.43,1,1,1,1,1
87,0.45,1,0,1,1,0
87,0.55,0,1,0,1,0
87,0.44,0,0,0,1,1
87,0.51,2,2,2,1,1
87,0.55,1,1,1,1,1
87,0.44,0,2,0,1,0
87,0.6,2,2,2,1,1
87,0.5,1,1,1,1,1
87,0.495,1,1,1,1,1
87,0.46,1,0,1,1,0
87,0.45,1,1,1,1,1
87,0.48,0,0,0,1,1
87,0.48,0,2,0,1,0
87,0.51,2,2,2,1,1
87,0.73,0,2,1,1,0
87,0.64,2,2,2,1,1
87,0.49,2,0,2,1,0
87,0.59,0,1,0,1,0
87,0.697,2,1,2,1,0
87,0.67,0,0,0,1,1
87,0.75,2,1,2,1,0
87,0.7,0,1,0,1,0
87,0.58,2,2,2,1,1
87,0.5,0,0,0,1,1
87,0.617,2,0,2,1,0
87,0.47,2,0,2,1,0
87,0.557,0,2,0,1,0
87,0.43,0,0,0,1,1
87,0.46,0,0,0,1,1
87,0.37,0,0,0,1,1
87,0.55,1,1,1,1,1
87,0.5,2,2,2,1,1
87,0.52,2,1,2,1,0
87,0.52,0,1,0,1,0
87,0.6,1,2,1,1,0
88,0.53,2,2,2,1,1
88,0.587,0,0,0,1,1
88,0.85,1,1,1,1,1
88,0.731,2,2,2,1,1
88,0.603,0,0,0,1,1
88,0.827,1,1,1,1,1
88,0.852,2,1,2,1,0
88,0.723,0,2,0,1,0
88,0.931,1,2,1,1,0
88,0.731,1,1,1,1,1
88,0.563,1,1,1,1,1
88,0.851,2,0,2,1,0
88,0.529,2,2,2,1,1
88,0.641,1,2,1,1,0
88,0.528,0,2,0,1,0
88,0.808,1,0,1,1,0
88,0.528,1,1,1,1,1
88,0.761,2,1,2,1,0
88,0.815,0,0,0,1,1
88,1.008,2,1,2,1,0
88,0.776,0,0,0,1,1
88,0.897,1,1,1,1,1
88,0.463,2,2,2,1,1
88,0.925,2,0,2,1,0
88,0.565,0,1,0,1,0
88,0.47,0,1,0,1,0
88,1.004,1,1,1,1,1
88,0.795,0,0,0,1,1
88,0.673,2,0,2,1,0
88,0.818,2,1,2,1,0
88,0.696,2,0,2,1,0
88,0.665,1,1,1,1,1
88,0.561,2,2,2,1,1
88,0.505,0,2,0,1,0
88,0.608,2,2,2,1,1
88,0.425,2,2,2,1,1
88,0.457,2,2,2,1,1
88,0.745,2,1,2,1,0
88,0.879,1,0,1,1,0
88,0.535,2,2,2,1,1
88,0.694,0,1,0,1,0
88,0.671,0,0,0,1,1
88,0.639,0,1,0,1,0
88,0.663,0,0,0,1,1
88,0.671,1,0,1,1,0
88,0.809,2,1,2,1,0
88,0.673,1,0,1,1,0
88,0.648,2,2,2,1,1
88,0.721,0,0,0,1,1
88,0.73,1,1,1,1,1
88,0.817,0,1,0,1,0
88,0.402,0,0,0,1,1
88,0.61,2,0,1,1,0
88,0.683,2,1,2,1,0
88,0.544,0,2,0,1,0
88,0.751,2,0,2,1,0
88,0.535,1,2,1,1,0
88,0.631,0,2,0,1,0
88,0.735,1,1,2,1,1
88,0.656,0,0,0,1,1
88,0.536,0,2,0,1,0
88,0.6,0,1,0,1,0
88,1.047,1,2,1,1,0
88,0.847,2,0,2,1,0
88,0.559,0,2,0,1,0
88,0.799,1,1,1,1,1
88,0.862,1,1,1,1,1
88,0.591,0,1,0,1,0
88,0.559,0,0,0,1,1
88,0.52,1,1,1,1,1
88,0.728,2,2,2,1,1
88,0.526,2,2,2,1,1
88,0.678,2,1,2,1,0
88,0.391,2,2,2,1,1
88,0.589,1,0,0,1,0
88,0.966,1,2,1,1,0
88,0.654,1,2,1,1,0
88,0.742,2,0,2,1,0
88,0.695,1,2,1,1,0
88,0.734,1,2,1,1,0
88,0.784,2,2,2,1,1
88,0.904,0,0,0,1,1
88,0.672,1,0,1,1,0
88,0.857,0,0,0,1,1
88,0.85,2,2,2,1,1
88,0.617,1,1,1,1,1
88,0.537,0,0,0,1,1
88,0.696,1,1,1,1,1
88,0.529,0,0,0,1,1
88,0.463,0,1,0,1,0
88,0.43,0,0,0,1,1
88,0.543,1,1,1,1,1
88,0.678,2,2,2,1,1
88,0.805,1,0,1,1,0
88,0.589,0,2,0,1,0
89,0.7,2,1,2,1,0
89,0.836,1,1,1,1,1
89,0.402,0,0,0,1,1
89,0.553,2,2,2,1,1
89,0.534,2,2,2,1,1
89,1.021,2,0,2,1,0
89,0.932,1,0,1,1,0
89,0.524,0,0,0,1,1
89,0.603,2,1,2,1,0
89,0.553,2,1,2,1,0
89,0.621,0,0,0,1,1
89,0.951,2,0,2,1,0
89,0.641,1,1,1,1,1
89,0.542,2,2,2,1,1
89,0.54,2,2,2,1,1
89,0.712,0,1,0,1,0
89,0.48,2,0,2,1,0
89,0.778,1,0,1,1,0
89,0.815,0,1,0,1,0
89,0.621,1,0,1,1,0
89,1.011,1,0,1,1,0
89,0.679,0,2,0,1,0
89,0.753,1,1,1,1,1
89,0.455,2,2,2,1,1
89,0.604,0,2,0,1,0
89,0.714,0,2,0,1,0
89,0.656,0,0,0,1,1
89,0.559,1,1,2,1,1
89,0.546,2,2,2,1,1
89,0.928,1,0,1,1,0
89,0.546,2,2,2,1,1
89,0.51,2,2,2,1,1
89,0.508,2,2,2,1,1
89,0.627,1,1,1,1,1
89,0.495,1,1,1,1,1
89,0.507,1,1,1,1,1
89,0.574,1,1,1,1,1
89,1.004,1,2,1,1,0
89,0.514,1,2,1,1,0
89,0.503,2,2,2,1,1
89,0.616,0,0,0,1,1
89,0.866,1,2,1,1,0
89,1.024,2,0,2,1,0
89,0.875,1,2,1,1,0
89,0.635,1,0,1,1,0
89,0.547,1,1,1,1,1
89,0.606,0,1,0,1,0
89,0.657,0,0,0,1,1
89,1.034,0,1,0,1,0
89,0.48,0,1,0,1,0
89,0.489,0,0,0,1,1
89,0.516,0,0,0,1,1
89,0.633,0,2,0,1,0
89,0.811,1,2,1,1,0
89,0.45,1,1,1,1,1
89,0.56,0,0,0,1,1
89,0.489,0,0,0,1,1
89,0.551,2,2,2,1,1
89,0.842,1,0,1,1,0
89,0.541,2,2,2,1,1
89,0.464,2,0,2,1,0
89,0.734,0,2,0,1,0
89,0.574,0,0,0,1,1
89,0.853,0,2,0,1,0
89,0.451,0,0,0,1,1
89,0.447,0,0,0,1,1
89,0.517,2,2,2,1,1
89,0.919,0,2,0,1,0
89,0.576,1,1,1,1,1
89,0.525,1,1,1,1,1
89,0.511,2,1,2,1,0
89,0.915,0,1,0,1,0
89,0.663,0,1,0,1,0
89,0.462,0,0,0,1,1
89,0.411,0,1,0,1,0
89,0.613,1,2,1,1,0
89,0.761,1,1,1,1,1
89,0.5,2,2,2,1,1
89,0.449,2,1,2,1,0
89,0.411,2,1,2,1,0
89,0.512,0,0,0,1,1
89,0.74,1,0,0,1,0
89,0.99,1,2,1,1,0
89,0.648,2,2,2,1,1
89,0.636,0,0,0,1,1
89,0.628,1,1,1,1,1
89,0.683,2,0,2,1,0
89,0.699,2,0,2,1,0
89,0.77,1,1,1,1,1
89,0.698,2,1,2,1,0
89,0.847,1,1,1,1,1
89,0.682,2,0,2,1,0
89,1.043,0,2,0,1,0
89,0.537,2,2,2,1,1
89,0.548,2,1,2,1,0
90,0.817,1,2,1,1,0
90,0.599,1,1,1,1,1
90,0.734,1,0,1,1,0
90,0.484,1,0,1,1,0
90,1.208,2,0,2,1,0
90,0.465,2,1,2,1,0
90,0.535,2,1,2,1,0
90,0.721,0,0,0,1,1
90,0.68,0,0,0,1,1
90,0.93,1,0,1,1,0
90,0.873,1,2,1,1,0
90,0.687,2,0,2,1,0
90,0.731,0,0,0,1,1
90,0.632,1,1,1,1,1
90,0.626,1,1,1,1,1
90,0.525,1,1,1,1,1
90,0.61,1,1,1,1,1
90,0.63,0,0,0,1,1
90,0.719,1,1,1,1,1
90,0.812,0,2,0,1,0
90,0.832,0,0,0,1,1
90,0.802,2,1,2,1,0
90,0.495,2,2,2,1,1
90,0.713,2,0,2,1,0
90,1.004,1,1,1,1,1
90,0.769,0,0,0,1,1
90,1.204,0,2,0,1,0
90,0.784,2,2,2,1,1
90,1.169,0,1,0,1,0
90,1.103,2,2,2,1,1
90,0.914,0,2,0,1,0
90,1.1,1,0,1,1,0
90,1.001,2,2,2,1,1
90,1.198,1,0,1,1,0
90,0.816,2,0,2,1,0
90,0.845,1,2,1,1,0
90,0.64,2,2,2,1,1
90,0.722,1,1,1,1,1
90,0.607,2,2,2,1,1
90,0.721,2,0,2,1,0
90,1.081,0,0,0,1,1
90,0.84,0,2,0,1,0
90,0.861,2,1,2,1,0
90,0.84,1,0,1,1,0
90,0.874,2,1,2,1,0
90,0.865,2,2,2,1,1
90,0.921,1,1,1,1,1
90,0.663,1,0,1,1,0
90,0.949,2,2,2,1,1
90,0.627,0,0,0,1,1
90,0.64,2,2,2,1,1
90,0.843,0,1,0,1,0
90,0.752,1,2,1,1,0
90,0.93,1,2,1,1,0
90,0.776,2,1,2,1,0
90,1.076,0,0,0,1,1
90,0.863,1,0,2,1,0
90,1.071,0,2,0,1,0
90,0.991,0,2,0,1,0
90,0.809,0,0,0,1,1
90,0.821,0,1,0,1,0
90,0.721,1,1,1,1,1
90,0.729,0,0,0,1,1
90,0.746,2,1,2,1,0
90,0.612,2,2,2,1,1
90,0.724,1,1,1,1,1
90,0.91,0,1,0,1,0
90,0.512,0,0,0,1,1
90,1.057,0,1,0,1,0
90,0.629,0,1,0,1,0
90,0.747,0,0,0,1,1
90,1.038,2,2,2,1,1
90,0.695,0,2,0,1,0
90,1.106,2,2,2,1,1
90,1.12,2,0,2,1,0
90,0.979,0,1,0,1,0
90,1.085,1,1,1,1,1
90,0.587,2,2,2,1,1
90,1.006,1,1,1,1,1
90,0.593,2,2,2,1,1
90,0.776,0,2,0,1,0
90,0.958,1,1,1,1,1
90,0.818,0,1,0,1,0
90,0.742,2,0,2,1,0
90,0.738,1,1,1,1,1
90,0.663,1,2,1,1,0
90,0.986,0,0,0,1,1
90,0.796,2,2,2,1,1
90,1.103,2,0,2,1,0
90,1.164,1,2,1,1,0
90,0.822,1,2,1,1,0
90,0.732,0,0,0,1,1
90,0.726,0,0,0,1,1
90,0.722,1,1,1,1,1
90,0.959,2,2,2,1,1
90,0.841,2,1,2,1,0
91,0.705,2,2,2,1,1
91,0.931,1,0,1,1,0
91,0.524,0,1,0,1,0
91,0.686,2,2,2,1,1
91,0.995,0,2,0,1,0
91,0.74,1,2,1,1,0
91,0.82,1,1,1,1,1
91,0.824,2,1,2,1,0
91,1.021,2,0,2,1,0
91,0.72,0,0,0,1,1
91,0.864,0,2,0,1,0
91,0.607,0,0,0,1,1
91,0.852,1,1,1,1,1
91,0.603,2,0,2,1,0
91,0.582,2,2,2,1,1
91,0.745,0,0,0,1,1
91,0.501,0,0,0,1,1
91,1.168,2,0,1,1,0
91,1.201,1,2,1,1,0
91,1.031,0,0,0,1,1
91,0.868,2,1,2,1,0
91,0.877,1,1,1,1,1
91,0.948,2,0,0,1,0
91,0.704,2,2,2,1,1
91,0.852,1,1,1,1,1
91,0.641,2,2,2,1,1
91,0.64,0,0,0,1,1
91,0.651,0,0,0,1,1
91,0.566,0,0,0,1,1
91,0.615,0,2,0,1,0
91,0.996,0,1,0,1,0
91,0.617,0,0,0,1,1
91,0.829,1,1,1,1,1
91,0.902,0,2,0,1,0
91,0.996,1,1,1,1,1
91,0.581,2,2,2,1,1
91,0.984,0,1,0,1,0
91,0.925,0,0,0,1,1
91,1.209,0,1,0,1,0
91,0.54,0,0,0,1,1
91,0.928,2,0,1,1,0
91,0.48,2,2,2,1,1
91,1.078,1,0,1,1,0
91,0.98,2,2,2,1,1
91,0.497,2,2,2,1,1
91,0.829,1,0,1,1,0
91,0.756,0,1,0,1,0
91,0.652,0,0,0,1,1
91,1.073,2,1,2,1,0
91,0.703,2,2,2,1,1
91,0.727,0,0,0,1,1
91,0.883,2,0,2,1,0
91,0.85,2,0,0,1,0
91,0.692,1,1,1,1,1
91,0.835,0,1,0,1,0
91,0.965,0,2,0,1,0
91,0.78,1,2,1,1,0
91,0.908,1,0,1,1,0
91,0.836,0,1,0,1,0
91,0.622,0,0,0,1,1
91,0.673,1,1,1,1,1
91,0.675,2,2,2,1,1
91,0.558,2,1,2,1,0
91,0.763,1,2,1,1,0
91,0.595,1,1,1,1,1
91,0.53,1,0,1,1,0
91,0.699,0,2,0,1,0
91,1.119,2,1,2,1,0
91,0.542,1,1,1,1,1
91,0.482,0,0,0,1,1
91,0.831,1,1,1,1,1
91,0.704,2,2,2,1,1
91,0.752,0,1,0,1,0
91,0.953,1,2,1,1,0
91,0.607,2,2,2,1,1
91,0.71,1,1,1,1,1
91,0.602,1,1,1,1,1
91,0.883,2,1,2,1,0
91,0.953,1,0,1,1,0
91,0.582,1,0,1,1,0
91,0.627,2,2,2,1,1
91,1.085,1,0,1,1,0
91,0.679,2,1,2,1,0
91,1.071,1,2,1,1,0
91,0.602,1,1,1,1,1
91,0.638,2,2,2,1,1
91,0.501,2,2,2,1,1
91,0.916,1,1,1,1,1
91,0.627,2,0,2,1,0
91,0.856,1,2,1,1,0
91,0.757,1,2,1,1,0
92,0.846,1,1,1,1,1
92,0.578,2,2,2,1,1
92,0.969,1,0,1,1,0
92,1.144,2,1,2,1,0
92,0.783,2,0,2,1,0
92,0.782,1,2,1,1,0
92,0.762,1,2,1,1,0
92,0.531,1,1,1,1,1
92,0.646,0,2,0,1,0
92,0.715,0,1,0,1,0
92,0.467,0,0,0,1,1
92,0.64,2,2,2,1,1
92,1.014,0,0,0,1,1
92,0.701,2,2,2,1,1
92,0.56,0,0,0,1,1
92,0.674,2,2,2,1,1
92,0.531,2,2,2,1,1
92,0.681,1,1,1,1,1
92,0.601,2,2,2,1,1
92,0.517,2,2,2,1,1
92,1.033,1,0,1,1,0
92,0.951,1,1,1,1,1
92,0.94,0,0,0,1,1
92,1.078,1,0,1,1,0
92,0.767,1,0,1,1,0
92,0.703,2,2,2,1,1
92,1.031,1,2,1,1,0
92,0.859,2,1,2,1,0
92,0.996,0,2,0,1,0
92,0.985,1,1,1,1,1
92,0.894,0,1,0,1,0
92,0.967,2,0,2,1,0
92,1.316,2,1,2,1,0
92,0.874,2,1,2,1,0
92,0.783,2,2,2,1,1
92,0.909,0,1,0,1,0
92,1.101,2,0,2,1,0
92,0.956,0,1,0,1,0
92,1.11,2,1,2,1,0
92,0.655,2,2,2,1,1
92,0.922,1,1,1,1,1
92,0.939,1,0,1,1,0
92,1,0,1,0,1,0
92,0.845,1,1,1,1,1
92,0.826,2,1,2,1,0
92,1.033,0,2,0,1,0
92,0.671,0,0,0,1,1
92,0.553,0,0,0,1,1
92,1.379,2,0,2,1,0
92,1.314,0,0,0,1,1
92,0.783,0,0,0,1,1
92,0.612,0,0,0,1,1
92,0.727,1,1,1,1,1
92,0.861,0,1,0,1,0
92,0.501,0,0,0,1,1
92,0.704,2,2,2,1,1
92,0.986,2,0,2,1,0
92,0.858,1,1,1,1,1
92,0.627,0,0,0,1,1
92,0.871,2,1,2,1,0
92,0.605,0,0,0,1,1
92,0.612,0,0,0,1,1
92,0.922,1,2,1,1,0
92,0.688,1,2,1,1,0
92,0.532,1,1,1,1,1
92,1.033,0,0,0,1,1
92,0.658,2,0,2,1,0
92,0.531,2,2,2,1,1
92,1.022,0,2,0,1,0
92,0.525,0,0,0,1,1
92,0.525,0,2,0,1,0
92,0.704,1,1,1,1,1
92,0.518,0,0,0,1,1
92,0.777,0,2,0,1,0
92,1.078,1,2,1,1,0
92,0.502,1,1,1,1,1
92,0.548,1,2,1,1,0
92,0.905,0,2,0,1,0
92,1.126,2,2,2,1,1
92,0.592,2,2,2,1,1
92,1.031,2,0,2,1,0
92,0.562,2,1,2,1,0
92,0.539,2,2,2,1,1
92,0.615,1,1,1,1,1
92,0.653,1,0,1,1,0
92,0.592,1,1,1,1,1
92,0.514,1,1,1,1,1
92,0.766,0,1,0,1,0
92,0.981,1,0,1,1,0
92,0.556,1,0,1,1,0
92,0.843,2,0,2,1,0
92,0.627,1,1,1,1,1
92,1.049,2,2,2,1,1
92,0.719,1,2,1,1,0
92,0.688,0,2,0,1,0
92,0.684,0,1,0,1,0
93,1.037,2,0,2,1,0
93,0.663,1,0,1,1,0
93,0.732,2,2,2,1,1
93,0.613,2,2,2,1,1
93,0.782,2,1,2,1,0
93,0.713,2,1,2,1,0
93,0.619,2,1,2,1,0
93,0.493,0,0,0,1,1
93,0.534,2,2,2,1,1
93,0.489,2,2,2,1,1
93,0.468,0,0,0,1,1
93,0.871,2,0,2,1,0
93,0.545,2,2,2,1,1
93,0.531,0,2,0,1,0
93,0.709,2,2,2,1,1
93,0.936,2,0,2,1,0
93,0.586,0,0,0,1,1
93,0.876,1,0,1,1,0
93,0.558,1,0,1,1,0
93,0.737,0,0,0,1,1
93,0.586,1,0,1,1,0
93,0.548,2,2,2,1,1
93,0.525,0,0,0,1,1
93,0.503,0,0,0,1,1
93,0.889,2,1,2,1,0
93,0.594,1,1,1,1,1
93,0.517,0,0,0,1,1
93,0.831,1,1,1,1,1
93,0.616,1,1,1,1,1
93,0.858,2,2,2,1,1
93,0.5,2,2,2,1,1
93,0.565,1,2,1,1,0
93,0.71,2,1,2,1,0
93,0.552,0,1,0,1,0
93,0.61,0,1,0,1,0
93,0.716,2,2,2,1,1
93,0.565,2,2,2,1,1
93,0.67,2,0,2,1,0
93,0.513,2,2,2,1,1
93,1.004,2,0,2,1,0
93,0.653,1,2,1,1,0
93,0.527,1,0,1,1,0
93,0.865,0,2,0,1,0
93,0.642,0,0,0,1,1
93,0.548,0,0,0,1,1
93,0.814,1,1,1,1,1
93,1.057,0,2,0,1,0
93,0.771,2,0,2,1,0
93,0.549,1,1,1,1,1
93,0.84,2,2,2,1,1
93,0.53,0,2,0,1,0
93,0.579,0,1,0,1,0
93,0.653,1,1,1,1,1
93,0.583,0,0,0,1,1
93,1.248,2,1,2,1,0
93,0.874,1,1,1,1,1
93,0.669,0,1,0,1,0
93,0.998,0,2,0,1,0
93,0.552,1,1,1,1,1
93,0.883,0,2,2,1,0
93,0.996,2,1,2,1,0
93,0.663,1,2,1,1,0
93,0.68,1,2,1,1,0
93,0.602,1,1,1,1,1
93,0.636,0,0,0,1,1
93,0.854,1,1,1,1,1
93,0.639,0,0,0,1,1
93,0.49,1,1,1,1,1
93,0.452,0,0,0,1,1
93,0.863,0,2,0,1,0
93,0.65,1,0,1,1,0
93,0.476,1,0,1,1,0
93,0.56,1,1,1,1,1
93,0.691,2,2,2,1,1
93,0.766,2,0,2,1,0
93,0.656,1,1,1,1,1
93,0.619,1,2,1,1,0
93,0.734,0,1,0,1,0
93,0.616,1,1,1,1,1
93,0.618,0,1,0,1,0
93,0.555,0,0,0,1,1
93,0.758,1,2,1,1,0
93,0.655,1,0,1,1,0
93,0.649,0,1,0,1,0
93,0.539,0,0,0,1,1
93,0.597,2,0,2,1,0
93,0.455,1,1,1,1,1
93,1.057,0,1,0,1,0
93,0.554,1,1,1,1,1
93,0.804,2,2,2,1,1
93,0.502,2,2,2,1,1
93,0.894,2,1,2,1,0
94,0.771,2,1,2,1,0
94,0.507,2,0,0,1,0
94,0.759,1,0,1,1,0
94,0.426,2,2,2,1,1
94,0.624,0,1,0,1,0
94,0.666,0,2,0,1,0
94,0.772,0,1,0,1,0
94,0.512,0,0,0,1,1
94,0.491,0,0,0,1,1
94,0.466,0,0,0,1,1
94,0.64,1,1,1,1,1
94,0.561,2,1,2,1,0
94,0.599,1,1,1,1,1
94,0.636,2,2,2,1,1
94,0.476,0,0,1,1,1
94,0.484,2,2,2,1,1
94,0.626,0,0,0,1,1
94,0.741,0,2,0,1,0
94,0.528,0,0,0,1,1
94,0.445,2,2,2,1,1
94,0.591,0,2,0,1,0
94,0.578,0,1,0,1,0
94,0.774,1,0,1,1,0
94,0.551,2,0,2,1,0
94,0.99,1,2,1,1,0
94,0.8,2,0,0,1,0
94,0.73,2,1,2,1,0
94,0.618,0,0,0,1,1
94,0.97,1,2,1,1,0
94,0.56,2,1,2,1,0
94,0.535,1,0,1,1,0
94,0.521,1,1,1,1,1
94,0.793,1,2,1,1,0
94,0.794,2,0,2,1,0
94,0.451,2,2,2,1,1
94,0.531,1,0,1,1,0
94,0.461,1,2,1,1,0
94,0.478,2,2,2,1,1
94,0.672,1,1,1,1,1
94,0.438,1,0,1,1,0
94,0.809,0,2,0,1,0
94,0.554,2,1,2,1,0
94,0.561,1,1,1,1,1
94,0.749,2,0,2,1,0
94,0.543,1,1,1,1,1
94,0.556,2,2,2,1,1
94,0.417,1,1,1,1,1
94,1.139,1,1,1,1,1
94,0.507,0,0,0,1,1
94,0.498,1,2,1,1,0
94,0.465,1,1,1,1,1
94,0.501,1,1,1,1,1
94,0.521,0,0,0,1,1
94,0.478,0,0,0,1,1
94,0.762,1,1,1,1,1
94,0.876,2,1,2,1,0
94,0.693,2,0,2,1,0
94,0.688,2,2,2,1,1
94,0.613,1,0,1,1,0
94,0.512,2,2,2,1,1
94,0.658,0,2,0,1,0
94,0.578,2,1,1,1,0
94,0.515,0,0,0,1,1
94,0.633,1,1,1,1,1
94,0.591,0,0,0,1,1
94,0.608,0,1,0,1,0
94,0.947,2,2,2,1,1
94,0.392,1,2,1,1,0
94,0.646,2,2,2,1,1
94,0.665,1,2,1,1,0
94,0.54,0,1,0,1,0
94,0.356,2,2,2,1,1
94,0.465,1,1,1,1,1
94,0.453,0,0,0,1,1
94,0.726,0,2,0,1,0
94,0.501,0,0,0,1,1
94,0.365,2,2,2,1,1
94,0.372,2,2,2,1,1
94,0.713,1,1,0,1,1
94,0.525,1,0,0,1,0
94,0.916,2,0,0,1,0
94,0.532,1,1,1,1,1
94,0.732,0,1,0,1,0
94,0.978,2,0,1,1,0
94,0.556,2,2,2,1,1
94,0.809,0,2,0,1,0
94,0.445,1,1,1,1,1
94,0.773,0,2,0,1,0
94,0.719,0,0,0,1,1
94,0.938,0,1,0,1,0
94,0.592,0,1,0,1,0
94,0.947,1,2,1,1,0
94,0.814,2,1,2,1,0
94,0.492,0,0,0,1,1
94,0.559,2,2,2,1,1
95,1.092,0,2,0,1,0
95,0.604,0,1,0,1,0
95,0.655,2,2,2,1,1
95,0.601,2,0,2,1,0
95,0.804,0,0,0,1,1
95,0.597,0,0,0,1,1
95,0.593,2,2,2,1,1
95,0.811,0,1,0,1,0
95,0.617,2,2,2,1,1
95,0.625,2,2,2,1,1
95,0.86,0,0,0,1,1
95,0.655,0,0,0,1,1
95,0.714,2,2,2,1,1
95,1.176,2,1,0,1,0
95,1.156,2,2,2,1,1
95,1.277,1,1,1,1,1
95,0.781,1,2,1,1,0
95,0.988,0,2,0,1,0
95,0.819,0,1,0,1,0
95,0.771,0,1,0,1,0
95,0.669,1,1,1,1,1
95,1.26,1,0,1,1,0
95,0.598,1,1,1,1,1
95,0.823,2,1,2,1,0
95,0.692,2,2,2,1,1
95,0.517,1,1,1,1,1
95,0.424,1,1,1,1,1
95,0.373,1,1,1,1,1
95,1.109,0,2,0,1,0
95,1.084,2,0,2,1,0
95,0.683,0,0,0,1,1
95,1.143,2,2,2,1,1
95,0.924,2,1,2,1,0
95,1.074,1,1,1,1,1
95,0.494,1,1,1,1,1
95,0.732,2,0,2,1,0
95,0.486,2,0,2,1,0
95,0.691,0,2,0,1,0
95,0.701,1,1,1,1,1
95,0.587,0,0,0,1,1
95,0.471,0,0,0,1,1
95,1.09,1,2,1,1,0
95,1.039,1,1,1,1,1
95,0.92,2,2,2,1,1
95,1.445,0,0,0,1,1
95,0.951,2,1,2,1,0
95,1.024,1,2,1,1,0
95,1.197,2,1,2,1,0
95,1.064,1,2,1,1,0
95,1.157,2,0,2,1,0
95,0.972,1,0,1,1,0
95,0.862,0,2,0,1,0
95,0.969,1,0,1,1,0
95,1.232,1,2,1,1,0
95,1.135,2,2,2,1,1
95,0.786,0,1,0,1,0
95,0.635,2,2,2,1,1
95,0.904,1,0,1,1,0
95,0.771,0,1,0,1,0
95,0.607,0,2,0,1,0
95,0.544,0,0,0,1,1
95,0.506,1,1,1,1,1
95,0.58,0,0,0,1,1
95,0.718,2,1,2,1,0
95,0.689,0,0,0,1,1
95,0.873,1,0,1,1,0
95,0.522,1,0,1,1,0
95,0.804,0,1,0,1,0
95,0.897,1,1,1,1,1
95,0.878,1,0,1,1,0
95,1.223,0,0,0,1,1
95,0.836,1,0,1,1,0
95,0.559,2,2,2,1,1
95,0.718,1,1,1,1,1
95,0.717,2,2,2,1,1
95,0.837,1,2,1,1,0
95,0.883,2,1,2,1,0
95,0.993,0,2,0,1,0
95,0.801,2,2,2,1,1
95,1.194,0,0,0,1,1
95,0.597,0,0,0,1,1
95,0.578,0,1,0,1,0
95,0.956,1,2,2,1,0
95,0.845,2,1,1,1,0
95,0.773,2,0,0,1,0
95,0.756,1,1,1,1,1
95,0.688,2,2,2,1,1
95,0.843,2,0,2,1,0
95,0.632,2,0,2,1,0
95,1.092,1,2,1,1,0
95,0.596,1,1,1,1,1
95,0.669,2,2,2,1,1
95,0.557,0,0,0,1,1
95,1.108,0,2,0,1,0
95,0.529,0,0,0,1,1
95,0.558,1,1,1,1,1
96,0.838,2,0,1,1,0
96,0.667,0,1,0,1,0
96,0.689,2,0,2,1,0
96,0.579,1,1,2,1,1
96,0.633,1,1,1,1,1
96,0.655,0,0,0,1,1
96,0.638,0,1,0,1,0
96,0.79,2,2,2,1,1
96,0.521,2,1,2,1,0
96,0.566,2,1,2,1,0
96,0.603,0,2,0,1,0
96,0.706,2,2,2,1,1
96,0.703,1,2,1,1,0
96,0.688,2,2,2,1,1
96,0.497,2,2,2,1,1
96,0.453,2,2,2,1,1
96,0.552,0,0,0,1,1
96,0.512,2,0,2,1,0
96,0.636,1,0,1,1,0
96,0.517,1,1,1,1,1
96,0.87,0,2,0,1,0
96,0.572,2,2,2,1,1
96,0.798,1,1,1,1,1
96,0.846,2,1,2,1,0
96,1.191,2,0,0,1,0
96,0.552,0,0,0,1,1
96,0.848,2,2,2,1,1
96,0.966,0,0,0,1,1
96,0.402,0,0,0,1,1
96,0.754,1,1,1,1,1
96,0.614,1,2,1,1,0
96,0.931,1,0,1,1,0
96,0.55,1,2,1,1,0
96,0.64,1,2,1,1,0
96,0.981,1,0,1,1,0
96,0.737,0,0,0,1,1
96,0.51,1,1,1,1,1
96,0.587,1,0,1,1,0
96,0.456,1,2,1,1,0
96,0.934,2,0,2,1,0
96,0.499,0,0,0,1,1
96,0.719,2,2,2,1,1
96,0.485,1,1,1,1,1
96,0.564,2,1,2,1,0
96,0.521,0,0,0,1,1
96,0.443,2,2,2,1,1
96,0.522,2,0,2,1,0
96,0.455,0,0,0,1,1
96,0.644,0,1,0,1,0
96,0.514,2,1,2,1,0
96,0.622,0,1,0,1,0
96,0.723,1,1,2,1,1
96,0.777,0,2,2,1,0
96,0.622,1,1,1,1,1
96,0.385,0,0,0,1,1
96,0.387,2,2,2,1,1
96,0.457,2,2,2,1,1
96,0.695,0,0,0,1,1
96,0.879,2,1,2,1,0
96,0.699,0,2,0,1,0
96,0.868,1,1,2,1,1
96,0.575,1,1,1,1,1
96,0.843,1,1,1,1,1
96,0.615,2,1,2,1,0
96,0.738,0,1,0,1,0
96,0.729,1,2,1,1,0
96,0.952,1,0,1,1,0
96,0.846,2,1,2,1,0
96,0.829,2,2,2,1,1
96,0.426,2,2,2,1,1
96,0.855,2,2,2,1,1
96,0.524,2,0,2,1,0
96,0.813,1,1,1,1,1
96,0.821,0,0,0,1,1
96,1.202,2,0,2,1,0
96,0.717,0,1,0,1,0
96,0.929,2,2,2,1,1
96,0.641,0,0,0,1,1
96,0.669,1,0,1,1,0
96,0.784,1,1,1,1,1
96,0.709,0,1,0,1,0
96,0.501,1,1,1,1,1
96,0.442,0,0,0,1,1
96,0.402,0,2,0,1,0
96,0.656,1,0,2,1,0
96,0.572,0,2,0,1,0
96,0.57,0,2,0,1,0
96,0.828,1,0,1,1,0
96,0.855,1,2,1,1,0
96,0.778,2,2,2,1,1
96,0.63,0,0,0,1,1
96,0.821,1,2,1,1,0
96,0.421,0,0,0,1,1
96,0.379,0,1,0,1,0
97,0.747,1,0,1,1,0
97,0.647,0,2,0,1,0
97,0.546,0,1,0,1,0
97,0.632,1,2,1,1,0
97,0.398,1,1,1,1,1
97,0.936,2,2,2,1,1
97,0.56,0,0,0,1,1
97,0.761,0,1,0,1,0
97,0.827,2,2,2,1,1
97,0.502,2,0,2,1,0
97,0.543,1,1,1,1,1
97,1.13,2,0,2,1,0
97,0.47,2,2,2,1,1
97,0.45,2,2,2,1,1
97,0.801,2,0,2,1,0
97,0.522,2,2,2,1,1
97,0.544,1,1,1,1,1
97,0.631,1,1,1,1,1
97,0.801,2,1,0,1,0
97,1.125,2,2,2,1,1
97,0.671,2,0,2,1,0
97,1.029,0,2,0,1,0
97,0.781,1,1,1,1,1
97,0.415,2,1,2,1,0
97,1.021,1,0,1,1,0
97,1.231,0,2,0,1,0
97,0.866,2,0,2,1,0
97,0.676,1,1,1,1,1
97,1.269,1,1,2,1,1
97,0.925,2,2,2,1,1
97,0.565,2,2,2,1,1
97,0.87,0,1,0,1,0
97,0.826,1,2,1,1,0
97,1.031,0,0,0,1,1
97,0.891,2,0,1,1,0
97,0.701,2,1,2,1,0
97,0.972,1,1,1,1,1
97,0.564,1,0,0,1,0
97,0.601,1,0,1,1,0
97,0.592,0,2,0,1,0
97,0.893,1,2,1,1,0
97,0.647,0,0,0,1,1
97,0.856,2,2,2,1,1
97,0.693,0,1,0,1,0
97,1.434,0,2,0,1,0
97,1.073,0,1,0,1,0
97,0.634,0,0,0,1,1
97,0.509,0,2,0,1,0
97,0.83,2,1,2,1,0
97,0.57,0,0,0,1,1
97,0.789,2,1,1,1,0
97,1.01,1,1,1,1,1
97,0.46,1,1,1,1,1
97,0.552,0,0,0,1,1
97,0.925,2,2,2,1,1
97,0.566,2,1,2,1,0
97,0.458,2,1,2,1,0
97,0.943,1,0,1,1,0
97,0.451,0,0,0,1,1
97,0.471,0,1,0,1,0
97,1.234,1,1,1,1,1
97,0.591,1,0,1,1,0
97,0.968,0,0,0,1,1
97,0.423,0,0,0,1,1
97,0.734,1,1,1,1,1
97,0.74,0,0,0,1,1
97,0.739,1,2,1,1,0
97,0.672,2,2,2,1,1
97,0.826,1,2,1,1,0
97,1.008,2,2,2,1,1
97,0.646,0,0,0,1,1
97,0.799,2,0,2,1,0
97,0.447,2,2,2,1,1
97,0.647,1,1,1,1,1
97,1.331,2,1,2,1,0
97,0.583,0,2,0,1,0
97,0.417,2,2,2,1,1
97,0.838,0,0,0,1,1
97,0.813,2,0,2,1,0
97,1.101,0,1,0,1,0
97,0.93,1,0,1,1,0
97,0.954,2,2,2,1,1
97,1.077,1,2,1,1,0
97,1.135,1,2,1,1,0
97,1.19,0,0,0,1,1
97,0.702,1,2,1,1,0
97,0.391,1,1,1,1,1
97,1.124,1,0,1,1,0
97,0.496,1,1,1,1,1
97,0.572,0,0,0,1,1
97,0.55,0,2,0,1,0
97,0.421,0,0,0,1,1
97,0.384,0,0,0,1,1
97,0.683,1,1,1,1,1
97,0.829,0,1,2,1,0
98,1.376,0,2,0,1,0
98,1.308,2,1,2,1,0
98,0.713,0,0,0,1,1
98,1.154,1,1,1,1,1
98,0.547,1,0,1,1,0
98,0.825,2,2,2,1,1
98,0.628,2,0,2,1,0
98,0.983,1,1,1,1,1
98,0.644,2,0,2,1,0
98,1.387,1,1,1,1,1
98,0.893,0,0,1,1,1
98,0.672,0,0,0,1,1
98,0.753,2,2,2,1,1
98,0.675,2,0,2,1,0
98,0.846,1,0,1,1,0
98,1.147,1,2,2,1,0
98,0.964,0,2,0,1,0
98,0.701,0,0,0,1,1
98,1.498,2,1,2,1,0
98,0.647,2,1,2,1,0
98,0.729,2,0,2,1,0
98,0.653,0,0,0,1,1
98,0.926,1,1,1,1,1
98,0.89,1,1,1,1,1
98,0.871,2,0,2,1,0
98,1.008,1,1,1,1,1
98,1.319,1,0,1,1,0
98,0.719,0,1,0,1,0
98,0.644,2,2,2,1,1
98,0.877,1,2,0,1,0
98,0.768,2,1,2,1,0
98,1.274,0,1,0,1,0
98,1.111,1,1,1,1,1
98,1.108,2,1,2,1,0
98,1.369,1,0,1,1,0
98,0.905,0,1,0,1,0
98,0.851,0,0,0,1,1
98,0.824,2,2,2,1,1
98,0.898,0,1,0,1,0
98,0.719,0,2,0,1,0
98,0.974,0,0,0,1,1
98,0.924,0,2,0,1,0
98,0.971,0,2,0,1,0
98,0.547,2,2,2,1,1
98,0.586,2,0,2,1,0
98,0.989,1,2,1,1,0
98,0.881,2,2,2,1,1
98,1.17,0,2,0,1,0
98,1.103,1,2,1,1,0
98,0.744,1,0,2,1,0
98,0.678,1,1,1,1,1
98,1.122,1,2,1,1,0
98,0.884,0,1,0,1,0
98,0.674,2,1,2,1,0
98,0.747,1,1,1,1,1
98,0.639,0,0,0,1,1
98,0.589,0,0,0,1,1
98,0.822,1,2,2,1,0
98,0.534,1,1,1,1,1
98,0.766,0,0,0,1,1
98,0.709,0,0,0,1,1
98,0.806,0,1,0,1,0
98,1.138,0,0,0,1,1
98,1.03,0,0,0,1,1
98,0.937,2,2,2,1,1
98,0.872,0,0,0,1,1
98,0.781,0,0,0,1,1
98,0.919,0,2,0,1,0
98,1.129,2,1,2,1,0
98,0.822,2,2,2,1,1
98,0.506,2,2,2,1,1
98,1.005,0,2,0,1,0
98,0.823,0,1,0,1,0
98,0.862,2,2,2,1,1
98,1.054,1,0,1,1,0
98,0.941,2,0,2,1,0
98,0.699,2,2,2,1,1
98,0.633,2,2,2,1,1
98,0.895,1,1,1,1,1
98,0.785,1,0,1,1,0
98,0.816,1,1,1,1,1
98,0.544,1,1,1,1,1
98,0.711,2,2,2,1,1
98,1.115,0,1,0,1,0
98,1.219,1,1,1,1,1
98,0.995,1,2,2,1,0
98,0.874,2,1,2,1,0
98,0.766,2,2,2,1,1
98,0.837,1,0,1,1,0
98,0.796,2,2,2,1,1
98,1.045,1,1,1,1,1
99,0.654,1,0,1,1,0
99,0.626,0,0,0,1,1
99,0.562,0,2,0,1,0
99,0.47,1,1,1,1,1
99,0.646,1,1,1,1,1
99,0.584,1,1,1,1,1
99,0.42,0,0,0,1,1
99,0.386,2,2,2,1,1
99,0.592,1,2,1,1,0
99,0.699,2,0,2,1,0
99,0.613,1,1,1,1,1
99,0.575,1,1,1,1,1
99,0.662,0,1,0,1,0
99,0.642,2,1,2,1,0
99,0.632,2,2,2,1,1
99,1.05,1,2,1,1,0
99,0.64,2,1,2,1,0
99,0.554,0,2,0,1,0
99,0.418,1,0,1,1,0
99,0.532,0,0,2,1,1
99,0.737,2,0,2,1,0
99,0.802,2,2,2,1,1
99,0.414,0,0,0,1,1
99,0.775,1,0,1,1,0
99,0.584,1,0,1,1,0
99,0.723,0,2,0,1,0
99,0.621,2,0,2,1,0
99,0.604,1,2,1,1,0
99,0.749,1,0,1,1,0
99,0.515,0,1,0,1,0
99,0.583,0,0,0,1,1
99,0.449,0,1,0,1,0
99,0.563,2,2,2,1,1
99,0.527,2,0,2,1,0
99,0.501,2,1,2,1,0
99,0.44,0,1,0,1,0
99,0.465,2,2,1,1,1
99,0.853,2,1,1,1,0
99,0.771,2,2,2,1,1
99,0.705,2,1,2,1,0
99,0.555,0,0,0,1,1
99,0.561,0,0,0,1,1
99,0.506,0,2,0,1,0
99,1.017,2,1,2,1,0
99,0.627,0,0,0,1,1
99,0.905,1,2,1,1,0
99,0.587,0,0,0,1,1
99,0.569,1,1,1,1,1
99,0.549,0,1,0,1,0
99,0.54,2,0,2,1,0
99,0.758,1,1,1,1,1
99,0.577,2,2,2,1,1
99,0.685,1,1,2,1,1
99,0.582,0,0,0,1,1
99,0.683,1,1,2,1,1
99,0.48,1,1,1,1,1
99,0.647,0,2,0,1,0
99,0.76,0,1,0,1,0
99,1.1,2,0,2,1,0
99,0.54,0,0,0,1,1
99,0.647,0,2,0,1,0
99,0.676,2,2,2,1,1
99,0.583,0,0,0,1,1
99,0.592,0,0,0,1,1
99,1.015,1,2,1,1,0
99,0.598,2,2,2,1,1
99,0.593,1,1,1,1,1
99,0.489,1,1,1,1,1
99,0.595,0,0,0,1,1
99,0.889,1,2,1,1,0
99,0.853,2,0,2,1,0
99,0.844,0,2,0,1,0
99,0.479,1,1,1,1,1
99,0.503,2,2,2,1,1
99,0.635,2,1,2,1,0
99,0.51,2,2,2,1,1
99,0.449,2,2,2,1,1
99,0.686,1,2,1,1,0
99,0.45,0,0,0,1,1
99,0.735,1,0,1,1,0
99,0.901,0,1,0,1,0
99,0.745,2,2,2,1,1
99,0.77,1,0,1,1,0
99,0.698,1,1,1,1,1
99,0.514,1,1,1,1,1
99,0.623,0,0,2,1,1
99,0.568,2,2,2,1,1
99,0.704,2,0,2,1,0
99,0.631,2,2,2,1,1
99,0.879,1,0,1,1,0
99,0.635,2,2,2,1,1
99,0.619,0,2,0,1,0
99,0.824,1,2,1,1,0
99,0.604,1,1,1,1,1
99,0.61,0,1,2,1,0
100,1.205,2,0,2,1,0
100,1.063,1,1,1,1,1
100,0.767,0,0,0,1,1
100,0.758,2,2,2,1,1
100,1.112,0,2,0,1,0
100,1.133,0,1,0,1,0
100,1.293,2,2,2,1,1
100,0.654,2,2,2,1,1
100,0.844,0,0,0,1,1
100,0.762,1,1,1,1,1
100,0.889,0,1,1,1,0
100,1.091,1,1,1,1,1
100,1.325,1,2,1,1,0
100,0.817,1,1,1,1,1
100,0.604,1,1,1,1,1
100,1.161,1,2,1,1,0
100,0.999,1,0,1,1,0
100,0.903,2,0,2,1,0
100,0.742,2,2,2,1,1
100,1.138,1,0,1,1,0
100,1.145,0,1,0,1,0
100,0.713,2,2,2,1,1
100,1.086,0,0,0,1,1
100,0.753,2,2,2,1,1
100,1.083,0,2,0,1,0
100,0.745,2,2,2,1,1
100,1.144,2,1,2,1,0
100,0.928,0,0,0,1,1
100,0.666,0,0,0,1,1
100,1.155,0,1,0,1,0
100,0.91,2,0,2,1,0
100,1.007,1,1,1,1,1
100,0.787,0,0,0,1,1
100,0.645,1,1,1,1,1
100,1.096,0,1,0,1,0
100,0.689,2,2,2,1,1
100,1.183,2,1,2,1,0
100,0.862,0,1,0,1,0
100,0.939,2,1,2,1,0
100,1.087,1,2,1,1,0
100,0.832,2,0,2,1,0
100,0.85,0,2,0,1,0
100,1.147,2,1,1,1,0
100,1.093,1,2,1,1,0
100,0.876,1,1,1,1,1
100,0.785,2,2,2,1,1
100,1.447,1,0,1,1,0
100,0.779,1,2,1,1,0
100,0.686,0,1,0,1,0
100,0.852,2,2,2,1,1
100,0.869,1,1,1,1,1
100,0.827,1,1,1,1,1
100,0.724,0,2,0,1,0
100,0.859,1,1,1,1,1
100,0.985,2,2,2,1,1
100,0.747,1,1,1,1,1
100,0.778,2,2,2,1,1
100,0.85,1,0,1,1,0
100,1.035,2,1,2,1,0
100,0.773,0,2,0,1,0
100,0.809,1,1,2,1,1
100,0.774,1,0,1,1,0
100,0.719,0,0,0,1,1
100,0.971,1,2,1,1,0
100,0.719,2,0,2,1,0
100,0.645,0,0,0,1,1
100,0.889,1,1,1,1,1
100,0.691,0,2,0,1,0
100,0.983,1,2,1,1,0
100,0.724,0,0,0,1,1
100,0.513,2,0,2,1,0
100,0.979,0,2,0,1,0
100,0.577,0,0,0,1,1
100,0.612,0,2,0,1,0
100,0.87,1,1,1,1,1
100,0.518,2,0,2,1,0
100,0.547,2,2,2,1,1
100,0.727,0,0,1,1,1
100,0.624,0,0,0,1,1
100,1.149,1,0,1,1,0
100,0.769,2,1,2,1,0
100,0.649,0,0,0,1,1
100,0.878,2,2,2,1,1
100,0.965,1,0,1,1,0
100,0.549,2,1,2,1,0
100,0.618,1,1,0,1,1
100,0.955,0,0,1,1,1
100,0.71,2,2,2,1,1
100,1.147,2,2,2,1,1
100,0.906,0,0,0,1,1
100,0.536,1,0,1,1,0
100,1.047,0,1,0,1,0
100,1.262,2,1,2,1,0
100,0.748,0,0,0,1,1
101,0.47,2,2,2,1,1
101,0.491,2,2,2,1,1
101,0.461,1,2,1,1,0
101,0.324,0,0,0,1,1
101,0.694,1,1,1,1,1
101,0.546,0,2,2,1,0
101,0.589,0,1,0,1,0
101,0.5,0,0,0,1,1
101,0.902,1,1,1,1,1
101,0.676,1,0,1,1,0
101,0.488,0,0,0,1,1
101,0.498,2,0,2,1,0
101,0.446,2,2,2,1,1
101,0.483,2,2,2,1,1
101,0.6,1,1,1,1,1
101,0.499,1,2,1,1,0
101,0.654,0,2,0,1,0
101,0.592,1,1,1,1,1
101,0.432,0,0,0,1,1
101,0.562,0,0,0,1,1
101,0.487,0,1,0,1,0
101,0.394,2,2,2,1,1
101,0.559,0,2,0,1,0
101,0.662,2,0,2,1,0
101,0.837,1,2,1,1,0
101,0.506,1,1,1,1,1
101,0.514,0,0,0,1,1
101,0.691,1,0,1,1,0
101,0.579,0,0,0,1,1
101,0.611,0,0,0,1,1
101,0.486,2,2,2,1,1
101,0.588,2,1,2,1,0
101,0.446,2,2,2,1,1
101,0.5,1,0,0,1,0
101,0.414,1,1,1,1,1
101,0.517,2,2,2,1,1
101,0.554,1,2,1,1,0
101,0.627,2,2,2,1,1
101,0.623,2,0,2,1,0
101,0.531,0,2,0,1,0
101,0.557,1,0,1,1,0
101,0.503,0,1,0,1,0
101,0.527,0,0,0,1,1
101,0.617,0,0,0,1,1
101,0.533,2,2,2,1,1
101,0.586,2,2,2,1,1
101,0.719,1,1,1,1,1
101,0.786,0,2,0,1,0
101,0.758,2,1,2,1,0
101,0.555,1,1,1,1,1
101,0.637,2,2,2,1,1
101,0.586,0,0,0,1,1
101,0.478,0,1,0,1,0
101,0.558,2,1,2,1,0
101,0.457,1,2,1,1,0
101,0.456,2,2,2,1,1
101,0.51,1,1,1,1,1
101,0.517,1,1,1,1,1
101,0.471,1,2,1,1,0
101,0.433,1,0,1,1,0
101,0.428,2,1,2,1,0
101,0.521,1,1,1,1,1
101,0.4,0,0,0,1,1
101,0.514,2,2,2,1,1
101,0.631,0,1,0,1,0
101,0.691,1,0,1,1,0
101,0.4,1,1,1,1,1
101,0.395,2,0,2,1,0
101,0.52,1,1,1,1,1
101,0.844,2,0,2,1,0
101,0.551,1,2,1,1,0
101,0.402,0,0,0,1,1
101,0.548,1,1,1,1,1
101,0.451,2,1,2,1,0
101,0.438,1,1,1,1,1
101,0.521,2,0,0,1,0
101,0.609,2,1,1,1,0
101,0.763,0,2,0,1,0
101,0.83,2,1,2,1,0
101,0.528,0,0,0,1,1
101,0.668,0,1,0,1,0
101,0.435,1,0,1,1,0
101,0.48,1,2,1,1,0
101,0.972,0,0,0,1,1
101,0.611,0,1,0,1,0
101,0.773,1,1,2,1,1
101,0.391,2,2,2,1,1
101,0.47,0,1,0,1,0
101,0.532,0,2,0,1,0
101,0.435,1,0,1,1,0
101,0.561,0,2,0,1,0
101,0.709,2,2,2,1,1
101,0.457,0,0,0,1,1
101,0.58,2,1,2,1,0
102,0.587,0,0,0,1,1
102,0.746,1,2,1,1,0
102,0.618,2,2,2,1,1
102,0.588,2,2,2,1,1
102,0.59,0,0,0,1,1
102,0.532,0,0,0,1,1
102,0.527,0,0,0,1,1
102,0.674,1,2,1,1,0
102,0.634,1,1,1,1,1
102,0.549,1,1,1,1,1
102,0.776,2,0,2,1,0
102,0.909,0,1,0,1,0
102,0.894,0,1,0,1,0
102,0.657,2,0,2,1,0
102,0.582,2,1,2,1,0
102,0.695,2,0,2,1,0
102,0.583,2,2,2,1,1
102,0.724,1,2,1,1,0
102,0.498,1,0,1,1,0
102,0.562,0,1,0,1,0
102,0.536,0,1,0,1,0
102,0.691,2,0,2,1,0
102,0.654,1,0,1,1,0
102,0.58,1,1,1,1,1
102,0.495,0,0,0,1,1
102,0.639,2,2,2,1,1
102,0.56,1,1,1,1,1
102,0.52,0,0,0,1,1
102,0.546,0,0,0,1,1
102,0.673,0,2,2,1,0
102,0.604,2,2,2,1,1
102,0.698,1,1,1,1,1
102,0.61,2,2,2,1,1
102,0.549,2,2,2,1,1
102,0.909,1,0,1,1,0
102,0.473,0,1,0,1,0
102,0.828,2,1,2,1,0
102,0.593,2,0,2,1,0
102,0.521,2,1,2,1,0
102,0.554,0,2,0,1,0
102,0.59,2,0,2,1,0
102,0.556,0,2,0,1,0
102,0.594,1,0,1,1,0
102,0.762,0,2,0,1,0
102,0.548,1,1,1,1,1
102,0.533,1,1,1,1,1
102,0.509,0,0,0,1,1
102,0.663,2,0,2,1,0
102,0.487,0,0,0,1,1
102,0.63,2,0,2,1,0
102,0.602,1,1,1,1,1
102,0.608,2,2,2,1,1
102,0.949,2,1,2,1,0
102,0.873,2,1,2,1,0
102,0.569,1,1,1,1,1
102,0.479,0,0,0,1,1
102,0.424,0,2,0,1,0
102,0.774,1,0,1,1,0
102,0.514,2,2,2,1,1
102,0.647,1,2,1,1,0
102,0.561,0,1,0,1,0
102,0.487,0,0,0,1,1
102,0.791,1,2,1,1,0
102,0.637,1,1,1,1,1
102,0.455,1,1,1,1,1
102,0.556,2,2,2,1,1
102,0.51,0,2,0,1,0
102,0.619,0,1,0,1,0
102,0.608,2,2,2,1,1
102,0.588,1,2,1,1,0
102,0.478,1,0,1,1,0
102,0.39,0,0,0,1,1
102,0.652,0,2,0,1,0
102,0.439,0,2,0,1,0
102,0.538,1,1,1,1,1
102,0.637,1,2,1,1,0
102,0.547,2,2,2,1,1
102,0.517,2,2,2,1,1
102,0.564,1,1,1,1,1
102,0.683,2,2,2,1,1
102,0.786,1,0,1,1,0
102,0.505,0,0,0,1,1
102,0.561,1,1,1,1,1
102,0.449,0,0,0,1,1
102,0.476,0,0,0,1,1
102,0.533,1,1,1,1,1
102,0.616,1,2,1,1,0
102,0.6,2,1,2,1,0
102,0.526,1,1,1,1,1
102,0.612,2,1,2,1,0
102,0.519,0,0,0,1,1
102,0.656,2,2,2,1,1
102,0.537,2,2,2,1,1
102,0.749,1,0,1,1,0
103,0.655,0,0,0,1,1
103,0.541,0,0,0,1,1
103,0.629,2,0,2,1,0
103,0.671,1,1,1,1,1
103,0.628,2,1,2,1,0
103,0.684,2,2,2,1,1
103,0.767,1,0,1,1,0
103,0.89,0,1,0,1,0
103,0.656,2,2,2,1,1
103,0.751,1,0,1,1,0
103,0.84,0,1,0,1,0
103,0.752,1,0,1,1,0
103,0.678,1,1,1,1,1
103,0.519,1,1,1,1,1
103,0.614,2,2,2,1,1
103,0.75,1,2,1,1,0
103,0.632,0,0,0,1,1
103,0.56,2,1,2,1,0
103,0.729,1,0,1,1,0
103,0.716,1,2,1,1,0
103,0.536,2,1,2,1,0
103,0.705,2,2,2,1,1
103,0.665,2,1,2,1,0
103,0.603,2,2,2,1,1
103,0.743,0,1,0,1,0
103,0.625,2,1,2,1,0
103,0.663,0,2,0,1,0
103,0.792,1,1,1,1,1
103,0.624,1,2,1,1,0
103,0.562,2,1,2,1,0
103,0.595,1,1,1,1,1
103,0.868,2,0,2,1,0
103,0.81,1,1,1,1,1
103,0.49,1,1,1,1,1
103,0.65,0,0,0,1,1
103,0.603,0,0,0,1,1
103,0.57,2,0,2,1,0
103,0.74,1,1,1,1,1
103,0.652,2,2,2,1,1
103,0.638,0,0,0,1,1
103,0.813,2,1,2,1,0
103,0.759,0,1,0,1,0
103,0.608,0,0,0,1,1
103,0.743,1,2,1,1,0
103,0.671,2,2,2,1,1
103,0.721,0,2,0,1,0
103,0.659,0,2,0,1,0
103,0.562,0,0,0,1,1
103,0.652,1,0,1,1,0
103,0.652,0,0,0,1,1
103,0.878,2,2,2,1,1
103,0.566,1,1,1,1,1
103,0.606,1,1,1,1,1
103,0.614,0,2,0,1,0
103,0.72,1,2,1,1,0
103,0.516,1,0,1,1,0
103,0.653,0,1,0,1,0
103,0.975,2,0,1,1,0
103,0.942,2,0,2,1,0
103,0.982,0,1,0,1,0
103,0.983,1,0,2,1,0
103,0.793,0,2,0,1,0
103,0.57,0,0,0,1,1
103,0.801,1,0,1,1,0
103,0.626,2,2,2,1,1
103,0.604,2,2,2,1,1
103,0.841,0,1,0,1,0
103,0.633,0,0,0,1,1
103,0.61,1,1,1,1,1
103,0.611,1,2,1,1,0
103,0.835,2,0,2,1,0
103,0.541,2,2,2,1,1
103,0.51,2,2,2,1,1
103,0.526,2,2,2,1,1
103,0.667,0,0,0,1,1
103,0.59,1,1,1,1,1
103,0.677,0,0,0,1,1
103,0.76,0,2,0,1,0
103,0.593,0,0,0,1,1
103,0.649,2,2,2,1,1
103,0.584,2,0,2,1,0
103,0.753,0,2,0,1,0
103,0.665,1,1,1,1,1
103,0.901,0,0,1,1,1
103,1.003,0,2,0,1,0
103,0.745,1,2,1,1,0
103,0.507,1,2,1,1,0
103,0.683,0,0,0,1,1
103,0.619,1,1,1,1,1
103,0.499,1,1,1,1,1
103,0.835,2,0,2,1,0
103,0.708,1,1,1,1,1
103,0.578,2,2,2,1,1
103,0.658,2,2,2,1,1
103,0.634,2,1,2,1,0
104,0.652,2,0,2,1,0
104,1.123,2,1,2,1,0
104,0.922,1,0,1,1,0
104,0.802,1,2,1,1,0
104,0.762,2,2,2,1,1
104,0.785,0,0,0,1,1
104,0.808,2,1,2,1,0
104,0.944,1,2,1,1,0
104,0.994,0,1,0,1,0
104,0.825,1,1,1,1,1
104,0.768,1,1,1,1,1
104,0.616,2,2,2,1,1
104,0.799,2,0,2,1,0
104,0.711,0,0,0,1,1
104,1.152,1,1,1,1,1
104,0.631,2,2,2,1,1
104,0.815,0,2,0,1,0
104,1.045,0,2,0,1,0
104,0.734,0,2,0,1,0
104,0.71,0,0,0,1,1
104,0.686,0,0,0,1,1
104,0.79,2,1,2,1,0
104,0.908,0,1,0,1,0
104,1.349,1,0,1,1,0
104,0.54,2,2,2,1,1
104,0.467,1,2,1,1,0
104,0.571,1,1,1,1,1
104,0.593,1,1,1,1,1
104,0.663,2,2,2,1,1
104,0.782,2,1,2,1,0
104,0.693,2,2,2,1,1
104,0.716,0,2,0,1,0
104,0.882,2,1,2,1,0
104,0.809,1,0,1,1,0
104,1.056,2,1,2,1,0
104,0.711,2,1,2,1,0
104,0.83,0,0,0,1,1
104,0.853,1,1,1,1,1
104,0.844,0,1,0,1,0
104,0.723,0,2,0,1,0
104,0.809,2,2,2,1,1
104,0.962,0,0,0,1,1
104,0.539,0,1,0,1,0
104,0.61,2,2,2,1,1
104,0.873,2,0,2,1,0
104,0.848,0,1,0,1,0
104,0.936,1,2,1,1,0
104,0.719,0,0,0,1,1
104,0.645,0,0,0,1,1
104,1.053,1,1,1,1,1
104,0.659,1,1,1,1,1
104,0.555,0,0,0,1,1
104,1.331,0,1,0,1,0
104,0.457,0,0,0,1,1
104,0.656,0,1,0,1,0
104,0.679,1,1,1,1,1
104,1.23,2,0,2,1,0
104,0.42,2,2,2,1,1
104,0.651,1,1,1,1,1
104,0.724,0,0,0,1,1
104,0.779,1,2,1,1,0
104,0.689,2,1,2,1,0
104,0.744,1,1,1,1,1
104,0.527,2,2,2,1,1
104,0.55,0,0,0,1,1
104,0.685,1,0,1,1,0
104,0.595,2,2,2,1,1
104,0.698,1,1,0,1,1
104,0.641,0,0,0,1,1
104,0.922,1,2,1,1,0
104,0.914,2,2,2,1,1
104,0.809,1,1,1,1,1
104,0.721,0,0,0,1,1
104,0.936,1,0,1,1,0
104,0.847,2,0,2,1,0
104,0.648,2,2,2,1,1
104,1.104,1,2,1,1,0
104,0.952,1,0,1,1,0
104,0.992,2,0,2,1,0
104,0.871,2,0,2,1,0
104,1.071,0,0,0,1,1
104,1.031,1,1,1,1,1
104,0.624,1,1,1,1,1
104,0.921,2,0,2,1,0
104,0.818,0,0,0,1,1
104,0.712,2,2,2,1,1
104,0.944,0,2,0,1,0
104,1.016,2,2,2,1,1
104,1.024,1,0,1,1,0
104,0.728,0,2,0,1,0
104,1.343,1,0,1,1,0
104,0.759,2,2,2,1,1
104,0.719,1,2,1,1,0
104,0.789,0,2,0,1,0
104,0.973,0,1,0,1,0
104,0.676,1,1,1,1,1
105,0.676,0,1,2,1,0
105,0.707,1,1,1,1,1
105,0.786,0,1,0,1,0
105,0.733,0,0,0,1,1
105,0.724,0,0,0,1,1
105,0.722,0,0,0,1,1
105,0.693,0,0,0,1,1
105,0.545,0,1,0,1,0
105,0.534,0,2,0,1,0
105,0.662,1,2,1,1,0
105,0.939,2,2,2,1,1
105,0.693,0,2,0,1,0
105,0.514,1,1,1,1,1
105,0.542,2,2,2,1,1
105,0.906,1,0,1,1,0
105,0.38,1,0,0,1,0
105,0.776,2,0,2,1,0
105,0.639,1,1,1,1,1
105,0.787,0,0,0,1,1
105,0.897,2,0,2,1,0
105,0.724,1,1,1,1,1
105,0.739,2,1,1,1,0
105,0.77,0,1,0,1,0
105,0.633,1,2,2,1,0
105,0.834,2,1,2,1,0
105,0.879,2,1,2,1,0
105,0.699,2,1,2,1,0
105,0.797,1,1,1,1,1
105,0.45,1,1,1,1,1
105,0.746,0,0,2,1,1
105,0.437,0,1,0,1,0
105,0.836,0,0,0,1,1
105,1.088,2,0,2,1,0
105,0.568,0,1,1,1,0
105,0.699,2,2,2,1,1
105,0.919,0,2,0,1,0
105,1.136,1,2,1,1,0
105,0.848,1,1,1,1,1
105,1.006,0,0,0,1,1
105,0.658,2,2,2,1,1
105,0.792,0,0,2,1,1
105,0.706,2,1,1,1,0
105,0.73,0,0,1,1,1
105,0.618,2,2,2,1,1
105,0.674,0,2,0,1,0
105,0.344,0,2,1,1,0
105,0.43,0,2,2,1,0
105,0.536,2,2,0,1,1
105,0.606,2,2,1,1,1
105,0.168,1,2,2,1,0
105,0.584,2,0,2,1,0
105,0.637,2,0,2,1,0
105,0.569,0,0,1,1,1
105,0.488,1,2,0,1,0
105,0.308,0,0,2,1,1
105,0.608,2,1,1,1,0
105,0.532,2,2,2,1,1
105,0.728,2,0,1,1,0
105,1.176,0,0,1,1,1
105,0.691,0,0,1,1,1
105,0.98,1,0,2,1,0
105,0.839,2,0,0,1,0
105,0.865,1,0,2,1,0
105,0.759,1,1,1,1,1
105,0.694,1,2,1,1,0
105,0.57,1,0,1,1,0
105,0.688,2,2,2,1,1
105,0.469,2,2,0,1,1
105,0.801,1,0,0,1,0
105,0.736,1,2,1,1,0
105,0.755,1,1,1,1,1
105,0.667,1,1,1,1,1
105,1.072,2,2,2,1,1
105,1.168,0,0,0,1,1
105,1.071,2,2,1,1,1
105,0.183,2,2,1,1,1
105,0.685,1,1,1,1,1
105,0.708,1,1,1,1,1
105,0.932,0,1,0,1,0
105,0.697,0,2,0,1,0
105,0.762,2,2,2,1,1
105,0.909,0,0,0,1,1
105,0.946,1,0,1,1,0
105,1.333,2,2,2,1,1
105,0.674,2,1,2,1,0
105,0.817,0,1,0,1,0
105,0.6,2,1,2,1,0
105,0.559,1,1,1,1,1
105,1.21,2,2,1,1,1
105,0.3,2,0,2,1,0
106,0.71,0,2,0,1,0
106,0.672,0,1,0,1,0
106,0.644,1,0,2,1,0
106,0.791,1,1,1,1,1
106,0.649,0,2,0,1,0
106,0.529,0,2,0,1,0
106,0.608,0,2,0,1,0
106,0.639,0,1,0,1,0
106,0.782,1,0,2,1,0
106,0.592,0,0,0,1,1
106,0.578,0,2,0,1,0
106,0.772,1,1,1,1,1
106,0.527,1,1,1,1,1
106,0.649,2,2,2,1,1
106,0.556,2,1,2,1,0
106,0.517,0,0,0,1,1
106,0.711,1,0,2,1,0
106,0.698,2,0,2,1,0
106,0.636,1,1,2,1,1
106,0.598,2,2,2,1,1
106,0.473,1,1,1,1,1
106,0.49,2,2,2,1,1
106,0.595,2,2,2,1,1
106,0.55,0,0,0,1,1
106,0.784,1,2,1,1,0
106,0.634,1,1,1,1,1
106,0.525,0,1,0,1,0
106,0.623,2,0,2,1,0
106,0.577,0,0,0,1,1
106,0.387,0,0,0,1,1
106,0.414,1,0,1,1,0
106,0.496,2,1,2,1,0
106,0.473,2,0,2,1,0
106,0.659,1,0,1,1,0
106,0.454,1,1,1,1,1
106,0.512,0,0,0,1,1
106,0.426,0,1,0,1,0
106,0.593,1,2,2,1,0
106,0.52,0,0,0,1,1
106,0.532,0,1,0,1,0
106,0.446,0,2,0,1,0
106,0.768,1,0,1,1,0
106,0.498,2,2,2,1,1
106,0.714,2,1,2,1,0
106,0.501,0,0,0,1,1
106,0.631,1,1,1,1,1
106,0.546,1,0,1,1,0
106,0.564,0,2,0,1,0
106,0.574,1,2,2,1,0
106,0.512,2,2,2,1,1
106,0.578,1,1,1,1,1
106,0.9,2,0,2,1,0
106,0.751,2,1,2,1,0
106,0.65,2,2,2,1,1
106,0.721,1,2,1,1,0
106,0.715,2,0,2,1,0
106,0.565,1,1,1,1,1
106,0.519,0,1,0,1,0
106,0.558,2,2,2,1,1
106,0.519,1,2,1,1,0
106,0.464,2,2,2,1,1
106,0.522,0,0,0,1,1
106,0.421,0,0,0,1,1
106,0.44,0,0,0,1,1
106,0.538,0,0,0,1,1
106,0.524,2,0,2,1,0
106,0.591,0,2,0,1,0
106,0.705,1,1,1,1,1
106,0.579,2,2,2,1,1
106,0.836,2,2,2,1,1
106,0.558,1,1,1,1,1
106,0.593,2,0,0,1,0
106,0.611,0,0,0,1,1
106,0.606,2,2,2,1,1
106,0.72,1,2,1,1,0
106,0.514,2,2,2,1,1
106,0.516,0,0,0,1,1
106,0.486,0,0,0,1,1
106,0.561,0,1,0,1,0
106,0.419,0,1,0,1,0
106,0.782,2,1,2,1,0
106,0.512,0,0,0,1,1
106,0.554,2,1,2,1,0
106,0.572,1,1,1,1,1
106,0.446,1,1,1,1,1
106,0.465,2,1,2,1,0
106,0.53,2,2,2,1,1
106,0.429,2,0,2,1,0
106,0.415,2,2,2,1,1
106,0.505,1,2,1,1,0
106,0.387,1,0,1,1,0
106,0.485,2,2,2,1,1
106,0.517,1,2,1,1,0
106,0.409,1,1,1,1,1
106,0.409,1,1,1,1,1
107,0.578,2,2,2,1,1
107,0.739,0,1,0,1,0
107,0.649,2,1,2,1,0
107,0.432,2,1,2,1,0
107,0.703,0,1,0,1,0
107,0.733,0,2,0,1,0
107,0.914,1,2,1,1,0
107,0.613,0,0,0,1,1
107,0.547,1,1,1,1,1
107,0.722,0,0,0,1,1
107,0.672,1,0,1,1,0
107,0.494,0,2,0,1,0
107,0.589,0,0,0,1,1
107,0.58,2,2,2,1,1
107,0.545,2,0,2,1,0
107,0.44,2,2,2,1,1
107,0.467,2,2,2,1,1
107,0.474,2,2,2,1,1
107,0.792,1,0,1,1,0
107,0.631,0,2,0,1,0
107,0.839,1,1,1,1,1
107,0.613,2,2,2,1,1
107,0.532,0,0,0,1,1
107,0.514,0,0,0,1,1
107,0.65,1,2,1,1,0
107,0.504,1,2,1,1,0
107,0.443,1,1,1,1,1
107,0.634,2,2,2,1,1
107,0.433,2,2,2,1,1
107,0.423,0,0,0,1,1
107,0.87,2,1,2,1,0
107,0.806,1,0,0,1,0
107,0.572,1,1,1,1,1
107,0.867,2,0,2,1,0
107,0.69,0,0,0,1,1
107,0.718,1,2,1,1,0
107,0.764,2,1,2,1,0
107,0.819,0,2,0,1,0
107,0.584,0,0,0,1,1
107,0.558,2,2,2,1,1
107,0.426,2,2,2,1,1
107,0.545,0,0,0,1,1
107,0.493,0,0,0,1,1
107,0.437,0,1,0,1,0
107,0.416,0,0,0,1,1
107,0.599,2,2,2,1,1
107,0.622,1,1,1,1,1
107,0.957,0,1,0,1,0
107,0.491,2,2,2,1,1
107,0.626,0,2,0,1,0
107,0.865,1,0,1,1,0
107,0.465,1,1,1,1,1
107,0.558,0,0,0,1,1
107,0.577,2,0,2,1,0
107,0.688,2,0,2,1,0
107,0.528,2,1,2,1,0
107,0.74,1,0,1,1,0
107,0.619,2,2,2,1,1
107,0.569,0,2,0,1,0
107,0.721,2,0,2,1,0
107,0.552,1,1,1,1,1
107,0.758,2,0,2,1,0
107,0.609,1,0,1,1,0
107,0.489,1,1,1,1,1
107,0.479,1,2,1,1,0
107,0.437,1,1,1,1,1
107,0.563,0,0,0,1,1
107,0.618,0,1,0,1,0
107,0.672,1,1,1,1,1
107,0.479,1,1,1,1,1
107,0.446,2,2,2,1,1
107,0.569,2,2,2,1,1
107,0.423,2,0,2,1,0
107,0.789,1,2,1,1,0
107,0.756,2,1,2,1,0
107,0.508,0,1,0,1,0
107,0.497,0,0,0,1,1
107,0.532,1,1,1,1,1
107,0.53,1,0,1,1,0
107,0.578,2,0,2,1,0
107,0.811,1,1,1,1,1
107,0.722,0,1,0,1,0
107,0.545,1,1,1,1,1
107,0.473,1,1,1,1,1
107,0.543,0,0,0,1,1
107,0.605,1,0,1,1,0
107,0.661,0,2,1,1,0
107,0.788,2,1,2,1,0
107,0.739,1,2,1,1,0
107,0.93,0,2,0,1,0
107,0.667,1,1,1,1,1
107,0.625,0,0,0,1,1
107,0.608,0,1,0,1,0
107,0.567,2,2,2,1,1
107,0.422,2,1,2,1,0
107,0.612,1,2,1,1,0
108,0.692,0,0,0,1,1
108,1.073,1,2,1,1,0
108,0.67,0,0,0,1,1
108,0.617,0,0,0,1,1
108,0.713,1,1,2,1,1
108,1.427,0,2,0,1,0
108,0.958,2,1,2,1,0
108,0.948,1,0,1,1,0
108,0.587,1,1,1,1,1
108,0.759,2,2,0,1,1
108,0.39,0,0,0,1,1
108,1.199,1,1,1,1,1
108,0.828,2,0,2,1,0
108,0.842,2,0,2,1,0
108,0.816,0,1,0,1,0
108,0.498,0,0,0,1,1
108,0.889,2,0,2,1,0
108,0.723,0,0,0,1,1
108,0.48,0,0,0,1,1
108,0.743,2,2,2,1,1
108,0.47,2,2,2,1,1
108,0.705,0,2,0,1,0
108,1.023,2,2,2,1,1
108,0.823,2,0,2,1,0
108,1.387,2,0,1,1,0
108,0.784,1,2,1,1,0
108,0.675,1,2,1,1,0
108,1.027,2,1,2,1,0
108,1.321,1,1,1,1,1
108,0.928,1,0,1,1,0
108,0.743,0,0,0,1,1
108,0.885,0,2,0,1,0
108,0.711,0,2,0,1,0
108,1.115,1,2,1,1,0
108,0.683,1,1,1,1,1
108,0.638,0,1,0,1,0
108,0.654,0,2,0,1,0
108,0.53,0,2,0,1,0
108,0.823,1,1,1,1,1
108,0.568,2,2,2,1,1
108,0.927,1,0,1,1,0
108,0.825,1,2,1,1,0
108,0.751,2,1,2,1,0
108,0.738,0,1,0,1,0
108,1.085,2,2,1,1,1
108,0.618,1,0,0,1,0
108,0.626,0,0,0,1,1
108,0.866,2,2,2,1,1
108,0.859,1,2,1,1,0
108,1.03,2,2,2,1,1
108,0.625,0,0,0,1,1
108,0.439,1,1,1,1,1
108,0.528,2,1,2,1,0
108,0.684,0,1,0,1,0
108,0.779,1,1,1,1,1
108,0.747,2,2,2,1,1
108,0.597,1,1,1,1,1
108,0.624,0,1,0,1,0
108,0.841,0,1,0,1,0
108,0.594,0,1,0,1,0
108,1.038,1,1,1,1,1
108,0.618,2,2,2,1,1
108,0.916,2,0,2,1,0
108,0.626,2,2,2,1,1
108,0.693,0,0,0,1,1
108,0.46,0,0,0,1,1
108,1.003,0,2,0,1,0
108,0.739,1,0,1,1,0
108,0.718,2,1,2,1,0
108,0.732,0,2,0,1,0
108,0.539,0,0,0,1,1
108,0.583,0,0,0,1,1
108,0.641,1,1,1,1,1
108,0.9,1,0,1,1,0
108,0.437,1,1,1,1,1
108,0.49,1,1,1,1,1
108,0.942,1,0,1,1,0
108,0.548,2,2,2,1,1
108,0.82,1,1,1,1,1
108,0.714,2,1,2,1,0
108,0.8,2,0,2,1,0
108,0.798,2,1,2,1,0
108,0.694,2,2,2,1,1
108,0.568,2,2,2,1,1
108,0.692,1,1,1,1,1
108,0.84,0,1,0,1,0
108,0.673,0,0,0,1,1
108,0.523,0,0,0,1,1
108,0.868,2,2,2,1,1
108,0.702,2,0,2,1,0
108,1.152,2,1,2,1,0
109,1.036,0,1,0,1,0
109,0.616,2,2,2,1,1
109,0.648,1,1,1,1,1
109,0.678,1,2,1,1,0
109,0.698,0,0,0,1,1
109,0.679,1,1,1,1,1
109,0.535,1,1,1,1,1
109,0.76,0,2,0,1,0
109,0.542,0,0,0,1,1
109,0.751,1,2,1,1,0
109,0.476,2,2,2,1,1
109,0.623,1,1,1,1,1
109,0.834,0,1,0,1,0
109,0.766,2,0,2,1,0
109,0.628,1,1,1,1,1
109,0.743,0,1,0,1,0
109,0.579,0,1,0,1,0
109,0.632,2,2,2,1,1
109,0.761,1,0,0,1,0
109,0.611,0,1,0,1,0
109,0.613,2,2,2,1,1
109,0.644,0,0,0,1,1
109,0.756,1,0,1,1,0
109,0.552,1,1,1,1,1
109,0.61,1,1,1,1,1
109,0.55,1,1,1,1,1
109,0.781,1,0,1,1,0
109,0.839,1,2,1,1,0
109,0.577,1,1,1,1,1
109,0.571,2,0,2,1,0
109,0.713,0,2,0,1,0
109,0.723,1,1,1,1,1
109,0.638,2,2,2,1,1
109,0.552,2,2,2,1,1
109,0.787,1,0,1,1,0
109,0.869,1,2,1,1,0
109,0.695,0,0,0,1,1
109,0.963,2,1,2,1,0
109,0.601,2,2,2,1,1
109,0.762,2,1,2,1,0
109,0.543,2,2,2,1,1
109,0.668,0,0,0,1,1
109,0.58,0,0,0,1,1
109,0.477,0,0,0,1,1
109,0.552,0,0,0,1,1
109,0.892,2,1,2,1,0
109,0.788,2,1,2,1,0
109,0.951,2,0,2,1,0
109,0.992,0,2,0,1,0
109,0.988,2,2,2,1,1
109,0.7,1,2,1,1,0
109,0.703,0,2,0,1,0
109,0.972,2,2,2,1,1
109,0.989,2,1,2,1,0
109,0.622,0,0,0,1,1
109,1,2,1,2,1,0
109,1.033,2,2,2,1,1
109,0.981,1,0,1,1,0
109,0.788,1,1,1,1,1
109,0.709,0,0,0,1,1
109,0.655,0,1,0,1,0
109,0.987,1,0,1,1,0
109,0.627,2,2,2,1,1
109,0.845,1,2,1,1,0
109,0.599,0,0,0,1,1
109,0.722,1,1,1,1,1
109,0.802,2,1,2,1,0
109,0.915,2,2,2,1,1
109,0.723,0,2,0,1,0
109,0.685,1,1,1,1,1
109,0.574,1,1,1,1,1
109,0.578,0,0,0,1,1
109,0.715,2,0,2,1,0
109,0.877,0,1,0,1,0
109,1.183,1,1,1,1,1
109,0.738,0,0,0,1,1
109,0.925,2,0,2,1,0
109,0.81,1,0,1,1,0
109,0.833,0,0,0,1,1
109,0.716,2,2,2,1,1
109,1.013,2,0,2,1,0
109,0.649,2,2,2,1,1
109,0.816,0,2,0,1,0
109,0.757,0,1,0,1,0
109,0.672,1,0,2,1,0
109,0.83,2,0,2,1,0
109,1.039,0,2,0,1,0
109,0.554,0,0,0,1,1
109,0.844,1,2,1,1,0
109,0.696,0,0,0,1,1
109,0.665,0,2,0,1,0
109,0.828,1,2,1,1,0
109,0.83,2,0,2,1,0
109,1.083,1,1,1,1,1
109,0.789,2,2,2,1,1
109,0.91,2,1,2,1,0
110,0.689,2,2,2,1,1
110,0.619,0,0,0,1,1
110,1.42,2,1,2,1,0
110,0.714,2,2,2,1,1
110,0.732,1,0,1,1,0
110,1.101,2,0,2,1,0
110,0.684,0,1,0,1,0
110,1.262,1,1,1,1,1
110,1.068,2,0,2,1,0
110,0.426,0,0,0,1,1
110,0.519,2,2,2,1,1
110,0.698,0,2,0,1,0
110,1.268,0,2,0,1,0
110,1.123,1,2,1,1,0
110,0.97,1,1,1,1,1
110,0.721,1,2,1,1,0
110,0.706,2,0,2,1,0
110,0.886,2,1,1,1,0
110,0.718,1,1,1,1,1
110,0.808,0,1,0,1,0
110,0.564,0,0,0,1,1
110,0.797,0,1,0,1,0
110,0.92,0,2,0,1,0
110,0.834,2,2,2,1,1
110,0.79,1,1,1,1,1
110,0.621,0,0,0,1,1
110,0.773,2,2,2,1,1
110,0.717,2,1,2,1,0
110,0.616,1,1,1,1,1
110,1.493,1,1,1,1,1
110,0.672,2,2,2,1,1
110,0.872,1,1,1,1,1
110,0.641,1,1,1,1,1
110,0.684,0,0,0,1,1
110,0.684,0,0,0,1,1
110,0.908,1,2,1,1,0
110,0.66,2,1,2,1,0
110,0.728,2,2,2,1,1
110,0.652,2,2,2,1,1
110,0.645,1,0,1,1,0
110,1.279,2,2,2,1,1
110,0.646,0,0,0,1,1
110,0.747,2,2,2,1,1
110,0.573,1,2,1,1,0
110,0.634,2,1,2,1,0
110,0.564,0,0,0,1,1
110,0.674,2,2,2,1,1
110,0.689,1,2,1,1,0
110,1.326,1,0,1,1,0
110,0.796,1,0,1,1,0
110,0.607,1,1,1,1,1
110,0.616,2,1,2,1,0
110,0.743,0,2,0,1,0
110,0.544,2,2,2,1,1
110,1.338,0,0,0,1,1
110,0.663,0,0,0,1,1
110,0.921,2,2,2,1,1
110,0.695,1,2,1,1,0
110,0.903,2,0,2,1,0
110,0.753,2,0,2,1,0
110,0.607,0,1,0,1,0
110,0.965,1,1,1,1,1
110,0.583,2,0,2,1,0
110,0.899,1,1,1,1,1
110,0.635,2,0,2,1,0
110,0.808,2,1,2,1,0
110,1.338,1,0,1,1,0
110,0.627,1,1,1,1,1
110,0.958,0,0,0,1,1
110,1.206,1,1,1,1,1
110,0.678,0,2,0,1,0
110,0.697,1,1,1,1,1
110,0.739,1,0,1,1,0
110,0.636,2,0,2,1,0
110,0.627,1,1,1,1,1
110,0.76,0,1,0,1,0
110,1.314,1,2,1,1,0
110,0.734,2,1,2,1,0
110,0.629,2,2,2,1,1
110,1.42,1,1,1,1,1
110,0.698,0,1,0,1,0
110,1.046,0,0,0,1,1
110,0.731,0,2,0,1,0
110,0.928,0,0,0,1,1
110,1.131,0,0,0,1,1
110,0.829,0,2,0,1,0
110,0.882,0,2,0,1,0
110,1.269,1,2,1,1,0
110,0.639,0,0,0,1,1
110,0.588,0,1,0,1,0
110,0.424,2,2,2,1,1
110,0.65,0,1,0,1,0
110,0.571,0,0,0,1,1
110,0.467,2,2,2,1,1
111,1.315,1,1,1,1,1
111,0.545,1,1,1,1,1
111,0.651,2,2,2,1,1
111,0.451,0,0,0,1,1
111,0.697,0,1,0,1,0
111,0.801,2,1,2,1,0
111,0.65,1,0,0,1,0
111,0.93,1,1,2,1,1
111,0.911,0,2,0,1,0
111,0.984,1,2,1,1,0
111,1.125,1,1,1,1,1
111,0.962,2,2,2,1,1
111,1.452,1,1,1,1,1
111,1.443,1,0,1,1,0
111,1.078,2,1,2,1,0
111,0.918,0,1,0,1,0
111,0.703,0,0,0,1,1
111,1.043,0,1,0,1,0
111,0.853,0,0,0,1,1
111,0.613,0,0,0,1,1
111,0.916,2,1,2,1,0
111,0.769,1,2,1,1,0
111,0.864,0,2,0,1,0
111,0.594,0,0,0,1,1
111,0.657,1,1,1,1,1
111,0.824,1,0,0,1,0
111,0.92,0,1,0,1,0
111,0.512,0,0,0,1,1
111,1.015,2,0,2,1,0
111,0.977,2,0,2,1,0
111,0.93,1,0,1,1,0
111,0.408,1,1,1,1,1
111,0.712,0,1,0,1,0
111,0.863,2,2,2,1,1
111,1.072,0,2,1,1,0
111,0.912,1,0,1,1,0
111,1.339,1,1,1,1,1
111,0.759,0,2,0,1,0
111,0.716,0,0,0,1,1
111,0.983,2,2,2,1,1
111,0.643,0,0,0,1,1
111,0.479,2,2,2,1,1
111,0.997,2,0,2,1,0
111,1.143,1,1,1,1,1
111,0.727,0,0,0,1,1
111,0.978,2,2,2,1,1
111,0.812,0,2,0,1,0
111,0.81,2,2,2,1,1
111,1.395,1,1,1,1,1
111,0.977,2,0,2,1,0
111,1.089,0,2,0,1,0
111,1.19,2,2,2,1,1
111,0.845,0,1,0,1,0
111,0.972,1,1,1,1,1
111,0.806,2,2,2,1,1
111,1.149,2,1,2,1,0
111,0.643,0,0,0,1,1
111,0.865,2,0,2,1,0
111,0.706,2,2,2,1,1
111,1.263,1,2,1,1,0
111,1.223,1,1,1,1,1
111,1.4,1,0,1,1,0
111,1.286,0,1,0,1,0
111,0.794,2,2,2,1,1
111,1.089,1,2,1,1,0
111,0.897,2,2,2,1,1
111,0.982,2,1,1,1,0
111,1.335,2,0,1,1,0
111,1.177,2,0,2,1,0
111,0.646,0,0,0,1,1
111,0.798,0,0,0,1,1
111,1.241,2,1,2,1,0
111,0.71,2,2,2,1,1
111,1.247,1,1,1,1,1
111,1.069,0,0,0,1,1
111,1.273,1,0,1,1,0
111,1.105,1,2,1,1,0
111,1.319,0,1,0,1,0
111,1.439,2,2,2,1,1
111,0.81,1,2,1,1,0
111,0.834,1,0,1,1,0
111,0.895,2,1,2,1,0
111,0.763,1,1,1,1,1
111,1.08,0,2,0,1,0
111,0.803,0,0,0,1,1
111,1.124,1,2,2,1,0
111,1.465,2,0,0,1,0
111,1.239,1,1,1,1,1
111,1.206,2,1,1,1,0
111,1.031,1,1,1,1,1
111,0.756,2,2,2,1,1
112,0.877,1,2,1,1,0
112,0.748,0,2,2,1,0
112,1.009,2,0,2,1,0
112,0.94,0,1,0,1,0
112,0.958,1,2,1,1,0
112,0.759,2,2,2,1,1
112,0.992,1,2,1,1,0
112,0.59,0,0,0,1,1
112,0.581,0,2,0,1,0
112,0.704,2,0,2,1,0
112,0.86,2,2,2,1,1
112,0.609,1,1,1,1,1
112,0.906,1,2,1,1,0
112,1.327,2,1,2,1,0
112,0.635,0,1,0,1,0
112,1.077,2,2,2,1,1
112,0.848,2,2,2,1,1
112,0.784,2,2,2,1,1
112,0.563,0,0,0,1,1
112,0.721,1,1,1,1,1
112,0.721,1,0,0,1,0
112,0.648,0,0,0,1,1
112,0.646,0,0,0,1,1
112,1.164,0,2,0,1,0
112,1.039,1,1,1,1,1
112,0.515,1,1,1,1,1
112,0.645,2,2,2,1,1
112,0.653,0,0,0,1,1
112,0.98,2,0,2,1,0
112,0.763,0,0,0,1,1
112,0.782,1,1,1,1,1
112,0.92,1,0,1,1,0
112,0.883,0,0,0,1,1
112,0.813,2,2,2,1,1
112,0.892,0,1,0,1,0
112,0.559,2,2,2,1,1
112,0.716,0,1,0,1,0
112,0.729,0,0,0,1,1
112,0.7,2,0,2,1,0
112,0.923,1,1,1,1,1
112,0.591,1,0,1,1,0
112,0.812,2,0,2,1,0
112,0.704,0,0,0,1,1
112,0.693,0,0,0,1,1
112,1.027,1,0,1,1,0
112,0.607,0,0,0,1,1
112,0.538,2,2,2,1,1
112,0.782,1,2,1,1,0
112,0.591,1,1,1,1,1
112,0.734,0,1,0,1,0
112,0.804,1,1,1,1,1
112,0.76,2,2,2,1,1
112,1.114,2,0,0,1,0
112,0.597,1,1,1,1,1
112,0.873,0,0,0,1,1
112,0.767,2,2,2,1,1
112,1.204,1,0,1,1,0
112,0.674,2,2,2,1,1
112,0.79,0,0,0,1,1
112,0.669,2,2,2,1,1
112,0.934,0,2,0,1,0
112,0.779,2,0,1,1,0
112,0.753,1,1,1,1,1
112,1.188,2,1,2,1,0
112,0.751,1,1,1,1,1
112,0.601,1,1,1,1,1
112,0.936,0,1,0,1,0
112,0.927,2,1,2,1,0
112,0.748,0,2,0,1,0
112,1.18,2,1,2,1,0
112,0.989,0,2,0,1,0
112,0.68,0,0,0,1,1
112,0.957,2,1,2,1,0
112,0.802,2,0,2,1,0
112,0.685,0,1,0,1,0
112,0.529,0,0,0,1,1
112,0.503,2,2,2,1,1
112,0.86,1,2,1,1,0
112,0.683,1,0,1,1,0
112,0.783,0,2,2,1,0
112,0.563,2,2,2,1,1
112,0.677,0,0,0,1,1
112,0.599,2,2,2,1,1
112,0.867,1,2,1,1,0
112,0.683,1,2,1,1,0
112,1.121,0,1,0,1,0
112,0.532,1,1,0,1,1
112,1.203,1,0,1,1,0
112,0.546,1,1,1,1,1
112,0.706,2,1,2,1,0
112,0.919,1,0,1,1,0
112,0.525,1,1,1,1,1
112,0.68,1,1,1,1,1
112,0.593,2,1,2,1,0
112,0.724,2,1,2,1,0
112,0.858,0,2,0,1,0
113,0.983,2,2,2,1,1
113,0.605,0,1,0,1,0
113,0.772,2,1,2,1,0
113,0.621,2,2,2,1,1
113,0.535,1,1,1,1,1
113,0.541,2,1,2,1,0
113,0.937,0,2,0,1,0
113,0.483,1,1,1,1,1
113,0.505,2,0,2,1,0
113,0.493,2,0,2,1,0
113,0.547,1,1,1,1,1
113,0.58,0,1,2,1,0
113,0.463,0,2,0,1,0
113,0.469,0,0,0,1,1
113,0.564,1,1,1,1,1
113,0.402,0,0,0,1,1
113,0.478,2,2,2,1,1
113,0.554,2,0,2,1,0
113,0.62,0,0,0,1,1
113,0.594,1,2,1,1,0
113,0.592,2,2,2,1,1
113,0.901,1,2,1,1,0
113,0.767,0,2,0,1,0
113,0.744,2,0,2,1,0
113,0.851,2,0,2,1,0
113,0.686,2,2,2,1,1
113,0.435,2,2,2,1,1
113,0.4,1,0,1,1,0
113,0.46,2,2,2,1,1
113,0.474,2,2,2,1,1
113,0.456,1,2,1,1,0
113,0.599,0,2,0,1,0
113,0.45,0,0,0,1,1
113,0.64,1,1,1,1,1
113,0.383,2,1,2,1,0
113,0.515,2,2,2,1,1
113,0.892,0,1,0,1,0
113,0.454,0,0,0,1,1
113,0.411,0,0,0,1,1
113,0.531,0,2,0,1,0
113,0.436,0,2,0,1,0
113,0.738,1,0,1,1,0
113,0.63,1,1,1,1,1
113,0.618,2,1,2,1,0
113,0.555,0,1,1,1,0
113,0.529,1,0,1,1,0
113,0.728,2,1,0,1,0
113,0.656,1,1,1,1,1
113,0.653,2,0,2,1,0
113,0.804,0,1,0,1,0
113,0.612,0,0,0,1,1
113,0.434,0,0,0,1,1
113,0.42,2,0,2,1,0
113,0.539,0,2,0,1,0
113,0.368,0,0,0,1,1
113,0.907,1,1,1,1,1
113,0.439,0,0,0,1,1
113,0.381,2,2,2,1,1
113,0.388,0,1,0,1,0
113,0.472,0,0,0,1,1
113,0.535,1,1,1,1,1
113,0.64,2,2,2,1,1
113,0.601,1,1,1,1,1
113,0.548,1,1,1,1,1
113,0.733,1,2,1,1,0
113,0.489,1,1,1,1,1
113,0.587,1,2,1,1,0
113,0.697,0,1,2,1,0
113,0.611,1,0,1,1,0
113,0.734,2,1,2,1,0
113,0.377,0,1,0,1,0
113,0.437,2,0,2,1,0
113,0.532,1,1,1,1,1
113,0.578,0,0,0,1,1
113,0.45,2,2,1,1,1
113,0.587,2,2,2,1,1
113,0.637,1,0,1,1,0
113,0.496,1,0,1,1,0
113,0.409,2,1,2,1,0
113,0.669,1,0,1,1,0
113,0.432,1,1,1,1,1
113,0.459,1,1,1,1,1
113,0.429,1,0,1,1,0
113,0.667,2,2,2,1,1
113,0.655,1,2,1,1,0
113,0.439,1,2,1,1,0
113,0.528,0,0,0,1,1
113,0.478,1,1,1,1,1
113,0.336,1,2,1,1,0
113,0.412,0,0,0,1,1
113,0.516,2,2,2,1,1
113,0.394,2,2,2,1,1
113,0.856,0,0,0,1,1
113,0.491,0,0,0,1,1
113,0.623,2,1,2,1,0
114,0.691,2,1,2,1,0
114,0.874,1,2,1,1,0
114,0.935,2,1,2,1,0
114,0.706,1,2,1,1,0
114,0.583,0,0,0,1,1
114,0.694,1,1,1,1,1
114,0.645,2,2,2,1,1
114,0.501,0,0,0,1,1
114,0.707,1,1,1,1,1
114,0.607,0,0,0,1,1
114,0.541,0,0,0,1,1
114,0.725,1,0,1,1,0
114,0.555,2,2,2,1,1
114,0.61,0,2,0,1,0
114,0.674,2,2,1,1,1
114,0.76,1,0,2,1,0
114,0.714,1,2,1,1,0
114,0.721,2,0,2,1,0
114,0.987,2,2,2,1,1
114,0.664,2,0,2,1,0
114,0.443,2,2,2,1,1
114,0.835,2,0,2,1,0
114,0.55,0,0,0,1,1
114,0.563,2,2,2,1,1
114,0.554,2,2,2,1,1
114,0.614,1,1,1,1,1
114,0.821,0,1,0,1,0
114,0.701,1,2,1,1,0
114,0.52,1,2,1,1,0
114,0.66,2,2,2,1,1
114,0.695,2,1,2,1,0
114,0.56,2,2,2,1,1
114,0.516,0,0,0,1,1
114,0.528,0,1,0,1,0
114,0.773,2,2,2,1,1
114,0.425,2,1,2,1,0
114,0.482,2,2,2,1,1
114,0.578,1,0,1,1,0
114,0.469,1,0,2,1,0
114,0.972,2,1,2,1,0
114,0.755,1,2,1,1,0
114,0.41,1,1,1,1,1
114,0.669,0,0,0,1,1
114,0.442,0,2,0,1,0
114,0.84,1,1,1,1,1
114,0.604,2,2,2,1,1
114,0.724,1,1,1,1,1
114,0.763,2,0,2,1,0
114,0.675,0,2,0,1,0
114,0.612,1,1,1,1,1
114,0.595,1,1,1,1,1
114,0.65,0,1,0,1,0
114,0.57,1,1,1,1,1
114,0.758,2,0,2,1,0
114,0.582,0,0,0,1,1
114,1.164,1,0,1,1,0
114,0.677,0,1,0,1,0
114,0.431,0,0,0,1,1
114,0.491,0,0,0,1,1
114,0.603,1,2,1,1,0
114,0.721,0,0,0,1,1
114,0.726,1,0,1,1,0
114,0.619,0,2,0,1,0
114,0.553,0,2,0,1,0
114,0.862,2,0,1,1,0
114,0.777,0,0,0,1,1
114,0.379,0,0,0,1,1
114,0.593,0,2,0,1,0
114,0.637,2,0,2,1,0
114,0.452,2,1,2,1,0
114,0.552,0,0,0,1,1
114,1.13,1,2,1,1,0
114,0.804,2,2,2,1,1
114,0.622,2,2,2,1,1
114,0.701,1,1,1,1,1
114,0.616,0,2,0,1,0
114,0.76,1,1,1,1,1
114,0.608,2,1,2,1,0
114,0.887,0,1,0,1,0
114,0.767,0,2,0,1,0
114,0.792,1,0,1,1,0
114,0.79,0,0,0,1,1
114,0.438,0,1,0,1,0
114,0.85,2,2,2,1,1
114,0.904,1,1,1,1,1
114,0.571,1,1,1,1,1
114,0.569,1,1,1,1,1
114,1.101,2,2,2,1,1
114,0.825,0,1,0,1,0
114,0.579,0,1,0,1,0
114,0.769,2,1,2,1,0
114,0.541,0,0,0,1,1
114,1.149,1,1,1,1,1
114,0.476,1,0,1,1,0
115,0.848,1,1,2,1,1
115,1.072,2,2,1,1,1
115,0.874,0,1,0,1,0
115,0.985,2,0,2,1,0
115,1.098,0,1,0,1,0
115,0.979,1,1,1,1,1
115,0.909,0,0,0,1,1
115,0.807,0,1,0,1,0
115,0.949,2,0,2,1,0
115,1.058,0,0,0,1,1
115,0.988,0,1,0,1,0
115,0.783,0,2,0,1,0
115,1.116,1,1,2,1,1
115,1.445,0,1,0,1,0
115,1.305,2,1,2,1,0
115,1.116,0,0,0,1,1
115,1.211,1,2,1,1,0
115,0.979,1,0,1,1,0
115,0.761,1,0,1,1,0
115,1.074,0,2,0,1,0
115,0.755,0,1,0,1,0
115,0.948,2,2,2,1,1
115,0.917,0,0,0,1,1
115,1.022,2,1,1,1,0
115,0.763,1,1,2,1,1
115,1.015,1,2,1,1,0
115,0.984,1,0,1,1,0
115,0.813,1,1,1,1,1
115,0.867,2,2,2,1,1
115,0.971,2,1,2,1,0
115,0.973,0,0,0,1,1
115,1.28,1,1,1,1,1
115,1.347,1,1,1,1,1
115,0.989,2,2,1,1,1
115,1.371,2,2,2,1,1
115,1.054,0,0,0,1,1
115,1.355,0,2,0,1,0
115,1.211,2,1,2,1,0
115,1.191,1,0,0,1,0
115,1.093,0,0,0,1,1
115,1.415,1,2,2,1,0
115,1.426,2,2,1,1,1
115,0.991,0,2,0,1,0
115,1.392,1,2,1,1,0
115,0.875,0,0,0,1,1
115,0.881,0,2,0,1,0
115,1.286,1,2,1,1,0
115,0.962,1,2,1,1,0
115,1.342,2,2,2,1,1
115,0.989,0,0,0,1,1
115,0.749,0,0,0,1,1
115,0.997,1,1,1,1,1
115,1.29,2,0,2,1,0
115,0.898,0,0,1,1,1
115,0.804,2,2,2,1,1
115,0.912,0,0,0,1,1
115,1.372,2,2,2,1,1
115,0.84,0,0,0,1,1
115,1.171,2,2,2,1,1
115,1.002,2,1,1,1,0
115,1.133,2,0,2,1,0
115,1.434,1,1,1,1,1
115,1.27,0,1,0,1,0
115,1.118,2,2,2,1,1
115,1.092,2,1,2,1,0
115,0.822,0,0,0,1,1
115,1.224,2,0,1,1,0
115,1.136,0,2,0,1,0
115,0.992,0,0,0,1,1
115,0.622,0,0,0,1,1
115,0.894,1,1,1,1,1
115,0.731,1,1,1,1,1
115,1.378,2,2,2,1,1
115,1.121,1,0,0,1,0
115,1.074,0,2,0,1,0
115,1.36,1,1,2,1,1
115,0.777,1,1,1,1,1
115,1.407,2,0,2,1,0
115,1.09,2,2,0,1,1
115,1.343,2,0,0,1,0
115,1.125,1,0,1,1,0
115,1.067,1,1,1,1,1
115,0.782,1,1,1,1,1
115,1.093,1,2,1,1,0
116,0.811,2,2,2,1,1
116,0.775,1,0,1,1,0
116,0.668,2,2,2,1,1
116,0.612,0,0,0,1,1
116,0.585,2,2,2,1,1
116,0.664,2,2,2,1,1
116,0.453,2,2,2,1,1
116,1.088,2,1,2,1,0
116,0.561,0,0,0,1,1
116,0.689,2,2,2,1,1
116,0.604,2,2,2,1,1
116,0.686,1,1,1,1,1
116,0.896,1,1,1,1,1
116,1.324,0,2,0,1,0
116,0.924,2,1,2,1,0
116,0.903,2,0,2,1,0
116,0.822,0,2,0,1,0
116,0.643,2,2,2,1,1
116,0.902,1,0,1,1,0
116,0.51,0,0,0,1,1
116,0.624,0,0,0,1,1
116,1.27,2,2,2,1,1
116,0.596,0,0,0,1,1
116,0.867,1,2,1,1,0
116,0.808,0,0,0,1,1
116,0.726,0,2,0,1,0
116,0.764,1,2,1,1,0
116,0.526,2,0,2,1,0
116,0.722,0,2,0,1,0
116,1.152,0,1,0,1,0
116,0.972,1,1,1,1,1
116,0.995,2,1,2,1,0
116,0.777,2,2,2,1,1
116,0.843,0,1,0,1,0
116,0.568,0,0,0,1,1
116,0.646,2,2,2,1,1
116,0.716,0,2,0,1,0
116,0.618,2,2,2,1,1
116,0.741,0,1,0,1,0
116,0.787,1,2,1,1,0
116,0.664,1,1,1,1,1
116,0.668,0,2,0,1,0
116,0.514,0,0,0,1,1
116,0.618,1,1,1,1,1
116,0.625,0,0,0,1,1
116,0.703,0,0,0,1,1
116,0.925,1,0,1,1,0
116,0.999,2,1,2,1,0
116,0.691,0,1,0,1,0
116,0.947,2,1,2,1,0
116,0.664,1,2,1,1,0
116,0.839,1,2,1,1,0
116,0.62,2,2,2,1,1
116,1.083,2,1,2,1,0
116,0.494,1,1,1,1,1
116,0.804,0,1,0,1,0
116,0.96,2,2,2,1,1
116,0.672,1,1,1,1,1
116,0.572,1,1,1,1,1
116,0.995,0,2,0,1,0
116,1.029,2,0,2,1,0
116,0.835,0,0,0,1,1
116,0.777,1,1,1,1,1
116,0.88,0,1,0,1,0
116,1.086,1,0,1,1,0
116,0.643,0,0,0,1,1
116,0.93,2,2,2,1,1
116,1.054,2,0,2,1,0
116,0.607,1,1,1,1,1
116,0.778,1,0,1,1,0
116,0.584,2,2,2,1,1
116,0.561,0,0,0,1,1
116,1.014,1,0,1,1,0
116,0.852,2,0,2,1,0
116,0.65,1,1,1,1,1
116,1.017,2,0,2,1,0
116,1.288,0,2,0,1,0
116,1.143,1,0,1,1,0
116,0.932,1,2,1,1,0
116,1.036,2,1,2,1,0
116,0.905,1,2,1,1,0
116,0.72,1,1,1,1,1
116,0.574,1,1,1,1,1
116,0.85,0,1,0,1,0
116,0.527,1,1,1,1,1
116,0.508,1,1,1,1,1
116,0.776,0,0,1,1,1
116,0.456,1,1,1,1,1
116,1.128,1,2,2,1,0
116,0.734,0,0,0,1,1
116,0.783,0,1,0,1,0
116,0.66,0,0,0,1,1
116,0.764,2,0,2,1,0
116,0.672,1,0,1,1,0
116,1.247,2,1,2,1,0
117,1.335,1,2,1,1,0
117,0.878,1,1,1,1,1
117,0.454,1,1,1,1,1
117,1.33,1,2,1,1,0
117,0.622,1,0,1,1,0
117,0.993,0,2,0,1,0
117,0.569,0,0,0,1,1
117,1.046,1,2,1,1,0
117,1.005,2,1,2,1,0
117,0.847,0,0,0,1,1
117,0.981,1,0,1,1,0
117,0.997,0,2,0,1,0
117,0.886,1,1,1,1,1
117,1.086,1,0,1,1,0
117,0.972,0,1,0,1,0
117,0.959,2,0,2,1,0
117,1.27,0,2,0,1,0
117,1.208,2,1,1,1,0
117,0.846,0,0,0,1,1
117,1.214,0,1,0,1,0
117,0.909,2,2,2,1,1
117,0.885,0,0,0,1,1
117,1.43,2,2,2,1,1
117,1.003,1,0,1,1,0
117,0.842,1,2,1,1,0
117,1.066,0,2,0,1,0
117,0.79,0,0,0,1,1
117,0.943,2,2,2,1,1
117,0.832,2,0,2,1,0
117,0.965,0,0,0,1,1
117,1.176,0,2,0,1,0
117,0.493,0,0,0,1,1
117,0.934,2,2,2,1,1
117,0.824,0,0,0,1,1
117,1.097,2,2,2,1,1
117,1.074,1,1,1,1,1
117,0.932,1,0,1,1,0
117,0.521,0,0,0,1,1
117,0.764,1,1,1,1,1
117,0.584,1,0,1,1,0
117,0.429,1,1,1,1,1
117,0.971,2,1,2,1,0
117,1.124,0,0,0,1,1
117,0.472,0,0,0,1,1
117,0.847,2,2,2,1,1
117,1.147,1,2,1,1,0
117,0.461,1,1,1,1,1
117,0.946,2,1,2,1,0
117,0.493,2,2,2,1,1
117,0.802,2,0,2,1,0
117,0.456,2,1,2,1,0
117,1.383,1,0,0,1,0
117,1.185,1,1,1,1,1
117,0.869,0,0,0,1,1
117,1.058,2,2,2,1,1
117,1.275,1,2,1,1,0
117,0.882,0,0,0,1,1
117,1.018,2,2,2,1,1
117,1.04,2,0,2,1,0
117,1.198,1,0,1,1,0
117,0.97,2,1,2,1,0
117,0.709,2,1,2,1,0
117,0.547,2,1,2,1,0
117,0.528,2,0,2,1,0
117,1.017,0,2,0,1,0
117,1.131,0,1,0,1,0
117,0.947,0,2,0,1,0
117,0.965,2,2,2,1,1
117,0.819,2,0,2,1,0
117,0.879,0,0,0,1,1
117,0.848,2,2,2,1,1
117,0.75,2,0,2,1,0
117,0.921,1,1,1,1,1
117,1.004,0,1,0,1,0
117,0.684,1,1,1,1,1
117,0.646,1,1,1,1,1
117,0.733,2,2,2,1,1
117,0.877,0,0,0,1,1
117,0.959,1,2,1,1,0
117,0.862,2,2,2,1,1
117,0.945,0,2,0,1,0
117,0.98,1,2,1,1,0
117,1.078,0,1,0,1,0
117,0.892,2,2,2,1,1
117,0.933,1,1,1,1,1
117,1.014,0,1,0,1,0
117,1.072,1,1,1,1,1
117,0.594,1,1,1,1,1
117,0.753,0,0,0,1,1
117,0.762,1,1,1,1,1
117,0.928,2,0,2,1,0
117,0.524,2,2,2,1,1
117,0.83,1,1,1,1,1
117,1.038,2,2,2,1,1
118,0.619,0,0,0,1,1
118,0.684,1,1,1,1,1
118,0.533,2,2,2,1,1
118,0.91,1,2,1,1,0
118,0.831,1,0,1,1,0
118,1.391,0,1,0,1,0
118,0.685,0,0,0,1,1
118,0.63,0,0,0,1,1
118,0.926,2,0,2,1,0
118,1.174,2,1,2,1,0
118,1.152,0,2,0,1,0
118,0.881,1,1,1,1,1
118,1.418,1,0,1,1,0
118,0.618,2,2,2,1,1
118,1.082,0,1,0,1,0
118,0.795,0,0,0,1,1
118,1.116,2,1,2,1,0
118,0.908,0,0,0,1,1
118,1.22,2,2,2,1,1
118,0.789,0,0,0,1,1
118,0.575,2,2,2,1,1
118,0.662,1,1,1,1,1
118,0.655,1,1,1,1,1
118,0.848,1,1,1,1,1
118,1.216,2,0,2,1,0
118,1.041,1,1,1,1,1
118,0.714,2,2,2,1,1
118,1.146,1,2,1,1,0
118,0.731,0,1,0,1,0
118,0.78,2,1,2,1,0
118,0.925,1,0,1,1,0
118,0.821,0,0,0,1,1
118,0.663,2,1,2,1,0
118,0.816,1,0,1,1,0
118,0.545,1,1,1,1,1
118,0.753,1,0,1,1,0
118,1.2,2,1,2,1,0
118,0.719,2,0,2,1,0
118,0.752,1,2,1,1,0
118,0.968,2,0,2,1,0
118,0.633,1,1,1,1,1
118,0.688,0,1,0,1,0
118,0.538,2,2,2,1,1
118,1.018,0,2,0,1,0
118,0.739,0,0,0,1,1
118,0.731,1,1,1,1,1
118,0.636,1,1,1,1,1
118,0.596,1,1,1,1,1
118,1.062,0,0,0,1,1
118,0.599,0,0,0,1,1
118,0.824,1,0,1,1,0
118,0.742,2,1,2,1,0
118,0.927,2,0,2,1,0
118,0.552,2,2,2,1,1
118,0.513,2,0,2,1,0
118,0.961,0,2,0,1,0
118,0.618,1,1,1,1,1
118,0.876,2,2,2,1,1
118,0.923,2,2,2,1,1
118,0.724,0,0,0,1,1
118,0.508,0,0,0,1,1
118,0.71,1,0,1,1,0
118,0.694,1,0,1,1,0
118,0.975,2,2,2,1,1
118,0.648,2,2,2,1,1
118,0.809,2,2,2,1,1
118,0.431,2,2,2,1,1
118,0.808,0,2,0,1,0
118,0.553,0,0,0,1,1
118,0.538,1,1,1,1,1
118,0.593,2,2,2,1,1
118,0.754,2,1,2,1,0
118,0.539,2,2,2,1,1
118,0.844,2,0,2,1,0
118,0.668,0,0,0,1,1
118,1.022,0,2,0,1,0
118,0.743,1,2,1,1,0
118,0.991,0,1,0,1,0
118,0.664,0,0,0,1,1
118,0.72,1,1,1,1,1
118,1.033,0,1,0,1,0
118,0.939,1,2,1,1,0
118,1.217,0,1,0,1,0
118,0.947,2,0,2,1,0
118,0.547,1,1,1,1,1
118,0.924,0,2,0,1,0
118,1.068,2,1,2,1,0
118,0.629,1,2,1,1,0
118,0.59,1,1,1,1,1
118,0.815,0,0,0,1,1
118,0.711,0,1,0,1,0
118,0.968,2,2,2,1,1
118,1.257,1,2,1,1,0
118,0.953,0,2,0,1,0
119,0.701,0,0,0,1,1
119,0.858,2,1,2,1,0
119,0.795,1,0,1,1,0
119,0.694,0,0,0,1,1
119,0.817,1,0,1,1,0
119,0.723,2,0,2,1,0
119,0.7,0,0,0,1,1
119,0.606,0,0,0,1,1
119,0.708,2,2,2,1,1
119,0.581,0,0,0,1,1
119,0.591,2,2,2,1,1
119,0.742,1,1,1,1,1
119,1,0,0,0,1,1
119,1.03,2,1,2,1,0
119,0.766,1,1,1,1,1
119,0.546,2,2,2,1,1
119,1.148,1,2,1,1,0
119,0.59,2,0,2,1,0
119,0.63,2,2,2,1,1
119,0.558,2,2,2,1,1
119,0.597,2,1,2,1,0
119,0.587,2,2,2,1,1
119,0.859,0,2,0,1,0
119,0.521,0,0,0,1,1
119,0.712,1,2,1,1,0
119,0.593,2,2,2,1,1
119,1.132,1,2,1,1,0
119,0.777,0,2,0,1,0
119,0.757,2,2,2,1,1
119,0.863,0,2,0,1,0
119,0.756,2,2,2,1,1
119,0.578,2,0,2,1,0
119,0.718,2,0,2,1,0
119,0.762,0,0,0,1,1
119,0.804,2,2,2,1,1
119,0.832,0,0,0,1,1
119,0.816,2,1,2,1,0
119,0.803,0,2,0,1,0
119,0.672,2,2,2,1,1
119,0.694,2,2,2,1,1
119,0.656,2,2,2,1,1
119,1.049,0,2,0,1,0
119,1.1,0,2,0,1,0
119,0.796,1,0,1,1,0
119,0.88,1,1,1,1,1
119,0.918,0,1,0,1,0
119,0.967,1,1,1,1,1
119,0.685,0,0,0,1,1
119,0.695,1,0,1,1,0
119,0.713,0,1,0,1,0
119,0.783,0,0,0,1,1
119,0.551,0,0,0,1,1
119,0.743,0,2,0,1,0
119,0.906,1,1,1,1,1
119,0.956,0,1,0,1,0
119,0.937,1,1,1,1,1
119,0.735,1,2,1,1,0
119,0.475,1,1,1,1,1
119,0.726,0,1,0,1,0
119,0.748,2,2,2,1,1
119,0.727,1,1,1,1,1
119,1.135,0,2,0,1,0
119,0.762,1,0,1,1,0
119,0.599,2,0,2,1,0
119,0.761,2,0,2,1,0
119,0.525,2,2,2,1,1
119,0.635,0,0,0,1,1
119,0.658,1,2,1,1,0
119,0.726,0,1,0,1,0
119,0.668,2,0,2,1,0
119,0.649,2,0,2,1,0
119,0.865,2,1,2,1,0
119,1.183,1,2,1,1,0
119,0.411,1,0,1,1,0
119,0.548,1,1,1,1,1
119,0.678,0,1,0,1,0
119,0.801,0,0,0,1,1
119,0.783,1,1,1,1,1
119,0.896,1,1,1,1,1
119,0.502,1,1,1,1,1
119,0.843,1,1,1,1,1
119,0.72,0,1,0,1,0
119,0.723,1,0,1,1,0
119,0.678,1,1,1,1,1
119,0.595,0,0,0,1,1
119,0.633,2,1,2,1,0
119,0.686,0,1,0,1,0
119,1.192,1,0,1,1,0
119,0.58,1,1,1,1,1
119,0.627,2,2,2,1,1
119,0.889,1,2,1,1,0
119,0.923,0,0,0,1,1
119,0.779,2,1,2,1,0
119,0.855,1,1,1,1,1
119,0.464,1,2,1,1,0
120,0.759,1,2,1,1,0
120,0.59,1,1,1,1,1
120,0.972,2,0,2,1,0
120,0.53,0,0,0,1,1
120,0.605,1,1,1,1,1
120,0.792,2,0,2,1,0
120,0.593,2,2,2,1,1
120,0.576,2,2,2,1,1
120,0.779,2,0,2,1,0
120,0.868,0,0,0,1,1
120,0.769,1,2,1,1,0
120,0.712,0,0,0,1,1
120,0.503,0,0,0,1,1
120,0.46,0,0,0,1,1
120,0.665,1,1,1,1,1
120,0.8,1,2,1,1,0
120,0.757,0,2,0,1,0
120,0.759,0,1,0,1,0
120,0.731,1,0,1,1,0
120,0.702,0,2,0,1,0
120,0.869,1,1,1,1,1
120,0.738,0,2,0,1,0
120,0.892,1,2,1,1,0
120,0.887,2,0,2,1,0
120,1.011,2,0,2,1,0
120,0.581,0,0,0,1,1
120,0.769,0,0,0,1,1
120,0.831,0,2,0,1,0
120,0.412,0,0,0,1,1
120,0.646,2,2,2,1,1
120,0.843,1,0,1,1,0
120,0.782,2,1,2,1,0
120,0.702,1,1,1,1,1
120,0.482,1,1,1,1,1
120,0.467,1,1,1,1,1
120,0.699,2,1,2,1,0
120,0.876,1,0,1,1,0
120,0.856,2,2,2,1,1
120,0.692,2,2,2,1,1
120,0.696,1,2,1,1,0
120,0.76,0,1,0,1,0
120,0.62,1,0,1,1,0
120,0.616,2,2,2,1,1
120,0.925,0,2,0,1,0
120,0.911,2,1,2,1,0
120,0.627,1,1,1,1,1
120,0.832,0,1,0,1,0
120,0.733,2,1,2,1,0
120,0.978,2,0,2,1,0
120,0.622,0,2,0,1,0
120,0.687,1,0,1,1,0
120,0.459,0,0,0,1,1
120,1.059,0,1,0,1,0
120,0.785,1,1,1,1,1
120,0.708,0,0,0,1,1
120,1.038,1,0,1,1,0
120,0.747,1,1,1,1,1
120,0.644,1,2,1,1,0
120,0.952,2,0,2,1,0
120,0.751,1,1,1,1,1
120,0.806,0,2,0,1,0
120,0.729,1,1,1,1,1
120,1.025,1,2,1,1,0
120,0.8,2,2,2,1,1
120,0.899,2,1,2,1,0
120,0.584,2,2,2,1,1
120,0.869,2,1,2,1,0
120,0.737,2,0,2,1,0
120,0.607,2,1,2,1,0
120,0.679,1,2,1,1,0
120,0.824,0,0,0,1,1
120,0.403,0,0,0,1,1
120,0.669,2,2,2,1,1
120,0.821,1,0,1,1,0
120,0.728,2,2,2,1,1
120,0.595,1,1,1,1,1
120,0.663,2,2,2,1,1
120,0.514,0,0,0,1,1
120,0.594,1,1,1,1,1
120,0.622,2,2,2,1,1
120,0.735,2,2,2,1,1
120,0.495,0,0,0,1,1
120,0.631,0,0,0,1,1
120,1.027,1,0,1,1,0
120,0.472,1,1,1,1,1
120,0.875,2,2,2,1,1
120,0.754,0,0,0,1,1
120,0.596,2,2,2,1,1
120,0.951,0,1,0,1,0
120,0.842,2,1,2,1,0
120,0.646,2,2,2,1,1
120,0.703,0,1,0,1,0
120,0.695,1,1,1,1,1
120,0.961,0,1,0,1,0
120,0.722,0,2,0,1,0
121,0.532,1,2,1,1,0
121,0.697,0,1,0,1,0
121,0.49,2,2,2,1,1
121,0.57,2,2,2,1,1
121,0.521,0,0,0,1,1
121,0.456,1,2,1,1,0
121,0.759,2,0,2,1,0
121,0.532,0,0,0,1,1
121,0.613,1,1,1,1,1
121,0.566,1,1,1,1,1
121,0.774,0,2,0,1,0
121,0.67,0,0,0,1,1
121,0.59,0,0,0,1,1
121,0.567,1,0,1,1,0
121,0.503,2,2,2,1,1
121,0.567,2,1,2,1,0
121,0.645,0,0,0,1,1
121,0.786,2,2,2,1,1
121,0.554,2,2,2,1,1
121,0.962,1,1,1,1,1
121,0.706,0,2,0,1,0
121,0.963,2,1,2,1,0
121,0.707,2,2,2,1,1
121,0.731,0,2,0,1,0
121,0.65,1,1,1,1,1
121,0.571,0,0,0,1,1
121,0.897,1,2,1,1,0
121,0.529,0,0,0,1,1
121,0.698,2,0,2,1,0
121,0.58,1,2,1,1,0
121,0.595,0,0,0,1,1
121,0.562,2,1,2,1,0
121,0.61,0,0,0,1,1
121,0.563,1,0,1,1,0
121,0.652,0,2,0,1,0
121,0.634,0,0,0,1,1
121,0.643,1,0,1,1,0
121,0.716,2,0,2,1,0
121,0.613,2,2,2,1,1
121,0.69,2,1,2,1,0
121,0.577,0,0,0,1,1
121,0.535,0,0,0,1,1
121,0.648,1,1,1,1,1
121,0.545,0,0,0,1,1
121,0.624,0,2,0,1,0
121,0.999,1,1,1,1,1
121,0.615,2,2,2,1,1
121,0.494,1,1,1,1,1
121,0.462,1,1,1,1,1
121,0.758,2,2,2,1,1
121,0.735,2,2,2,1,1
121,0.711,0,1,0,1,0
121,0.591,0,0,0,1,1
121,0.583,2,2,2,1,1
121,0.519,1,1,1,1,1
121,0.663,0,2,0,1,0
121,0.519,1,1,1,1,1
121,0.567,2,0,2,1,0
121,0.576,1,0,1,1,0
121,0.488,1,0,1,1,0
121,0.712,2,1,2,1,0
121,0.824,2,2,2,1,1
121,0.625,0,1,0,1,0
121,0.673,0,1,0,1,0
121,0.883,2,2,2,1,1
121,0.763,2,0,2,1,0
121,0.597,0,1,0,1,0
121,0.654,2,2,2,1,1
121,0.707,1,0,1,1,0
121,0.628,1,2,1,1,0
121,0.7,2,0,2,1,0
121,0.557,1,0,1,1,0
121,0.701,2,0,2,1,0
121,0.651,1,1,1,1,1
121,1.036,1,0,1,1,0
121,0.532,0,1,0,1,0
121,0.621,1,1,1,1,1
121,0.733,2,0,2,1,0
121,0.581,1,2,1,1,0
121,0.518,1,1,1,1,1
121,0.806,2,1,2,1,0
121,0.702,2,2,2,1,1
121,1.006,0,2,0,1,0
121,0.6,0,1,0,1,0
121,0.777,2,1,2,1,0
121,0.481,1,2,1,1,0
121,0.585,0,2,0,1,0
121,0.603,1,1,1,1,1
121,0.907,2,2,2,1,1
121,0.74,1,1,1,1,1
121,0.637,1,2,1,1,0
121,0.907,2,1,2,1,0
121,0.778,0,0,0,1,1
121,0.602,1,1,1,1,1
121,1.027,0,0,0,1,1
122,0.593,0,2,0,1,0
122,0.717,1,1,2,1,1
122,0.502,2,2,2,1,1
122,0.838,2,2,2,1,1
122,0.62,1,2,1,1,0
122,0.604,2,2,2,1,1
122,0.733,2,2,2,1,1
122,0.675,1,1,1,1,1
122,0.432,2,2,2,1,1
122,0.657,2,2,2,1,1
122,0.652,2,0,2,1,0
122,0.842,2,1,2,1,0
122,0.503,2,2,2,1,1
122,0.454,0,1,0,1,0
122,0.816,0,2,0,1,0
122,0.454,0,0,0,1,1
122,0.727,1,1,1,1,1
122,0.552,0,0,2,1,1
122,0.517,2,0,2,1,0
122,0.635,0,2,0,1,0
122,0.499,0,0,0,1,1
122,0.503,0,0,0,1,1
122,0.513,2,1,2,1,0
122,0.626,2,1,2,1,0
122,0.516,0,0,0,1,1
122,0.441,0,1,0,1,0
122,0.559,1,1,1,1,1
122,0.726,2,1,2,1,0
122,0.878,2,2,2,1,1
122,0.573,1,1,1,1,1
122,0.763,0,1,0,1,0
122,0.883,0,1,0,1,0
122,0.748,1,1,1,1,1
122,0.773,1,0,1,1,0
122,0.541,0,0,0,1,1
122,0.76,2,0,2,1,0
122,0.998,1,2,1,1,0
122,0.795,2,0,2,1,0
122,0.728,1,2,1,1,0
122,0.702,0,1,0,1,0
122,0.739,1,2,1,1,0
122,0.835,2,2,2,1,1
122,0.64,1,1,1,1,1
122,0.662,0,2,0,1,0
122,0.723,1,2,1,1,0
122,0.683,2,2,2,1,1
122,0.559,1,0,1,1,0
122,0.58,2,2,2,1,1
122,0.707,1,1,1,1,1
122,0.56,1,0,1,1,0
122,0.548,1,1,1,1,1
122,0.465,2,2,2,1,1
122,0.573,0,1,0,1,0
122,0.532,0,0,0,1,1
122,0.625,1,1,1,1,1
122,0.634,1,1,1,1,1
122,0.634,0,1,0,1,0
122,0.601,1,1,1,1,1
122,0.764,2,2,2,1,1
122,0.706,0,0,0,1,1
122,0.52,0,0,0,1,1
122,0.533,0,0,0,1,1
122,0.482,0,2,0,1,0
122,0.472,0,0,0,1,1
122,0.365,0,0,0,1,1
122,0.739,0,1,1,1,0
122,0.501,0,2,0,1,0
122,0.469,0,2,0,1,0
122,0.751,2,0,2,1,0
122,0.583,2,2,2,1,1
122,0.523,1,0,1,1,0
122,0.812,2,1,2,1,0
122,0.851,1,0,1,1,0
122,0.508,0,0,0,1,1
122,0.831,2,1,2,1,0
122,0.567,2,0,2,1,0
122,0.464,1,1,1,1,1
122,0.476,1,1,1,1,1
122,0.552,0,0,0,1,1
122,0.777,1,1,1,1,1
122,0.556,2,2,2,1,1
122,0.705,2,1,2,1,0
122,0.624,2,2,2,1,1
122,0.503,1,2,1,1,0
122,0.467,2,0,2,1,0
122,0.541,0,0,0,1,1
122,0.774,1,2,1,1,0
122,0.557,0,0,0,1,1
122,0.746,1,1,1,1,1
122,0.631,2,1,1,1,0
122,0.647,2,0,2,1,0
122,0.556,1,2,1,1,0
122,0.586,1,0,1,1,0
122,0.495,0,2,0,1,0
123,0.62,0,0,0,1,1
123,1.009,1,0,1,1,0
123,0.802,1,1,1,1,1
123,0.645,0,0,0,1,1
123,0.669,2,1,2,1,0
123,0.679,1,1,1,1,1
123,0.549,0,0,0,1,1
123,0.528,2,2,2,1,1
123,0.673,2,1,2,1,0
123,0.678,1,2,1,1,0
123,0.632,0,2,0,1,0
123,0.54,1,1,1,1,1
123,0.548,2,2,2,1,1
123,0.678,2,2,2,1,1
123,1.218,2,0,2,1,0
123,1.137,2,1,2,1,0
123,0.614,0,0,0,1,1
123,0.789,0,2,0,1,0
123,0.543,0,2,0,1,0
123,0.569,0,0,0,1,1
123,0.754,1,0,2,1,0
123,0.875,0,1,0,1,0
123,1.048,1,1,2,1,1
123,0.64,0,2,0,1,0
123,0.775,2,1,2,1,0
123,0.659,1,2,1,1,0
123,0.691,0,0,0,1,1
123,0.82,2,2,2,1,1
123,0.716,1,1,1,1,1
123,0.862,2,2,2,1,1
123,0.562,2,1,2,1,0
123,0.551,0,0,0,1,1
123,0.849,1,0,1,1,0
123,0.898,0,0,0,1,1
123,1.061,1,0,1,1,0
123,0.743,1,1,1,1,1
123,0.853,1,0,0,1,0
123,1.193,1,1,1,1,1
123,0.741,0,2,0,1,0
123,1.031,1,0,1,1,0
123,0.871,1,1,1,1,1
123,0.665,1,1,1,1,1
123,0.542,2,1,2,1,0
123,0.593,2,2,2,1,1
123,0.898,1,2,1,1,0
123,0.848,1,1,1,1,1
123,0.497,0,1,0,1,0
123,0.617,1,1,1,1,1
123,0.595,2,2,2,1,1
123,0.459,2,2,2,1,1
123,1.034,2,0,2,1,0
123,1.047,1,2,1,1,0
123,0.687,1,1,1,1,1
123,0.619,0,0,0,1,1
123,0.658,1,2,1,1,0
123,0.557,1,1,1,1,1
123,0.598,0,1,0,1,0
123,0.93,0,1,0,1,0
123,0.58,0,1,0,1,0
123,0.639,0,0,0,1,1
123,1.203,2,2,2,1,1
123,0.813,0,2,0,1,0
123,0.792,1,1,1,1,1
123,0.638,2,2,2,1,1
123,0.608,0,0,0,1,1
123,0.955,2,2,2,1,1
123,0.643,2,2,2,1,1
123,1.263,2,0,2,1,0
123,0.804,0,1,0,1,0
123,0.911,2,0,2,1,0
123,1.347,1,0,1,1,0
123,0.958,2,0,2,1,0
123,0.646,0,0,0,1,1
123,1.171,0,2,0,1,0
123,0.741,0,0,0,1,1
123,0.768,2,2,2,1,1
123,0.492,2,2,2,1,1
123,0.787,0,1,0,1,0
123,0.938,1,1,2,1,1
123,0.656,0,0,0,1,1
123,0.62,0,0,0,1,1
123,0.598,2,0,2,1,0
123,0.577,1,0,1,1,0
123,0.721,0,2,0,1,0
123,0.924,2,1,2,1,0
123,0.828,1,2,1,1,0
123,0.701,0,0,0,1,1
123,1.197,1,1,2,1,1
123,0.613,2,1,2,1,0
123,0.76,1,2,1,1,0
123,0.646,2,2,2,1,1
123,0.645,0,1,0,1,0
123,1.23,2,0,2,1,0
123,0.658,2,2,2,1,1
124,0.587,1,1,1,1,1
124,0.555,0,2,2,1,0
124,0.688,1,0,1,1,0
124,0.884,2,2,2,1,1
124,0.903,2,1,2,1,0
124,0.862,1,2,1,1,0
124,0.805,0,0,0,1,1
124,0.898,0,2,0,1,0
124,0.859,2,0,2,1,0
124,0.678,0,2,0,1,0
124,0.964,2,2,2,1,1
124,0.504,2,2,2,1,1
124,0.576,0,0,0,1,1
124,1.043,2,1,2,1,0
124,0.624,1,2,1,1,0
124,0.663,0,2,0,1,0
124,0.915,2,0,2,1,0
124,0.584,0,0,0,1,1
124,0.691,2,0,2,1,0
124,0.539,2,2,2,1,1
124,0.736,0,1,0,1,0
124,0.733,2,1,2,1,0
124,0.748,1,0,1,1,0
124,0.749,2,2,2,1,1
124,0.622,1,1,1,1,1
124,0.674,1,1,1,1,1
124,0.752,0,2,0,1,0
124,0.725,2,2,2,1,1
124,0.715,1,0,1,1,0
124,0.905,2,2,2,1,1
124,0.544,2,0,2,1,0
124,0.573,1,0,1,1,0
124,0.551,2,0,2,1,0
124,0.599,2,2,2,1,1
124,0.707,0,1,0,1,0
124,0.612,1,1,1,1,1
124,0.615,1,1,1,1,1
124,0.647,0,1,0,1,0
124,0.609,0,0,0,1,1
124,0.665,1,1,1,1,1
124,0.639,2,0,2,1,0
124,0.636,1,2,1,1,0
124,0.707,1,1,1,1,1
124,0.625,1,0,1,1,0
124,0.677,0,1,0,1,0
124,0.692,1,1,1,1,1
124,0.624,0,0,0,1,1
124,0.491,0,0,0,1,1
124,0.498,0,0,0,1,1
124,0.504,0,0,0,1,1
124,0.559,1,1,0,1,1
124,0.683,0,2,0,1,0
124,0.849,1,2,1,1,0
124,0.71,0,2,0,1,0
124,0.636,1,2,1,1,0
124,0.744,0,1,0,1,0
124,0.766,1,2,1,1,0
124,0.852,1,2,1,1,0
124,0.547,0,0,0,1,1
124,0.892,1,0,1,1,0
124,0.788,2,2,2,1,1
124,0.611,0,0,0,1,1
124,0.56,1,1,1,1,1
124,0.555,2,2,2,1,1
124,0.617,1,1,1,1,1
124,0.59,2,2,2,1,1
124,0.532,2,2,2,1,1
124,0.394,1,1,1,1,1
124,0.55,1,0,0,1,0
124,0.912,1,0,1,1,0
124,0.585,0,0,0,1,1
124,0.95,2,1,2,1,0
124,0.837,0,1,0,1,0
124,0.692,1,1,1,1,1
124,0.585,2,2,2,1,1
124,0.685,0,0,0,1,1
124,0.643,0,1,0,1,0
124,0.712,1,1,1,1,1
124,0.695,0,0,0,1,1
124,0.586,2,2,2,1,1
124,0.921,2,1,2,1,0
124,0.495,2,2,2,1,1
124,0.572,2,1,2,1,0
124,0.769,0,2,0,1,0
124,0.71,2,0,2,1,0
124,0.821,0,1,0,1,0
124,0.71,0,0,0,1,1
124,0.609,2,2,2,1,1
124,0.59,2,0,2,1,0
124,0.516,2,1,2,1,0
124,1.043,1,1,1,1,1
124,0.632,0,0,0,1,1
124,0.941,1,1,1,1,1
124,0.642,0,0,0,1,1
125,0.503,0,0,0,1,1
125,0.631,1,1,1,1,1
125,0.785,0,1,0,1,0
125,0.643,0,0,0,1,1
125,0.714,2,2,2,1,1
125,0.772,2,0,1,1,0
125,0.955,2,2,2,1,1
125,0.978,2,2,2,1,1
125,0.58,2,2,2,1,1
125,0.736,1,1,1,1,1
125,0.677,1,2,1,1,0
125,0.925,0,2,0,1,0
125,0.864,0,0,0,1,1
125,0.843,0,2,0,1,0
125,0.968,2,0,2,1,0
125,1.153,0,2,0,1,0
125,0.676,1,2,1,1,0
125,0.827,2,1,2,1,0
125,0.695,0,0,0,1,1
125,0.92,0,0,0,1,1
125,0.986,1,0,1,1,0
125,0.692,2,2,2,1,1
125,0.816,0,0,0,1,1
125,0.76,2,2,2,1,1
125,0.858,0,2,0,1,0
125,0.779,0,2,0,1,0
125,0.708,0,2,0,1,0
125,0.672,0,0,0,1,1
125,0.674,0,1,0,1,0
125,0.972,2,2,2,1,1
125,0.572,2,2,2,1,1
125,0.862,2,0,2,1,0
125,0.991,0,2,0,1,0
125,0.731,2,1,1,1,0
125,0.676,1,2,1,1,0
125,0.696,2,1,2,1,0
125,0.682,2,1,2,1,0
125,0.676,1,1,1,1,1
125,0.859,2,0,2,1,0
125,0.769,1,2,1,1,0
125,0.624,1,1,1,1,1
125,0.811,2,2,2,1,1
125,0.795,1,0,1,1,0
125,0.949,2,1,2,1,0
125,0.757,0,2,0,1,0
125,0.872,2,2,2,1,1
125,0.713,2,0,2,1,0
125,0.652,1,1,1,1,1
125,0.83,0,1,0,1,0
125,0.706,0,0,0,1,1
125,0.49,0,0,0,1,1
125,0.871,1,2,1,1,0
125,0.905,1,2,1,1,0
125,0.764,1,1,1,1,1
125,0.758,2,2,2,1,1
125,0.673,1,1,1,1,1
125,0.683,1,1,1,1,1
125,1.039,2,2,2,1,1
125,0.784,0,0,0,1,1
125,0.714,0,0,0,1,1
125,0.717,1,0,1,1,0
125,1.153,2,2,2,1,1
125,0.572,1,1,1,1,1
125,0.367,1,2,1,1,0
125,1.015,1,1,1,1,1
125,0.672,0,1,0,1,0
125,0.922,1,0,1,1,0
125,0.899,0,1,0,1,0
125,0.805,1,0,1,1,0
125,0.897,0,0,0,1,1
125,0.729,1,1,1,1,1
125,0.747,2,0,2,1,0
125,0.758,0,1,0,1,0
125,0.865,2,2,2,1,1
125,1.174,2,1,2,1,0
125,1.118,2,0,2,1,0
125,0.64,1,1,1,1,1
125,0.867,1,1,1,1,1
125,0.885,2,2,2,1,1
125,0.79,1,1,1,1,1
125,0.703,0,1,0,1,0
125,0.802,1,1,1,1,1
125,0.66,0,1,0,1,0
125,0.837,2,0,2,1,0
125,0.706,0,0,0,1,1
125,0.738,1,0,1,1,0
125,0.581,2,2,2,1,1
125,1.182,1,2,1,1,0
125,0.812,0,0,0,1,1
125,0.847,2,1,2,1,0
125,0.642,0,0,0,1,1
125,0.669,0,0,0,1,1
125,0.566,1,1,1,1,1
125,0.585,1,0,1,1,0
126,0.997,1,1,2,1,1
126,0.667,1,0,1,1,0
126,0.602,0,0,0,1,1
126,0.6,0,2,0,1,0
126,0.587,2,0,2,1,0
126,0.439,1,1,1,1,1
126,0.466,0,0,0,1,1
126,0.468,0,1,0,1,0
126,0.658,1,2,1,1,0
126,0.441,2,2,2,1,1
126,0.503,0,0,0,1,1
126,0.878,2,1,2,1,0
126,0.689,2,1,2,1,0
126,0.501,0,2,0,1,0
126,0.419,1,1,1,1,1
126,0.64,2,2,2,1,1
126,0.431,0,0,0,1,1
126,0.658,2,1,2,1,0
126,0.6,2,2,2,1,1
126,0.438,1,1,1,1,1
126,0.601,0,2,0,1,0
126,0.608,1,1,1,1,1
126,0.437,2,2,2,1,1
126,0.605,2,2,2,1,1
126,0.65,1,2,1,1,0
126,0.522,1,0,1,1,0
126,0.649,1,1,1,1,1
126,0.665,2,0,2,1,0
126,0.469,0,1,0,1,0
126,0.481,2,0,1,1,0
126,0.767,1,2,1,1,0
126,0.614,1,1,1,1,1
126,0.875,1,0,1,1,0
126,0.617,2,0,2,1,0
126,0.405,0,0,0,1,1
126,0.715,2,2,2,1,1
126,0.664,0,0,0,1,1
126,0.725,0,2,0,1,0
126,0.653,0,1,0,1,0
126,0.532,0,0,0,1,1
126,0.536,0,0,0,1,1
126,0.605,2,2,2,1,1
126,0.57,0,0,0,1,1
126,0.584,1,0,1,1,0
126,0.812,0,0,0,1,1
126,0.645,2,0,2,1,0
126,0.564,2,2,2,1,1
126,0.69,2,1,2,1,0
126,0.828,1,1,1,1,1
126,0.427,0,1,0,1,0
126,0.657,0,2,0,1,0
126,0.482,0,0,0,1,1
126,0.581,0,1,0,1,0
126,0.549,0,0,0,1,1
126,0.89,2,2,2,1,1
126,0.588,2,1,2,1,0
126,0.448,1,0,1,1,0
126,0.598,2,0,0,1,0
126,0.637,2,2,2,1,1
126,0.626,1,2,1,1,0
126,0.653,1,2,1,1,0
126,0.508,1,0,1,1,0
126,0.6,1,1,1,1,1
126,0.604,1,1,1,1,1
126,0.571,1,0,1,1,0
126,0.587,1,1,1,1,1
126,1.001,1,2,1,1,0
126,0.716,2,2,2,1,1
126,0.587,2,1,2,1,0
126,0.536,0,0,0,1,1
126,0.664,1,1,1,1,1
126,0.476,0,1,0,1,0
126,0.442,2,2,1,1,1
126,0.752,1,1,1,1,1
126,0.804,2,2,2,1,1
126,0.794,1,2,1,1,0
126,0.746,2,1,2,1,0
126,0.689,2,2,2,1,1
126,0.652,0,1,0,1,0
126,0.682,0,2,0,1,0
126,0.945,1,2,1,1,0
126,0.733,2,0,2,1,0
126,0.628,1,1,1,1,1
126,0.655,1,1,1,1,1
126,0.565,2,0,2,1,0
126,0.739,2,2,2,1,1
126,1.041,1,0,1,1,0
126,0.776,2,1,2,1,0
126,0.605,0,0,0,1,1
126,0.683,1,1,1,1,1
126,1,0,0,0,1,1
126,0.448,0,2,0,1,0
126,0.685,2,2,2,1,1
126,0.699,0,0,0,1,1
126,0.569,0,2,0,1,0
127,0.95,2,1,2,1,0
127,0.82,0,2,0,1,0
127,1.028,2,1,2,1,0
127,0.935,1,0,1,1,0
127,0.913,2,2,2,1,1
127,0.661,0,0,0,1,1
127,0.694,2,2,2,1,1
127,0.876,1,0,1,1,0
127,0.847,0,0,0,1,1
127,0.746,2,2,2,1,1
127,0.906,1,1,1,1,1
127,0.808,0,2,0,1,0
127,0.709,2,2,2,1,1
127,0.815,1,2,1,1,0
127,0.781,2,2,2,1,1
127,0.989,1,1,1,1,1
127,1.07,1,2,1,1,0
127,0.759,0,1,0,1,0
127,0.824,1,1,1,1,1
127,0.643,1,1,1,1,1
127,0.483,1,1,1,1,1
127,0.605,0,0,0,1,1
127,0.889,2,2,2,1,1
127,0.7,1,1,1,1,1
127,0.843,0,0,0,1,1
127,0.759,0,0,0,1,1
127,1.137,0,2,0,1,0
127,0.882,2,0,2,1,0
127,0.749,1,1,1,1,1
127,1.031,2,1,2,1,0
127,1.036,2,2,2,1,1
127,0.91,2,2,2,1,1
127,0.745,2,2,2,1,1
127,0.822,1,1,1,1,1
127,1.123,1,2,1,1,0
127,0.889,1,2,1,1,0
127,0.746,1,1,1,1,1
127,0.861,0,2,0,1,0
127,0.837,2,2,2,1,1
127,0.844,1,1,1,1,1
127,0.709,1,1,1,1,1
127,0.849,0,2,0,1,0
127,0.943,1,2,1,1,0
127,1.278,2,2,2,1,1
127,0.864,0,1,0,1,0
127,0.739,1,1,1,1,1
127,1.024,0,2,0,1,0
127,0.959,1,1,1,1,1
127,0.74,0,0,0,1,1
127,0.517,0,0,0,1,1
127,0.895,2,1,2,1,0
127,0.871,2,1,2,1,0
127,1.113,1,0,1,1,0
127,0.807,0,0,0,1,1
127,1.061,1,2,1,1,0
127,0.798,2,2,2,1,1
127,0.947,2,2,2,1,1
127,0.898,2,1,2,1,0
127,0.841,0,0,0,1,1
127,1.078,2,0,2,1,0
127,0.94,0,1,0,1,0
127,0.547,0,0,0,1,1
127,0.942,0,1,0,1,0
127,0.548,0,0,0,1,1
127,0.729,0,1,0,1,0
127,1.022,2,0,2,1,0
127,1.243,2,1,2,1,0
127,1.189,0,0,0,1,1
127,0.895,2,0,2,1,0
127,0.819,2,2,2,1,1
127,0.961,0,2,0,1,0
127,0.781,1,1,1,1,1
127,1.034,2,0,2,1,0
127,0.783,2,2,2,1,1
127,0.944,0,0,0,1,1
127,0.82,0,1,0,1,0
127,0.569,0,0,0,1,1
127,0.822,1,1,1,1,1
127,0.98,2,2,2,1,1
127,0.821,0,1,0,1,0
127,1.013,1,0,1,1,0
127,0.708,1,1,1,1,1
127,0.801,0,0,0,1,1
127,0.536,0,0,0,1,1
127,1.032,1,2,1,1,0
127,0.941,2,0,2,1,0
127,1.043,2,0,2,1,0
128,0.786,0,0,0,1,1
128,0.626,2,0,1,1,0
128,0.855,1,2,1,1,0
128,0.551,0,0,0,1,1
128,0.823,0,0,0,1,1
128,0.631,1,1,1,1,1
128,0.715,0,2,0,1,0
128,0.659,0,1,0,1,0
128,1.031,2,1,2,1,0
128,0.934,1,0,1,1,0
128,0.814,1,1,1,1,1
128,0.916,2,2,2,1,1
128,0.917,2,0,1,1,0
128,1.234,1,2,2,1,0
128,0.736,2,2,2,1,1
128,0.974,2,2,2,1,1
128,0.806,0,0,0,1,1
128,0.733,2,1,2,1,0
128,0.645,2,2,2,1,1
128,0.652,0,0,0,1,1
128,0.962,2,1,2,1,0
128,0.857,1,1,1,1,1
128,0.898,0,1,0,1,0
128,0.889,0,2,0,1,0
128,0.584,2,2,2,1,1
128,0.623,2,2,2,1,1
128,0.759,1,0,1,1,0
128,0.997,1,2,1,1,0
128,0.832,1,2,1,1,0
128,0.651,0,0,0,1,1
128,0.867,2,1,2,1,0
128,0.994,0,2,0,1,0
128,0.761,2,2,2,1,1
128,0.8,1,1,1,1,1
128,0.96,0,0,0,1,1
128,0.742,0,1,0,1,0
128,0.644,0,0,0,1,1
128,0.679,0,0,0,1,1
128,1.108,2,2,1,1,1
128,0.826,2,0,2,1,0
128,0.818,2,0,2,1,0
128,0.746,1,1,1,1,1
128,1.091,0,1,2,1,0
128,0.96,2,0,2,1,0
128,1.009,0,0,0,1,1
128,0.8,2,2,2,1,1
128,1.2,2,1,2,1,0
128,0.848,1,1,1,1,1
128,0.823,1,2,1,1,0
128,0.887,0,2,0,1,0
128,0.792,0,0,0,1,1
128,0.695,0,0,0,1,1
128,0.75,1,1,1,1,1
128,0.77,1,1,1,1,1
128,0.728,2,1,2,1,0
128,0.599,2,0,2,1,0
128,0.599,2,2,2,1,1
128,0.59,2,1,2,1,0
128,0.847,1,2,1,1,0
128,0.918,1,0,1,1,0
128,0.766,1,1,1,1,1
128,0.885,2,2,2,1,1
128,0.677,0,1,0,1,0
128,0.901,0,0,0,1,1
128,0.715,0,2,0,1,0
128,0.578,1,1,1,1,1
128,0.657,2,1,2,1,0
128,0.975,2,0,2,1,0
128,0.694,1,1,1,1,1
128,0.7,1,1,1,1,1
128,0.601,1,1,1,1,1
128,0.951,2,0,2,1,0
128,0.919,1,1,1,1,1
128,0.686,1,0,1,1,0
128,0.838,2,2,2,1,1
128,0.941,0,1,2,1,0
128,0.773,0,0,1,1,1
128,0.628,0,0,0,1,1
128,0.979,1,0,2,1,0
128,1.068,1,2,1,1,0
128,1.05,0,2,0,1,0
128,0.705,0,2,0,1,0
128,0.752,0,0,0,1,1
128,1.023,1,1,1,1,1
128,1.315,1,0,1,1,0
128,0.762,1,0,1,1,0
129,0.588,1,1,1,1,1
129,0.434,1,1,1,1,1
129,0.68,1,2,1,1,0
129,0.471,1,0,1,1,0
129,0.743,0,1,0,1,0
129,0.591,0,0,0,1,1
129,0.549,0,2,0,1,0
129,0.476,0,0,0,1,1
129,0.826,1,1,1,1,1
129,0.968,0,2,0,1,0
129,0.799,2,1,2,1,0
129,0.839,1,1,1,1,1
129,0.551,1,1,1,1,1
129,0.638,0,0,0,1,1
129,0.821,2,0,2,1,0
129,0.757,1,1,1,1,1
129,0.51,1,1,1,1,1
129,0.747,2,1,2,1,0
129,0.683,1,1,1,1,1
129,0.55,0,0,0,1,1
129,0.741,2,2,2,1,1
129,0.851,0,0,0,1,1
129,0.666,0,2,0,1,0
129,0.763,0,1,0,1,0
129,0.826,1,1,1,1,1
129,0.544,0,0,0,1,1
129,0.583,2,2,2,1,1
129,0.589,0,0,0,1,1
129,0.518,0,0,0,1,1
129,0.838,1,0,1,1,0
129,0.462,1,1,1,1,1
129,0.485,1,0,1,1,0
129,0.494,1,0,1,1,0
129,0.613,2,2,2,1,1
129,0.541,1,1,1,1,1
129,0.725,0,1,0,1,0
129,0.733,2,2,2,1,1
129,0.693,0,0,0,1,1
129,0.662,1,2,1,1,0
129,0.894,2,1,2,1,0
129,0.54,2,2,2,1,1
129,0.587,0,0,0,1,1
129,0.765,1,0,1,1,0
129,0.517,1,1,1,1,1
129,0.532,2,2,2,1,1
129,0.651,1,1,1,1,1
129,1.17,2,0,2,1,0
129,0.771,0,0,0,1,1
129,0.762,2,2,2,1,1
129,1.099,0,1,0,1,0
129,0.682,2,2,2,1,1
129,0.636,2,2,2,1,1
129,0.89,0,2,0,1,0
129,0.552,1,2,1,1,0
129,0.616,1,2,1,1,0
129,1.055,2,0,2,1,0
129,0.632,2,0,2,1,0
129,0.84,0,1,0,1,0
129,0.631,2,2,2,1,1
129,0.824,2,2,2,1,1
129,0.927,0,2,0,1,0
129,0.415,0,2,0,1,0
129,0.488,0,0,0,1,1
129,0.856,2,0,2,1,0
129,0.669,0,0,0,1,1
129,0.932,2,1,2,1,0
129,0.707,1,2,1,1,0
129,0.956,0,2,0,1,0
129,0.859,2,0,2,1,0
129,0.635,2,1,2,1,0
129,0.748,1,2,1,1,0
129,0.468,1,1,1,1,1
129,0.755,0,2,0,1,0
129,0.499,0,1,0,1,0
129,0.458,0,0,0,1,1
129,0.868,2,0,2,1,0
129,0.532,2,2,2,1,1
129,0.491,2,1,2,1,0
129,0.513,2,2,2,1,1
129,0.618,1,1,1,1,1
129,0.704,2,2,2,1,1
129,0.72,1,0,2,1,0
129,1.064,2,1,2,1,0
129,0.671,0,0,0,1,1
129,0.927,2,2,2,1,1
129,0.821,0,1,0,1,0
129,1.077,2,1,2,1,0
129,1.101,1,0,1,1,0
129,0.604,1,2,1,1,0
129,0.797,2,0,2,1,0
129,0.525,2,2,2,1,1
129,0.946,1,2,1,1,0
129,0.738,0,1,0,1,0
129,0.587,1,1,1,1,1
129,0.684,1,0,1,1,0
129,0.685,0,0,0,1,1
130,0.459,0,0,0,1,1
130,0.943,1,0,1,1,0
130,0.704,0,2,0,1,0
130,0.614,1,1,1,1,1
130,1.008,1,2,1,1,0
130,0.822,0,1,0,1,0
130,0.831,0,0,0,1,1
130,0.756,1,0,1,1,0
130,0.626,1,1,1,1,1
130,0.969,2,1,2,1,0
130,0.606,2,0,2,1,0
130,0.836,0,1,0,1,0
130,0.743,0,0,0,1,1
130,0.75,0,2,0,1,0
130,1.169,2,2,2,1,1
130,0.737,1,2,1,1,0
130,0.737,0,2,0,1,0
130,0.82,1,2,1,1,0
130,1.055,2,1,2,1,0
130,0.569,1,1,1,1,1
130,0.89,2,1,2,1,0
130,0.66,0,0,0,1,1
130,0.63,1,0,1,1,0
130,0.944,2,1,2,1,0
130,0.75,1,2,1,1,0
130,0.639,0,0,0,1,1
130,0.529,0,2,0,1,0
130,1.021,2,0,2,1,0
130,0.592,1,1,1,1,1
130,0.537,1,1,1,1,1
130,0.493,1,1,1,1,1
130,0.929,2,2,2,1,1
130,0.59,1,2,1,1,0
130,0.677,0,1,0,1,0
130,0.549,0,0,0,1,1
130,0.547,1,1,1,1,1
130,1.057,2,0,2,1,0
130,0.843,0,1,0,1,0
130,0.898,2,2,2,1,1
130,0.571,1,1,1,1,1
130,0.957,0,0,0,1,1
130,0.56,0,0,0,1,1
130,0.595,0,0,0,1,1
130,0.619,1,1,1,1,1
130,0.761,2,2,2,1,1
130,0.794,0,1,0,1,0
130,0.938,2,1,2,1,0
130,0.875,2,0,2,1,0
130,0.744,2,2,2,1,1
130,0.913,0,2,0,1,0
130,0.543,0,0,0,1,1
130,0.694,1,2,1,1,0
130,0.812,2,2,2,1,1
130,0.604,1,1,1,1,1
130,0.789,2,2,2,1,1
130,0.703,0,0,0,1,1
130,0.744,2,2,2,1,1
130,0.821,2,0,2,1,0
130,0.832,1,0,1,1,0
130,0.907,2,0,2,1,0
130,0.555,1,1,1,1,1
130,0.565,0,1,0,1,0
130,0.667,0,0,0,1,1
130,1.016,2,1,2,1,0
130,0.663,1,0,1,1,0
130,0.848,2,1,2,1,0
130,0.766,2,2,2,1,1
130,0.903,0,2,0,1,0
130,0.513,1,1,1,1,1
130,0.914,0,2,0,1,0
130,0.749,2,2,2,1,1
130,0.757,2,2,2,1,1
130,0.951,1,0,1,1,0
130,0.857,2,2,2,1,1
130,0.564,1,1,1,1,1
130,0.533,1,1,1,1,1
130,0.476,1,1,1,1,1
130,0.633,1,0,1,1,0
130,0.84,0,0,0,1,1
130,0.536,0,0,0,1,1
130,0.635,0,2,0,1,0
130,0.557,1,1,1,1,1
130,1.141,0,1,0,1,0
130,0.581,0,0,0,1,1
130,0.743,0,1,0,1,0
130,0.58,0,0,0,1,1
130,0.878,2,2,2,1,1
130,0.694,2,2,2,1,1
130,0.765,2,0,2,1,0
130,0.618,1,0,1,1,0
130,0.457,1,2,1,1,0
130,0.554,1,2,1,1,0
130,0.906,2,1,2,1,0
130,0.672,2,2,2,1,1
130,0.699,2,0,2,1,0
130,0.768,2,2,2,1,1
131,0.629,0,0,0,1,1
131,1.143,2,0,2,1,0
131,0.907,0,1,0,1,0
131,0.887,1,0,1,1,0
131,0.701,1,1,1,1,1
131,0.575,1,1,1,1,1
131,0.574,2,2,2,1,1
131,0.854,0,2,0,1,0
131,0.996,0,1,0,1,0
131,0.544,0,0,0,1,1
131,0.971,0,2,0,1,0
131,0.75,2,2,1,1,1
131,0.788,1,1,1,1,1
131,0.837,2,1,2,1,0
131,1.347,2,0,2,1,0
131,1.026,1,2,1,1,0
131,0.725,2,2,2,1,1
131,0.958,1,2,1,1,0
131,0.747,1,1,1,1,1
131,0.682,0,0,0,1,1
131,0.738,1,1,1,1,1
131,0.653,0,0,0,1,1
131,0.632,2,2,1,1,1
131,0.593,2,2,2,1,1
131,1.006,1,0,1,1,0
131,1.21,1,2,2,1,0
131,0.721,0,1,0,1,0
131,0.971,2,1,2,1,0
131,0.524,2,2,2,1,1
131,0.569,0,1,0,1,0
131,0.921,0,1,0,1,0
131,1.106,1,0,1,1,0
131,0.902,2,1,2,1,0
131,0.996,2,1,2,1,0
131,0.613,0,0,0,1,1
131,0.609,0,0,0,1,1
131,1.091,1,2,2,1,0
131,0.763,1,1,1,1,1
131,0.643,2,2,2,1,1
131,0.724,1,1,1,1,1
131,1.318,2,0,2,1,0
131,0.916,1,2,1,1,0
131,1.158,2,0,2,1,0
131,1.199,0,2,0,1,0
131,0.754,2,2,2,1,1
131,0.769,2,2,2,1,1
131,1.117,1,2,1,1,0
131,0.725,2,2,2,1,1
131,0.602,0,0,0,1,1
131,0.529,0,0,0,1,1
131,0.7,1,1,1,1,1
131,0.825,2,1,2,1,0
131,0.738,1,1,1,1,1
131,0.588,2,2,2,1,1
131,0.887,1,1,1,1,1
131,0.728,2,0,0,1,0
131,0.921,1,2,1,1,0
131,0.669,0,0,0,1,1
131,0.729,0,0,0,1,1
131,1.221,0,1,0,1,0
131,0.758,2,2,2,1,1
131,0.952,1,0,1,1,0
131,0.737,1,1,1,1,1
131,0.727,2,0,2,1,0
131,0.845,0,2,0,1,0
131,0.887,0,1,0,1,0
131,1.061,2,1,2,1,0
131,0.799,1,1,1,1,1
131,0.889,2,2,2,1,1
131,0.682,0,0,0,1,1
131,0.597,0,0,0,1,1
131,0.589,0,0,0,1,1
131,1.032,0,2,0,1,0
131,0.65,2,2,2,1,1
131,0.99,2,1,2,1,0
131,0.886,1,1,1,1,1
131,0.815,0,0,0,1,1
131,0.92,2,0,2,1,0
131,0.627,1,1,1,1,1
131,0.874,2,0,2,1,0
131,0.627,1,1,1,1,1
131,0.74,2,2,2,1,1
131,1.08,0,1,0,1,0
131,0.737,2,2,2,1,1
131,1.042,1,1,1,1,1
131,0.707,0,2,2,1,0
131,0.912,1,0,1,1,0
131,1.103,1,2,1,1,0
131,0.936,1,0,1,1,0
131,0.89,0,2,0,1,0
131,0.637,0,0,0,1,1
131,1.061,1,0,1,1,0
131,0.84,1,0,1,1,0
131,1.148,2,1,2,1,0
131,0.856,0,2,0,1,0
131,0.643,0,0,0,1,1
132,0.71,0,0,0,1,1
132,0.441,2,2,2,1,1
132,0.508,1,0,1,1,0
132,0.687,0,2,0,1,0
132,0.559,1,1,1,1,1
132,0.42,2,2,2,1,1
132,0.767,2,0,2,1,0
132,0.601,1,1,1,1,1
132,0.501,2,2,2,1,1
132,0.696,0,2,0,1,0
132,0.543,2,2,2,1,1
132,0.607,0,0,0,1,1
132,0.7,0,1,0,1,0
132,0.6,1,1,1,1,1
132,0.666,0,2,0,1,0
132,0.567,1,1,1,1,1
132,0.517,2,1,2,1,0
132,0.458,2,2,2,1,1
132,0.702,0,2,0,1,0
132,0.547,2,2,2,1,1
132,0.531,0,0,0,1,1
132,0.663,1,2,1,1,0
132,0.544,1,1,1,1,1
132,0.9,1,0,1,1,0
132,0.413,2,2,2,1,1
132,0.761,2,0,2,1,0
132,0.389,2,0,2,1,0
132,0.672,0,1,0,1,0
132,0.517,0,0,0,1,1
132,0.664,2,0,2,1,0
132,0.459,2,2,2,1,1
132,0.465,2,2,2,1,1
132,0.857,1,1,1,1,1
132,0.505,0,1,0,1,0
132,0.686,0,1,0,1,0
132,0.529,0,0,0,1,1
132,0.637,1,1,1,1,1
132,0.627,1,1,1,1,1
132,0.67,2,0,2,1,0
132,0.685,2,1,2,1,0
132,0.476,2,2,2,1,1
132,0.403,2,2,2,1,1
132,0.705,0,2,0,1,0
132,0.555,0,2,0,1,0
132,0.476,0,0,0,1,1
132,0.698,0,1,0,1,0
132,0.73,2,1,2,1,0
132,0.709,1,0,1,1,0
132,0.676,2,2,2,1,1
132,0.57,2,2,2,1,1
132,1.002,1,0,1,1,0
132,0.571,0,0,0,1,1
132,0.586,1,1,1,1,1
132,0.602,1,2,1,1,0
132,0.624,0,0,0,1,1
132,0.544,2,0,2,1,0
132,0.631,2,1,2,1,0
132,0.69,1,2,1,1,0
132,0.522,1,2,1,1,0
132,0.484,2,2,2,1,1
132,0.532,2,1,2,1,0
132,0.534,0,0,0,1,1
132,0.599,0,0,0,1,1
132,0.731,2,0,2,1,0
132,0.628,0,2,0,1,0
132,0.777,0,1,0,1,0
132,0.699,1,2,1,1,0
132,0.765,2,2,2,1,1
132,0.68,1,2,1,1,0
132,0.625,1,1,1,1,1
132,0.57,1,1,1,1,1
132,0.769,0,1,0,1,0
132,0.594,2,2,2,1,1
132,0.541,0,0,0,1,1
132,0.645,1,1,1,1,1
132,0.715,1,1,1,1,1
132,0.528,0,0,0,1,1
132,0.514,0,0,0,1,1
132,0.52,1,1,1,1,1
132,0.635,2,1,2,1,0
132,0.875,1,0,1,1,0
132,0.807,2,0,0,1,0
132,0.71,2,1,2,1,0
132,0.667,0,2,0,1,0
132,0.47,0,0,0,1,1
132,0.656,1,1,1,1,1
132,0.682,0,0,0,1,1
132,0.586,0,1,0,1,0
132,0.734,1,0,1,1,0
132,0.628,1,2,1,1,0
132,0.686,1,0,1,1,0
132,0.688,1,2,1,1,0
132,0.637,0,0,0,1,1
133,0.513,2,0,2,1,0
133,0.564,0,0,0,1,1
133,0.363,1,1,1,1,1
133,0.525,0,0,0,1,1
133,0.335,1,2,1,1,0
133,0.413,1,1,1,1,1
133,0.464,2,2,2,1,1
133,0.32,1,0,1,1,0
133,0.413,0,0,0,1,1
133,0.469,0,1,0,1,0
133,0.411,1,1,2,1,1
133,0.489,1,2,1,1,0
133,0.613,0,0,0,1,1
133,0.597,0,0,0,1,1
133,0.485,0,0,0,1,1
133,0.425,0,1,0,1,0
133,0.38,0,2,0,1,0
133,0.473,2,2,1,1,1
133,0.492,1,2,1,1,0
133,0.548,0,2,0,1,0
133,0.538,1,0,1,1,0
133,0.532,1,1,1,1,1
133,0.606,2,2,2,1,1
133,0.557,0,0,0,1,1
133,0.608,0,2,0,1,0
133,0.514,1,2,1,1,0
133,0.477,0,0,0,1,1
133,0.555,1,1,1,1,1
133,0.371,2,1,2,1,0
133,0.449,2,2,2,1,1
133,0.669,0,2,0,1,0
133,0.564,0,0,0,1,1
133,0.466,0,1,0,1,0
133,0.547,2,2,2,1,1
133,0.551,1,2,1,1,0
133,0.593,2,2,2,1,1
133,0.552,2,2,2,1,1
133,0.519,1,1,1,1,1
133,0.592,2,1,2,1,0
133,0.608,0,2,0,1,0
133,0.655,2,2,2,1,1
133,0.521,1,1,1,1,1
133,0.553,2,2,2,1,1
133,0.563,0,1,0,1,0
133,0.515,0,0,0,1,1
133,0.554,2,2,2,1,1
133,0.561,0,2,0,1,0
133,0.575,2,2,2,1,1
133,0.536,2,2,2,1,1
133,0.399,2,1,2,1,0
133,0.601,1,1,1,1,1
133,0.553,1,0,1,1,0
133,0.53,2,0,2,1,0
133,0.516,0,1,0,1,0
133,0.509,1,1,1,1,1
133,0.451,1,0,1,1,0
133,0.554,2,1,2,1,0
133,0.565,0,1,0,1,0
133,0.523,1,2,1,1,0
133,0.571,0,0,0,1,1
133,0.63,2,2,2,1,1
133,0.542,2,0,2,1,0
133,0.557,0,2,0,1,0
133,0.552,1,0,1,1,0
133,0.36,1,0,1,1,0
133,0.481,0,0,0,1,1
133,0.587,2,2,2,1,1
133,0.478,1,1,1,1,1
133,0.587,2,1,2,1,0
133,0.525,1,1,1,1,1
133,0.406,1,1,1,1,1
133,0.545,0,0,0,1,1
133,0.505,1,0,1,1,0
133,0.405,1,2,1,1,0
133,0.54,0,1,0,1,0
133,0.52,1,1,1,1,1
133,0.445,1,1,1,1,1
133,0.752,2,0,2,1,0
133,0.545,2,2,2,1,1
133,0.399,2,1,2,1,0
133,0.454,2,0,2,1,0
133,0.491,2,2,2,1,1
133,0.386,2,0,2,1,0
133,0.598,0,0,0,1,1
133,0.576,2,0,2,1,0
133,0.497,2,0,2,1,0
133,0.636,0,0,0,1,1
133,0.584,2,1,2,1,0
133,0.53,1,1,1,1,1
133,0.6,2,1,2,1,0
133,0.493,1,0,1,1,0
133,0.397,0,2,0,1,0
133,0.517,1,2,1,1,0
133,0.471,1,1,1,1,1
133,0.591,0,0,0,1,1
134,1.02,1,1,1,1,1
134,0.576,1,1,1,1,1
134,0.634,0,0,0,1,1
134,0.74,2,2,2,1,1
134,0.778,1,1,1,1,1
134,0.702,2,1,2,1,0
134,0.704,0,2,0,1,0
134,0.788,1,1,1,1,1
134,0.613,2,0,2,1,0
134,0.683,0,1,0,1,0
134,1.094,2,2,2,1,1
134,0.67,2,2,2,1,1
134,1.406,2,2,2,1,1
134,0.667,0,2,0,1,0
134,1.39,1,2,2,1,0
134,0.425,1,1,1,1,1
134,0.733,0,1,0,1,0
134,1.413,2,0,2,1,0
134,0.755,0,0,0,1,1
134,0.704,0,2,0,1,0
134,0.518,1,0,1,1,0
134,0.983,0,0,0,1,1
134,0.942,0,0,0,1,1
134,1.16,0,1,0,1,0
134,1.423,1,1,2,1,1
134,0.594,2,2,2,1,1
134,0.812,2,2,2,1,1
134,0.514,1,1,1,1,1
134,0.554,0,2,0,1,0
134,1.21,2,2,2,1,1
134,1.044,0,0,0,1,1
134,1.118,1,1,1,1,1
134,0.704,2,1,2,1,0
134,0.606,0,2,0,1,0
134,0.993,2,1,2,1,0
134,0.684,1,2,1,1,0
134,0.954,0,0,0,1,1
134,0.711,0,0,0,1,1
134,1.129,2,0,2,1,0
134,0.962,0,0,0,1,1
134,0.898,2,2,2,1,1
134,0.648,1,2,2,1,0
134,0.699,1,2,1,1,0
134,1.086,2,0,2,1,0
134,0.561,0,1,0,1,0
134,0.844,0,0,0,1,1
134,1.208,1,0,1,1,0
134,0.673,2,2,2,1,1
134,0.443,2,1,2,1,0
134,0.76,1,0,0,1,0
134,0.405,1,2,1,1,0
134,0.905,0,2,0,1,0
134,1.01,0,0,0,1,1
134,1.248,2,2,2,1,1
134,0.61,0,0,0,1,1
134,1.054,2,1,2,1,0
134,0.73,2,2,2,1,1
134,0.701,2,1,2,1,0
134,0.738,2,0,2,1,0
134,0.709,1,1,1,1,1
134,0.6,1,1,1,1,1
134,0.716,1,1,1,1,1
134,0.776,1,2,1,1,0
134,0.567,1,0,1,1,0
134,0.456,0,0,0,1,1
134,0.719,1,2,1,1,0
134,0.769,2,2,2,1,1
134,0.617,0,0,0,1,1
134,0.744,0,1,0,1,0
134,0.556,0,0,0,1,1
134,0.967,2,2,2,1,1
134,1.297,0,1,0,1,0
134,0.547,0,0,0,1,1
134,0.764,1,1,2,1,1
134,0.466,1,0,1,1,0
134,0.986,0,1,0,1,0
134,0.944,1,0,1,1,0
134,0.668,0,2,0,1,0
134,1.339,2,1,2,1,0
134,0.859,0,2,0,1,0
134,0.649,1,1,1,1,1
134,0.496,1,0,1,1,0
134,0.558,2,0,2,1,0
134,0.558,1,1,1,1,1
134,0.414,1,2,1,1,0
134,1.095,2,2,2,1,1
134,0.783,0,0,0,1,1
134,0.889,2,0,2,1,0
134,1.379,2,1,2,1,0
134,0.663,2,0,2,1,0
134,0.554,2,2,2,1,1
134,0.523,2,2,2,1,1
134,1.011,1,1,1,1,1
134,0.373,1,0,1,1,0
135,0.877,1,1,1,1,1
135,0.805,0,1,0,1,0
135,0.798,1,1,1,1,1
135,0.9,0,2,0,1,0
135,0.784,1,1,1,1,1
135,1.277,2,0,2,1,0
135,0.829,1,1,1,1,1
135,1.071,0,0,0,1,1
135,1.167,2,1,2,1,0
135,1.366,2,1,2,1,0
135,0.903,1,1,1,1,1
135,1.433,2,2,2,1,1
135,0.993,2,2,2,1,1
135,0.859,0,1,0,1,0
135,0.78,1,2,1,1,0
135,1.1,0,1,0,1,0
135,0.598,0,0,0,1,1
135,0.879,0,2,0,1,0
135,0.496,0,0,0,1,1
135,1.187,1,1,1,1,1
135,0.609,0,0,0,1,1
135,1.119,2,2,2,1,1
135,0.844,2,1,2,1,0
135,1.099,1,0,1,1,0
135,0.787,0,0,0,1,1
135,1.215,1,2,1,1,0
135,1.167,1,0,1,1,0
135,0.665,1,2,1,1,0
135,0.576,0,0,0,1,1
135,0.932,2,2,2,1,1
135,0.908,0,2,1,1,0
135,0.7,1,1,1,1,1
135,0.454,0,2,0,1,0
135,0.514,0,0,0,1,1
135,1.108,2,0,2,1,0
135,0.923,1,1,1,1,1
135,0.537,0,0,0,1,1
135,1.139,1,2,1,1,0
135,0.924,1,0,1,1,0
135,0.959,2,2,2,1,1
135,0.857,1,1,1,1,1
135,0.842,1,2,1,1,0
135,0.787,0,1,0,1,0
135,0.941,1,0,1,1,0
135,1.198,1,0,1,1,0
135,0.84,0,1,0,1,0
135,1.05,2,2,1,1,1
135,0.638,0,0,0,1,1
135,0.616,0,0,0,1,1
135,1.187,2,1,2,1,0
135,1.11,1,0,1,1,0
135,1.006,2,2,2,1,1
135,0.708,0,2,0,1,0
135,1.055,0,1,0,1,0
135,1.159,1,2,1,1,0
135,0.656,0,0,0,1,1
135,1.194,1,1,1,1,1
135,0.651,1,0,1,1,0
135,1.429,0,1,0,1,0
135,1.079,2,0,2,1,0
135,0.672,1,1,1,1,1
135,1.313,2,0,0,1,0
135,1.381,1,2,1,1,0
135,0.892,0,2,0,1,0
135,1.167,2,0,1,1,0
135,0.818,1,0,1,1,0
135,0.763,2,2,2,1,1
135,0.612,2,2,2,1,1
135,1.103,1,1,1,1,1
135,1.257,2,2,2,1,1
135,1.001,2,1,2,1,0
135,0.595,2,2,2,1,1
135,0.63,0,0,0,1,1
135,0.876,1,1,1,1,1
135,0.877,1,1,1,1,1
135,0.699,2,2,2,1,1
135,0.944,2,0,0,1,0
135,0.993,2,1,2,1,0
135,0.442,2,1,2,1,0
135,0.477,0,0,0,1,1
135,0.682,0,2,0,1,0
135,0.572,0,2,0,1,0
135,0.975,2,2,2,1,1
135,0.984,2,0,2,1,0
135,0.659,0,0,0,1,1
135,0.796,2,2,2,1,1
135,0.788,1,1,1,1,1
135,0.922,2,2,2,1,1
135,0.652,0,0,0,1,1
135,0.62,0,0,0,1,1
135,0.951,1,2,1,1,0
135,0.617,1,1,1,1,1
135,0.696,2,2,1,1,1
135,0.746,2,0,2,1,0
135,0.867,0,1,0,1,0
135,1.3,2,1,2,1,0
136,0.933,0,2,0,1,0
136,0.735,2,2,2,1,1
136,0.532,2,2,2,1,1
136,1.12,0,1,0,1,0
136,0.761,1,1,1,1,1
136,1.379,1,0,1,1,0
136,0.821,1,2,1,1,0
136,0.91,0,1,0,1,0
136,0.846,1,1,1,1,1
136,0.577,1,1,1,1,1
136,0.946,0,0,0,1,1
136,0.919,2,2,2,1,1
136,0.899,0,0,0,1,1
136,0.92,1,2,1,1,0
136,0.697,1,1,1,1,1
136,0.801,1,2,1,1,0
136,0.84,2,1,0,1,0
136,0.55,2,2,2,1,1
136,0.72,1,1,1,1,1
136,0.85,0,2,0,1,0
136,0.976,1,1,1,1,1
136,0.534,0,0,0,1,1
136,0.968,2,1,1,1,0
136,1.084,0,2,0,1,0
136,0.879,1,2,1,1,0
136,0.65,2,2,2,1,1
136,0.54,2,0,2,1,0
136,0.951,2,2,2,1,1
136,0.88,0,2,0,1,0
136,0.992,0,1,0,1,0
136,1.208,2,2,1,1,1
136,0.591,2,2,2,1,1
136,1.101,1,1,1,1,1
136,1.144,2,0,2,1,0
136,1.1,2,1,2,1,0
136,0.922,0,1,0,1,0
136,0.934,2,2,2,1,1
136,0.86,2,1,2,1,0
136,0.841,1,2,2,1,0
136,0.939,1,1,1,1,1
136,1.2,2,1,2,1,0
136,0.849,1,0,1,1,0
136,0.929,1,0,2,1,0
136,1.391,2,0,2,1,0
136,0.583,2,0,2,1,0
136,1.219,2,1,2,1,0
136,1.086,1,0,1,1,0
136,1.313,0,0,1,1,1
136,1.485,1,2,1,1,0
136,1.249,1,0,1,1,0
136,0.79,0,0,0,1,1
136,0.788,0,0,0,1,1
136,0.582,0,0,1,1,1
136,0.992,1,1,1,1,1
136,0.676,0,0,0,1,1
136,0.499,0,1,0,1,0
136,1.01,1,0,1,1,0
136,0.591,0,0,0,1,1
136,0.799,1,1,1,1,1
136,1.107,2,2,2,1,1
136,1.05,1,1,1,1,1
136,1.072,1,0,1,1,0
136,1.135,2,2,2,1,1
136,1.253,2,0,2,1,0
136,0.984,1,1,1,1,1
136,1.15,0,0,0,1,1
136,1.202,2,0,2,1,0
136,1.185,0,0,0,1,1
136,1.08,2,2,2,1,1
136,1.308,0,1,0,1,0
136,1.062,1,1,1,1,1
136,0.968,2,1,2,1,0
136,0.88,1,1,1,1,1
136,0.92,0,0,0,1,1
136,0.943,0,1,1,1,0
136,1.43,0,2,0,1,0
136,0.721,0,0,0,1,1
136,0.821,2,2,2,1,1
136,0.849,0,0,0,1,1
136,0.702,0,0,0,1,1
136,0.991,0,1,0,1,0
136,1.259,1,2,1,1,0
136,1.03,2,2,2,1,1
136,0.902,1,2,1,1,0
136,0.615,1,1,1,1,1
136,0.727,0,0,0,1,1
136,0.912,0,2,0,1,0
136,0.58,0,2,0,1,0
136,1.011,2,2,2,1,1
136,1.578,1,0,0,1,0
136,0.85,1,1,0,1,1
136,0.676,2,2,2,1,1
136,0.946,2,1,2,1,0
137,0.793,1,1,1,1,1
137,0.936,2,2,2,1,1
137,0.549,0,1,0,1,0
137,0.709,0,0,0,1,1
137,0.817,1,2,1,1,0
137,1.193,2,0,2,1,0
137,0.833,1,1,1,1,1
137,0.939,0,2,0,1,0
137,0.612,0,0,0,1,1
137,0.765,2,1,2,1,0
137,0.575,2,2,2,1,1
137,0.942,0,2,0,1,0
137,0.612,0,1,0,1,0
137,0.716,1,0,1,1,0
137,0.902,0,0,0,1,1
137,0.728,2,2,2,1,1
137,0.873,0,1,0,1,0
137,0.774,1,0,1,1,0
137,0.951,1,0,1,1,0
137,1.139,2,2,2,1,1
137,0.624,0,0,0,1,1
137,0.683,2,1,1,1,0
137,1.36,2,0,2,1,0
137,0.458,2,0,2,1,0
137,0.668,0,2,0,1,0
137,0.778,0,0,0,1,1
137,0.797,1,0,1,1,0
137,0.936,2,2,2,1,1
137,1.489,2,2,2,1,1
137,0.663,1,2,1,1,0
137,0.752,1,0,1,1,0
137,0.659,1,1,1,1,1
137,0.888,2,0,0,1,0
137,0.633,1,1,1,1,1
137,1.18,2,2,2,1,1
137,1.016,0,1,0,1,0
137,0.599,0,0,0,1,1
137,0.651,0,0,0,1,1
137,0.8,2,1,2,1,0
137,0.621,1,1,1,1,1
137,0.713,2,2,2,1,1
137,0.684,1,2,1,1,0
137,1.324,1,0,2,1,0
137,0.908,2,0,0,1,0
137,0.831,1,1,1,1,1
137,0.695,1,1,1,1,1
137,0.771,0,0,0,1,1
137,0.59,0,0,0,1,1
137,0.405,0,0,0,1,1
137,1.08,2,0,2,1,0
137,0.485,2,2,2,1,1
137,0.959,0,0,0,1,1
137,0.74,1,0,1,1,0
137,0.868,2,2,2,1,1
137,0.653,0,1,0,1,0
137,0.753,2,1,2,1,0
137,0.601,1,1,1,1,1
137,0.77,2,1,2,1,0
137,0.636,0,1,0,1,0
137,0.987,0,2,0,1,0
137,0.66,1,1,1,1,1
137,0.662,1,2,1,1,0
137,0.813,0,0,0,1,1
137,0.927,0,1,0,1,0
137,1.445,1,2,1,1,0
137,0.753,0,2,0,1,0
137,0.659,2,2,2,1,1
137,0.543,1,1,1,1,1
137,0.905,2,0,0,1,0
137,0.887,0,2,0,1,0
137,0.763,0,0,0,1,1
137,0.651,0,0,0,1,1
137,0.739,1,1,1,1,1
137,1.115,1,2,1,1,0
137,0.62,1,1,1,1,1
137,1.14,2,1,2,1,0
137,0.587,2,2,2,1,1
137,0.725,1,1,1,1,1
137,1.054,2,2,2,1,1
137,0.789,2,2,2,1,1
137,1.036,0,1,0,1,0
137,1.199,2,1,2,1,0
137,0.723,1,2,1,1,0
137,0.822,1,2,1,1,0
137,1.01,2,2,2,1,1
137,0.756,1,0,1,1,0
137,0.506,0,2,0,1,0
137,1.484,1,1,1,1,1
137,0.888,2,1,2,1,0
137,0.583,0,0,0,1,1
137,0.822,0,2,0,1,0
137,0.696,1,1,1,1,1
137,0.709,1,1,1,1,1
137,1.39,2,2,2,1,1
137,0.434,0,0,0,1,1
138,0.928,2,1,2,1,0
138,0.878,2,2,2,1,1
138,1.257,1,0,1,1,0
138,1.095,1,2,1,1,0
138,0.986,2,2,2,1,1
138,1.36,2,1,2,1,0
138,0.849,0,0,0,1,1
138,0.603,0,0,0,1,1
138,1.089,1,2,1,1,0
138,1.03,2,2,2,1,1
138,1.113,1,0,1,1,0
138,1.182,2,2,2,1,1
138,1.06,1,1,1,1,1
138,1.135,1,0,1,1,0
138,0.684,0,0,0,1,1
138,0.729,0,2,0,1,0
138,0.638,0,2,0,1,0
138,1.108,1,2,1,1,0
138,1.291,0,2,0,1,0
138,0.652,0,0,0,1,1
138,1.308,2,2,2,1,1
138,1.251,0,1,0,1,0
138,1.182,2,2,2,1,1
138,1.008,2,2,2,1,1
138,1.029,2,0,2,1,0
138,1.159,0,1,0,1,0
138,1.366,2,0,2,1,0
138,1.099,2,1,2,1,0
138,1.104,1,0,1,1,0
138,1.058,1,1,1,1,1
138,1.428,2,1,2,1,0
138,0.855,2,0,2,1,0
138,1.184,2,0,2,1,0
138,1.44,2,2,2,1,1
138,1.049,1,1,1,1,1
138,0.937,2,2,2,1,1
138,1.013,1,0,1,1,0
138,1.003,2,2,2,1,1
138,0.9,0,0,0,1,1
138,0.915,0,1,0,1,0
138,0.845,1,1,1,1,1
138,1.076,2,1,2,1,0
138,1.139,1,1,1,1,1
138,0.601,1,1,1,1,1
138,0.829,1,0,1,1,0
138,0.838,2,2,2,1,1
138,0.905,2,0,2,1,0
138,0.837,2,1,2,1,0
138,1.278,1,1,1,1,1
138,0.967,0,0,0,1,1
138,1.022,2,2,2,1,1
138,0.97,0,1,0,1,0
138,1.096,2,2,2,1,1
138,0.95,0,0,0,1,1
138,1.052,1,1,1,1,1
138,1.207,0,1,0,1,0
138,1.365,2,0,2,1,0
138,1.185,0,0,0,1,1
138,1.164,2,2,2,1,1
138,1.097,0,0,0,1,1
138,0.932,1,2,1,1,0
138,0.626,1,2,1,1,0
138,0.598,1,1,1,1,1
138,1.177,2,0,2,1,0
138,0.728,0,0,0,1,1
138,0.925,0,1,0,1,0
138,0.457,0,2,0,1,0
138,0.937,2,2,2,1,1
138,1.019,1,1,1,1,1
138,0.511,1,1,1,1,1
138,1.07,2,0,2,1,0
138,1.008,0,0,0,1,1
138,0.773,0,2,0,1,0
138,1.142,2,1,2,1,0
138,1.309,0,0,0,1,1
138,1.294,1,0,1,1,0
138,1.179,1,1,1,1,1
138,0.934,0,2,0,1,0
138,0.899,1,1,1,1,1
138,0.841,1,2,1,1,0
138,0.594,1,1,1,1,1
138,0.492,1,1,1,1,1
138,0.672,1,2,1,1,0
138,0.945,0,0,0,1,1
138,0.93,1,1,1,1,1
138,0.889,0,1,0,1,0
138,0.511,0,0,0,1,1
138,0.71,0,1,0,1,0
138,0.646,0,2,0,1,0
138,0.987,2,1,2,1,0
138,1.034,1,2,1,1,0
138,1.047,2,2,2,1,1
138,0.653,0,0,0,1,1
138,0.617,0,0,0,1,1
138,0.82,0,2,0,1,0
139,0.776,0,0,0,1,1
139,0.635,0,0,0,1,1
139,0.892,0,1,0,1,0
139,0.876,1,1,1,1,1
139,0.687,0,2,0,1,0
139,0.732,2,0,2,1,0
139,0.613,2,1,2,1,0
139,0.53,2,2,2,1,1
139,0.841,2,1,2,1,0
139,0.761,1,0,1,1,0
139,0.64,1,0,1,1,0
139,0.96,2,2,2,1,1
139,0.998,0,2,0,1,0
139,0.86,2,1,2,1,0
139,0.691,0,0,0,1,1
139,0.705,2,2,2,1,1
139,0.811,1,0,1,1,0
139,0.765,1,0,1,1,0
139,0.879,2,0,2,1,0
139,0.615,2,0,2,1,0
139,0.673,2,1,2,1,0
139,0.609,2,0,2,1,0
139,0.543,2,2,2,1,1
139,0.808,0,1,0,1,0
139,0.766,1,1,1,1,1
139,0.897,2,2,2,1,1
139,0.667,1,1,1,1,1
139,0.906,0,0,0,1,1
139,0.863,2,2,2,1,1
139,0.591,2,2,2,1,1
139,0.734,0,0,0,1,1
139,0.829,2,2,2,1,1
139,0.566,2,2,2,1,1
139,0.645,1,1,1,1,1
139,0.824,0,2,0,1,0
139,0.794,1,2,1,1,0
139,0.581,1,1,1,1,1
139,0.623,1,0,1,1,0
139,0.568,1,1,1,1,1
139,0.706,2,1,2,1,0
139,0.775,1,1,1,1,1
139,0.88,2,1,2,1,0
139,1.023,1,1,2,1,1
139,0.742,0,2,0,1,0
139,1.075,0,1,0,1,0
139,0.889,1,1,1,1,1
139,0.675,0,0,0,1,1
139,0.811,1,1,1,1,1
139,0.604,1,1,1,1,1
139,0.626,0,0,0,1,1
139,1.069,0,1,0,1,0
139,0.796,2,2,2,1,1
139,0.518,2,2,2,1,1
139,0.89,1,1,1,1,1
139,0.953,2,0,2,1,0
139,0.451,2,2,2,1,1
139,0.753,1,0,1,1,0
139,0.691,0,1,0,1,0
139,0.941,1,2,1,1,0
139,0.757,1,2,1,1,0
139,0.661,0,0,0,1,1
139,0.649,0,1,0,1,0
139,0.939,2,1,2,1,0
139,0.959,2,0,2,1,0
139,0.571,1,1,1,1,1
139,0.805,0,0,0,1,1
139,0.602,0,0,0,1,1
139,0.561,0,0,0,1,1
139,1.171,1,2,1,1,0
139,0.55,1,2,1,1,0
139,0.75,2,2,2,1,1
139,0.593,1,2,1,1,0
139,0.898,2,2,2,1,1
139,0.75,0,0,0,1,1
139,0.891,1,2,1,1,0
139,0.901,2,0,2,1,0
139,0.843,0,1,0,1,0
139,0.638,0,2,0,1,0
139,0.955,2,2,1,1,1
139,0.903,0,0,0,1,1
139,1.023,0,0,0,1,1
139,0.722,1,0,1,1,0
139,0.723,2,2,2,1,1
139,0.633,1,1,1,1,1
139,0.775,0,2,0,1,0
139,0.618,0,0,0,1,1
139,0.622,0,1,0,1,0
139,1,2,0,2,1,0
139,0.922,1,1,1,1,1
139,1.259,0,2,0,1,0
139,0.623,0,0,0,1,1
139,1.016,1,2,1,1,0
139,0.586,1,1,1,1,1
139,0.83,2,1,2,1,0
140,0.553,2,2,2,1,1
140,0.561,2,2,2,1,1
140,0.812,0,1,0,1,0
140,0.57,0,0,0,1,1
140,0.522,2,2,2,1,1
140,0.684,0,1,0,1,0
140,0.515,1,1,1,1,1
140,0.752,2,1,2,1,0
140,0.642,1,2,1,1,0
140,0.623,1,1,1,1,1
140,0.541,2,2,2,1,1
140,0.596,0,0,0,1,1
140,0.625,0,2,0,1,0
140,0.505,0,0,0,1,1
140,0.539,2,2,2,1,1
140,0.713,0,1,0,1,0
140,0.82,1,2,1,1,0
140,0.917,1,0,1,1,0
140,0.639,2,0,2,1,0
140,0.684,1,2,1,1,0
140,0.615,1,1,1,1,1
140,0.893,2,1,2,1,0
140,0.547,2,2,2,1,1
140,0.908,1,0,1,1,0
140,0.576,0,1,0,1,0
140,0.532,0,0,0,1,1
140,0.577,2,2,2,1,1
140,0.681,0,1,0,1,0
140,0.471,1,1,1,1,1
140,0.583,1,1,1,1,1
140,0.482,1,1,1,1,1
140,0.604,2,1,2,1,0
140,0.631,1,2,1,1,0
140,0.682,0,2,0,1,0
140,0.773,0,1,0,1,0
140,0.587,2,1,2,1,0
140,0.458,0,0,0,1,1
140,0.488,0,0,0,1,1
140,0.47,0,0,0,1,1
140,0.835,2,0,2,1,0
140,0.582,2,1,2,1,0
140,0.474,2,2,2,1,1
140,0.593,0,2,0,1,0
140,0.568,1,0,1,1,0
140,0.52,1,2,1,1,0
140,0.65,0,0,2,1,1
140,0.781,0,1,0,1,0
140,0.64,0,2,0,1,0
140,0.46,0,2,0,1,0
140,0.688,1,2,1,1,0
140,0.647,2,2,2,1,1
140,0.538,1,1,1,1,1
140,0.479,0,0,0,1,1
140,0.687,2,1,2,1,0
140,0.669,1,0,1,1,0
140,0.605,1,0,1,1,0
140,0.519,2,2,2,1,1
140,0.5,0,0,0,1,1
140,0.534,1,1,1,1,1
140,0.579,0,0,0,1,1
140,0.558,0,1,0,1,0
140,0.497,1,1,1,1,1
140,0.683,2,0,2,1,0
140,0.645,2,2,2,1,1
140,0.537,1,1,1,1,1
140,0.731,2,0,2,1,0
140,0.888,1,2,1,1,0
140,0.58,1,1,1,1,1
140,0.546,1,2,1,1,0
140,0.628,0,2,0,1,0
140,0.499,0,2,0,1,0
140,0.645,2,0,1,1,0
140,0.521,2,2,2,1,1
140,0.525,2,0,2,1,0
140,0.742,0,0,0,1,1
140,0.783,2,0,2,1,0
140,0.521,2,2,2,1,1
140,0.699,0,0,0,1,1
140,0.718,1,0,1,1,0
140,0.528,2,1,2,1,0
140,0.52,2,2,2,1,1
140,0.653,0,2,0,1,0
140,0.547,1,1,1,1,1
140,0.976,1,0,1,1,0
140,0.479,2,2,2,1,1
140,0.503,2,2,2,1,1
140,0.575,1,1,1,1,1
140,0.505,1,1,1,1,1
140,0.601,0,0,0,1,1
140,0.681,2,1,2,1,0
140,0.632,0,0,0,1,1
140,0.493,0,0,0,1,1
140,0.489,1,1,1,1,1
140,0.574,1,1,1,1,1
140,0.677,2,0,2,1,0
141,0.687,1,1,1,1,1
141,0.762,0,0,0,1,1
141,0.722,2,0,2,1,0
141,0.821,1,1,1,1,1
141,0.884,2,0,2,1,0
141,0.529,2,2,2,1,1
141,0.719,1,2,1,1,0
141,0.735,0,2,0,1,0
141,0.636,1,1,1,1,1
141,0.799,1,2,1,1,0
141,0.779,0,2,0,1,0
141,0.586,1,1,1,1,1
141,0.439,2,2,2,1,1
141,0.768,1,0,1,1,0
141,0.924,2,1,2,1,0
141,0.837,0,2,0,1,0
141,0.793,0,2,0,1,0
141,0.64,0,0,0,1,1
141,0.681,1,0,1,1,0
141,0.889,0,0,0,1,1
141,0.722,0,2,0,1,0
141,0.562,2,2,2,1,1
141,0.874,1,2,1,1,0
141,0.695,2,1,2,1,0
141,0.61,1,1,1,1,1
141,1.054,0,0,0,1,1
141,0.603,2,2,2,1,1
141,0.852,2,2,2,1,1
141,0.536,2,2,2,1,1
141,0.462,2,2,2,1,1
141,0.582,0,0,0,1,1
141,0.569,1,1,1,1,1
141,0.598,1,2,1,1,0
141,0.662,2,2,2,1,1
141,0.554,1,1,1,1,1
141,0.866,2,0,0,1,0
141,0.549,2,2,2,1,1
141,0.625,2,1,2,1,0
141,0.435,2,0,2,1,0
141,0.714,0,1,0,1,0
141,0.756,1,0,1,1,0
141,0.639,0,0,0,1,1
141,0.636,0,0,0,1,1
141,0.735,1,1,1,1,1
141,0.914,0,0,0,1,1
141,0.807,1,2,1,1,0
141,0.614,1,1,1,1,1
141,0.592,0,0,0,1,1
141,0.967,0,1,0,1,0
141,0.856,2,1,1,1,0
141,0.613,2,2,2,1,1
141,1.204,0,1,0,1,0
141,0.58,0,1,0,1,0
141,0.847,1,0,1,1,0
141,0.686,1,1,1,1,1
141,0.656,0,1,0,1,0
141,0.755,0,1,0,1,0
141,0.671,2,0,2,1,0
141,0.489,1,1,1,1,1
141,0.615,0,0,0,1,1
141,1.107,1,2,1,1,0
141,0.729,2,2,2,1,1
141,0.621,0,0,0,1,1
141,1.031,0,2,0,1,0
141,0.645,0,0,0,1,1
141,0.57,1,1,1,1,1
141,0.758,1,1,1,1,1
141,0.815,0,2,0,1,0
141,0.517,1,1,1,1,1
141,0.772,1,0,1,1,0
141,0.606,2,2,2,1,1
141,0.801,2,1,2,1,0
141,0.912,0,0,0,1,1
141,0.715,1,0,1,1,0
141,0.688,0,0,0,1,1
141,0.717,0,2,0,1,0
141,0.675,2,0,2,1,0
141,1.186,0,0,0,1,1
141,0.574,1,1,1,1,1
141,0.649,1,0,1,1,0
141,0.791,2,1,2,1,0
141,0.902,2,1,2,1,0
141,1.064,0,0,0,1,1
141,1.085,1,2,1,1,0
141,0.831,2,0,2,1,0
141,0.78,1,0,1,1,0
141,1.015,2,2,2,1,1
141,0.59,0,1,0,1,0
141,0.673,0,1,0,1,0
141,0.838,2,1,2,1,0
141,0.539,2,2,2,1,1
141,0.695,2,2,2,1,1
141,0.827,1,1,1,1,1
141,0.658,2,0,2,1,0
141,0.549,2,2,2,1,1
142,0.663,1,1,1,1,1
142,0.467,1,1,1,1,1
142,0.589,2,2,2,1,1
142,0.348,2,2,2,1,1
142,0.657,0,2,0,1,0
142,0.456,0,0,0,1,1
142,0.485,0,2,0,1,0
142,0.514,2,2,2,1,1
142,0.547,1,1,1,1,1
142,0.391,1,1,1,1,1
142,0.387,1,1,1,1,1
142,0.406,1,1,1,1,1
142,0.978,2,0,2,1,0
142,0.7,2,2,2,1,1
142,0.45,2,0,2,1,0
142,0.398,2,0,2,1,0
142,0.612,1,1,1,1,1
142,0.623,0,0,0,1,1
142,0.407,0,1,0,1,0
142,0.409,0,0,0,1,1
142,0.446,0,2,0,1,0
142,0.765,1,0,1,1,0
142,0.663,1,0,1,1,0
142,0.363,1,2,1,1,0
142,0.557,2,2,2,1,1
142,0.611,0,1,0,1,0
142,0.682,2,0,2,1,0
142,0.701,0,2,0,1,0
142,0.644,1,0,1,1,0
142,0.489,2,1,2,1,0
142,0.601,1,2,1,1,0
142,0.497,2,1,2,1,0
142,0.458,2,2,2,1,1
142,0.478,0,2,0,1,0
142,0.75,2,2,2,1,1
142,0.464,2,1,2,1,0
142,0.603,0,0,0,1,1
142,0.47,1,1,1,1,1
142,0.394,1,2,1,1,0
142,0.41,1,1,1,1,1
142,0.597,2,1,2,1,0
142,0.524,0,0,0,1,1
142,0.417,0,2,0,1,0
142,0.569,1,2,2,1,0
142,0.752,2,1,2,1,0
142,0.675,0,0,0,1,1
142,0.995,2,1,2,1,0
142,0.482,2,1,2,1,0
142,0.44,1,2,1,1,0
142,0.704,0,1,0,1,0
142,0.694,1,0,2,1,0
142,0.861,0,0,0,1,1
142,0.424,1,0,1,1,0
142,0.657,2,2,2,1,1
142,0.552,2,0,2,1,0
142,0.546,1,1,1,1,1
142,0.633,0,2,0,1,0
142,0.635,2,2,2,1,1
142,0.645,2,0,2,1,0
142,0.554,0,0,0,1,1
142,0.682,2,2,2,1,1
142,1.045,2,0,2,1,0
142,0.45,1,1,1,1,1
142,0.415,1,0,1,1,0
142,0.379,1,1,1,1,1
142,1.079,0,1,0,1,0
142,0.821,1,1,1,1,1
142,0.847,0,1,0,1,0
142,0.507,1,1,1,1,1
142,0.547,2,2,2,1,1
142,0.624,1,2,1,1,0
142,0.561,2,2,2,1,1
142,0.69,1,2,1,1,0
142,0.683,0,0,0,1,1
142,0.375,0,0,0,1,1
142,0.425,0,0,0,1,1
142,0.582,1,1,1,1,1
142,0.547,2,2,2,1,1
142,0.627,0,0,0,1,1
142,0.626,0,0,0,1,1
142,0.603,2,2,2,1,1
142,0.689,1,2,2,1,0
142,0.791,1,0,1,1,0
142,0.42,1,1,1,1,1
142,0.996,0,0,0,1,1
142,0.567,2,2,1,1,1
142,0.743,0,0,0,1,1
142,0.931,2,0,2,1,0
142,0.669,0,1,0,1,0
142,0.831,2,1,2,1,0
142,0.648,0,2,0,1,0
142,0.697,1,0,1,1,0
142,0.495,2,2,2,1,1
142,0.669,0,1,0,1,0
142,0.53,0,0,0,1,1
143,0.94,0,1,0,1,0
143,0.701,2,1,2,1,0
143,0.732,2,0,2,1,0
143,0.712,1,2,1,1,0
143,0.337,0,0,0,1,1
143,0.644,2,2,2,1,1
143,0.59,1,1,1,1,1
143,0.578,0,0,0,1,1
143,0.596,2,0,2,1,0
143,0.509,1,1,1,1,1
143,0.815,0,1,0,1,0
143,1.228,1,1,1,1,1
143,0.557,0,0,0,1,1
143,0.561,2,2,2,1,1
143,0.802,1,1,1,1,1
143,0.835,1,2,2,1,0
143,1.334,1,2,1,1,0
143,0.752,2,2,2,1,1
143,1.147,1,2,1,1,0
143,1.173,1,0,1,1,0
143,0.296,2,2,0,1,1
143,0.689,0,0,0,1,1
143,1.011,0,2,0,1,0
143,0.783,1,2,2,1,0
143,1.29,1,0,1,1,0
143,0.7,2,2,2,1,1
143,1.111,2,0,2,1,0
143,0.954,2,1,2,1,0
143,1.093,2,2,2,1,1
143,1.378,1,1,1,1,1
143,0.97,0,1,0,1,0
143,1.478,0,2,0,1,0
143,0.761,0,1,0,1,0
143,0.971,2,0,2,1,0
143,1.052,0,0,0,1,1
143,0.966,0,1,0,1,0
143,0.448,0,2,0,1,0
143,1.162,0,1,0,1,0
143,0.661,2,0,2,1,0
143,0.927,2,2,2,1,1
143,0.906,2,1,2,1,0
143,0.436,2,2,2,1,1
143,1.303,1,1,0,1,1
143,0.955,2,2,2,1,1
143,0.935,2,2,2,1,1
143,1.373,1,2,1,1,0
143,0.735,0,0,0,1,1
143,0.722,2,2,2,1,1
143,0.876,1,1,1,1,1
143,0.574,0,0,0,1,1
143,0.825,1,1,0,1,1
143,0.794,0,0,0,1,1
143,0.668,2,2,2,1,1
143,0.661,0,0,0,1,1
143,0.56,2,2,2,1,1
143,0.682,1,1,1,1,1
143,0.611,0,2,0,1,0
143,1.038,2,2,2,1,1
143,1.103,1,0,1,1,0
143,1.01,0,0,0,1,1
143,1.076,1,1,1,1,1
143,0.72,1,0,1,1,0
143,1.361,0,2,1,1,0
143,0.884,2,0,2,1,0
143,0.799,2,1,2,1,0
143,0.979,1,1,1,1,1
143,1.221,0,1,0,1,0
143,1.027,0,2,0,1,0
143,0.581,0,0,0,1,1
143,0.863,0,0,0,1,1
143,1.376,1,1,1,1,1
143,0.54,2,1,2,1,0
143,1.062,1,0,1,1,0
143,0.543,0,1,0,1,0
143,0.866,2,0,2,1,0
143,1.397,1,2,1,1,0
143,0.566,2,1,2,1,0
143,0.673,0,2,0,1,0
143,1.323,1,0,1,1,0
143,0.478,1,0,1,1,0
143,0.505,1,2,1,1,0
143,0.5,1,1,1,1,1
143,0.582,0,0,0,1,1
143,0.76,0,0,0,1,1
143,0.851,2,2,2,1,1
143,0.67,2,0,2,1,0
143,0.527,1,1,1,1,1
143,0.586,0,0,0,1,1
143,0.477,0,0,0,1,1
144,0.769,1,0,1,1,0
144,0.553,2,2,2,1,1
144,0.464,0,0,0,1,1
144,0.43,2,0,2,1,0
144,0.422,2,2,2,1,1
144,0.453,2,0,2,1,0
144,0.626,0,0,0,1,1
144,0.755,2,0,2,1,0
144,0.752,2,1,2,1,0
144,0.388,2,2,2,1,1
144,0.716,0,1,0,1,0
144,0.482,2,2,2,1,1
144,0.432,0,0,0,1,1
144,0.477,2,1,2,1,0
144,0.443,2,2,2,1,1
144,0.495,2,1,2,1,0
144,0.476,2,1,2,1,0
144,0.5,2,0,2,1,0
144,0.645,1,2,1,1,0
144,0.805,0,2,0,1,0
144,0.573,2,2,2,1,1
144,0.684,1,1,1,1,1
144,0.779,0,1,0,1,0
144,0.501,1,0,1,1,0
144,0.699,2,2,2,1,1
144,0.78,1,1,1,1,1
144,0.569,1,1,1,1,1
144,0.661,2,1,2,1,0
144,0.736,1,2,1,1,0
144,0.501,2,2,2,1,1
144,0.523,1,0,1,1,0
144,0.49,1,1,1,1,1
144,0.468,1,0,1,1,0
144,0.506,0,0,0,1,1
144,0.731,1,0,1,1,0
144,0.462,1,2,1,1,0
144,0.694,2,2,2,1,1
144,0.606,0,1,0,1,0
144,0.531,0,0,0,1,1
144,0.578,0,2,0,1,0
144,0.736,1,1,1,1,1
144,0.738,0,1,0,1,0
144,0.643,1,1,1,1,1
144,0.738,0,0,0,1,1
144,0.577,2,2,2,1,1
144,0.668,1,2,1,1,0
144,0.714,1,2,1,1,0
144,0.62,1,1,1,1,1
144,0.64,0,1,0,1,0
144,0.623,1,1,1,1,1
144,0.615,2,2,2,1,1
144,0.35,2,0,2,1,0
144,0.673,0,2,0,1,0
144,0.517,0,0,0,1,1
144,0.657,0,2,0,1,0
144,0.778,1,1,1,1,1
144,0.652,0,0,0,1,1
144,0.839,2,2,2,1,1
144,0.482,2,1,2,1,0
144,0.95,0,1,0,1,0
144,0.67,1,0,1,1,0
144,0.686,0,1,0,1,0
144,0.683,0,2,0,1,0
144,0.448,0,0,0,1,1
144,0.853,1,1,1,1,1
144,0.792,2,0,2,1,0
144,0.654,0,0,0,1,1
144,1.109,2,2,2,1,1
144,0.469,2,1,2,1,0
144,0.594,1,2,1,1,0
144,0.516,1,1,1,1,1
144,0.5,1,1,1,1,1
144,0.675,0,2,0,1,0
144,0.773,0,2,0,1,0
144,0.779,2,2,2,1,1
144,0.65,1,1,1,1,1
144,0.711,0,0,2,1,1
144,0.792,2,1,2,1,0
144,0.834,2,0,2,1,0
144,0.676,1,1,1,1,1
144,0.83,2,0,2,1,0
144,0.605,0,0,0,1,1
144,0.91,2,2,2,1,1
144,0.659,0,0,0,1,1
144,0.609,0,1,0,1,0
144,0.461,0,0,0,1,1
144,0.885,0,2,0,1,0
144,0.42,0,0,0,1,1
144,0.988,1,0,1,1,0
144,0.475,1,1,1,1,1
144,0.428,1,1,1,1,1
144,0.659,2,2,2,1,1
144,0.714,1,2,1,1,0
145,0.651,0,0,0,1,1
145,0.864,1,1,1,1,1
145,0.667,0,0,0,1,1
145,0.736,0,0,0,1,1
145,0.818,1,0,1,1,0
145,1.072,1,2,1,1,0
145,0.942,2,1,2,1,0
145,0.873,1,2,1,1,0
145,0.68,2,1,2,1,0
145,0.881,0,1,0,1,0
145,1.001,1,2,1,1,0
145,0.989,0,1,0,1,0
145,0.817,0,2,0,1,0
145,0.686,0,0,0,1,1
145,0.711,0,0,0,1,1
145,0.999,0,1,0,1,0
145,0.781,1,1,1,1,1
145,0.881,0,2,0,1,0
145,0.789,2,2,2,1,1
145,0.787,2,1,2,1,0
145,0.751,1,1,1,1,1
145,0.966,1,2,1,1,0
145,0.786,0,2,0,1,0
145,0.86,2,1,2,1,0
145,0.825,1,1,1,1,1
145,0.679,2,2,2,1,1
145,0.74,2,2,2,1,1
145,1.096,2,0,2,1,0
145,0.966,1,1,1,1,1
145,0.715,1,1,1,1,1
145,1.048,2,0,2,1,0
145,0.729,2,0,2,1,0
145,0.777,0,0,0,1,1
145,0.886,1,1,1,1,1
145,0.676,0,1,0,1,0
145,0.81,0,0,0,1,1
145,0.696,2,2,2,1,1
145,0.422,2,2,2,1,1
145,0.848,1,2,1,1,0
145,0.812,0,0,0,1,1
145,0.73,2,0,2,1,0
145,0.574,2,2,2,1,1
145,0.977,2,0,2,1,0
145,1.015,0,2,0,1,0
145,0.763,1,0,1,1,0
145,0.665,1,2,1,1,0
145,0.576,0,2,2,1,0
145,0.816,1,1,1,1,1
145,0.75,0,2,0,1,0
145,0.71,0,0,0,1,1
145,0.843,1,1,1,1,1
145,0.585,2,0,2,1,0
145,0.683,1,1,1,1,1
145,0.892,1,1,1,1,1
145,0.634,2,2,2,1,1
145,0.702,1,2,1,1,0
145,0.653,2,0,2,1,0
145,0.596,1,1,1,1,1
145,0.737,2,1,2,1,0
145,0.832,2,1,2,1,0
145,0.733,0,2,0,1,0
145,0.98,1,0,1,1,0
145,0.511,2,2,2,1,1
145,0.652,0,0,0,1,1
145,0.624,0,0,0,1,1
145,0.742,1,0,1,1,0
145,0.924,2,2,2,1,1
145,0.869,1,1,1,1,1
145,0.862,0,1,0,1,0
145,0.689,1,1,1,1,1
145,0.69,2,0,2,1,0
145,0.767,0,0,0,1,1
145,0.827,1,0,1,1,0
145,0.638,0,0,0,1,1
145,0.704,1,0,1,1,0
145,0.843,0,1,0,1,0
145,0.653,2,1,2,1,0
145,0.554,2,2,2,1,1
145,0.516,2,2,2,1,1
145,0.538,2,2,2,1,1
145,0.887,1,2,1,1,0
145,0.758,0,1,0,1,0
145,0.495,2,2,2,1,1
145,0.666,1,1,1,1,1
145,0.726,0,0,0,1,1
145,0.8,0,1,0,1,0
145,0.529,2,2,2,1,1
145,0.487,0,0,2,1,1
145,0.592,0,0,0,1,1
145,0.712,1,1,1,1,1
145,0.834,0,2,2,1,0
145,0.744,1,0,1,1,0
145,0.603,2,2,2,1,1
146,0.861,0,2,1,1,0
146,0.554,0,0,0,1,1
146,0.767,0,1,0,1,0
146,0.735,1,1,1,1,1
146,0.642,0,1,0,1,0
146,0.636,0,1,1,1,0
146,0.704,2,2,2,1,1
146,0.712,2,2,2,1,1
146,0.653,2,1,2,1,0
146,0.895,1,0,1,1,0
146,0.57,2,2,2,1,1
146,0.913,2,1,2,1,0
146,0.873,1,0,1,1,0
146,0.709,2,0,2,1,0
146,0.562,0,2,2,1,0
146,0.887,0,2,0,1,0
146,0.796,0,1,0,1,0
146,0.502,0,1,0,1,0
146,0.561,0,0,0,1,1
146,0.57,0,0,0,1,1
146,0.42,0,0,0,1,1
146,0.373,0,0,0,1,1
146,0.723,2,1,0,1,0
146,0.875,2,0,2,1,0
146,0.553,2,1,2,1,0
146,0.607,2,0,2,1,0
146,0.651,1,1,1,1,1
146,0.7,1,2,1,1,0
146,0.706,2,0,2,1,0
146,0.783,1,2,1,1,0
146,0.474,0,0,0,1,1
146,0.513,2,2,2,1,1
146,0.776,1,0,0,1,0
146,0.603,2,1,2,1,0
146,0.525,0,0,0,1,1
146,0.528,0,0,0,1,1
146,0.704,0,1,0,1,0
146,0.676,0,2,0,1,0
146,0.569,1,2,2,1,0
146,0.442,1,1,1,1,1
146,0.907,2,1,2,1,0
146,0.653,0,2,0,1,0
146,0.597,1,1,1,1,1
146,0.556,1,1,1,1,1
146,0.565,2,2,2,1,1
146,0.534,2,2,2,1,1
146,0.97,1,2,1,1,0
146,0.466,1,2,1,1,0
146,0.464,2,2,2,1,1
146,0.499,2,2,2,1,1
146,0.629,1,2,1,1,0
146,0.559,0,0,0,1,1
146,0.517,0,0,0,1,1
146,0.591,1,1,1,1,1
146,0.734,2,0,2,1,0
146,0.598,1,1,1,1,1
146,0.635,1,1,1,1,1
146,0.463,1,0,1,1,0
146,0.521,0,0,0,1,1
146,0.474,2,0,2,1,0
146,0.661,2,1,2,1,0
146,0.587,1,1,1,1,1
146,0.74,2,0,2,1,0
146,0.553,1,1,1,1,1
146,0.494,1,1,1,1,1
146,0.662,1,0,1,1,0
146,0.596,0,0,0,1,1
146,0.508,1,1,1,1,1
146,0.598,0,2,0,1,0
146,0.66,0,0,0,1,1
146,0.523,1,1,1,1,1
146,0.959,1,2,1,1,0
146,0.646,1,0,1,1,0
146,0.454,2,2,2,1,1
146,0.516,2,2,2,1,1
146,0.581,2,1,2,1,0
146,0.486,2,2,2,1,1
146,0.565,1,2,1,1,0
146,0.682,2,0,2,1,0
146,0.556,0,0,0,1,1
146,0.554,1,1,1,1,1
146,0.475,2,2,2,1,1
146,0.654,1,1,1,1,1
146,0.484,1,0,1,1,0
146,0.549,1,0,1,1,0
146,0.858,0,2,0,1,0
146,0.627,0,1,1,1,0
146,0.61,0,0,0,1,1
146,0.558,2,2,2,1,1
146,0.81,0,0,0,1,1
146,0.47,2,2,2,1,1
146,0.761,0,1,0,1,0
146,0.457,2,2,2,1,1
146,0.545,2,2,2,1,1
146,0.876,0,2,0,1,0
146,0.602,1,1,1,1,1
147,0.537,0,1,0,1,0
147,0.805,2,2,2,1,1
147,0.546,0,1,0,1,0
147,0.523,0,0,0,1,1
147,0.543,1,1,1,1,1
147,0.492,0,0,0,1,1
147,0.637,0,1,0,1,0
147,0.448,0,0,0,1,1
147,0.457,0,0,0,1,1
147,0.544,1,1,1,1,1
147,0.531,0,0,0,1,1
147,0.622,2,0,2,1,0
147,0.653,1,0,1,1,0
147,0.476,0,0,0,1,1
147,0.413,0,1,0,1,0
147,0.538,0,1,0,1,0
147,0.448,1,1,1,1,1
147,0.544,2,0,2,1,0
147,0.575,1,1,1,1,1
147,0.578,0,2,2,1,0
147,0.668,2,2,2,1,1
147,0.496,1,1,1,1,1
147,0.511,2,0,2,1,0
147,0.56,0,2,0,1,0
147,0.575,2,2,2,1,1
147,0.512,1,1,1,1,1
147,0.559,2,2,0,1,1
147,0.543,2,2,2,1,1
147,0.497,2,2,2,1,1
147,0.465,2,1,2,1,0
147,0.397,2,2,2,1,1
147,0.622,0,0,0,1,1
147,0.485,2,2,2,1,1
147,0.709,0,2,0,1,0
147,0.451,0,2,0,1,0
147,0.443,2,0,2,1,0
147,0.422,2,1,2,1,0
147,0.47,2,2,2,1,1
147,0.574,2,2,2,1,1
147,0.511,2,1,2,1,0
147,0.475,0,0,0,1,1
147,0.638,1,2,1,1,0
147,0.567,1,1,1,1,1
147,0.538,2,2,0,1,1
147,0.607,0,2,0,1,0
147,0.606,0,1,0,1,0
147,0.715,0,0,0,1,1
147,0.568,2,0,2,1,0
147,0.762,0,2,0,1,0
147,0.468,2,2,2,1,1
147,0.503,0,0,0,1,1
147,0.64,2,1,2,1,0
147,0.48,2,2,2,1,1
147,0.766,0,1,0,1,0
147,0.591,2,1,2,1,0
147,0.769,0,2,0,1,0
147,0.51,0,0,0,1,1
147,0.814,1,2,1,1,0
147,0.557,1,2,1,1,0
147,0.565,2,2,2,1,1
147,0.716,1,0,1,1,0
147,0.559,1,1,1,1,1
147,0.66,0,2,0,1,0
147,0.544,1,1,1,1,1
147,0.497,1,1,1,1,1
147,0.505,2,2,2,1,1
147,0.495,0,0,0,1,1
147,0.388,0,0,0,1,1
147,0.594,1,0,1,1,0
147,0.431,1,2,1,1,0
147,0.442,1,0,1,1,0
147,0.408,1,1,1,1,1
147,0.388,1,0,1,1,0
147,0.366,1,1,1,1,1
147,0.4,1,1,1,1,1
147,0.569,0,1,0,1,0
147,0.834,2,0,2,1,0
147,0.778,1,2,1,1,0
147,0.546,1,1,1,1,1
147,0.632,0,0,0,1,1
147,0.512,1,2,1,1,0
147,0.437,1,1,1,1,1
147,0.477,0,0,0,1,1
147,0.668,2,0,2,1,0
147,0.615,1,0,1,1,0
147,0.762,1,2,1,1,0
147,0.557,1,0,1,1,0
147,0.605,2,1,2,1,0
147,0.711,1,0,1,1,0
147,0.569,2,0,0,1,0
147,0.428,1,1,1,1,1
147,0.508,2,1,2,1,0
147,0.458,1,2,1,1,0
147,0.528,0,0,0,1,1
147,0.616,2,1,2,1,0
148,0.652,2,2,2,1,1
148,0.572,1,1,1,1,1
148,0.598,1,1,1,1,1
148,0.756,2,0,0,1,0
148,0.685,1,2,1,1,0
148,0.789,1,0,1,1,0
148,0.701,2,1,2,1,0
148,0.765,0,0,0,1,1
148,0.558,0,0,0,1,1
148,0.543,0,0,0,1,1
148,0.631,2,2,2,1,1
148,0.567,1,2,1,1,0
148,0.448,1,2,1,1,0
148,0.585,2,1,2,1,0
148,0.889,1,0,1,1,0
148,0.392,1,0,1,1,0
148,0.689,0,0,0,1,1
148,0.688,1,1,1,1,1
148,0.69,2,0,2,1,0
148,0.473,2,0,2,1,0
148,0.465,2,0,2,1,0
148,0.578,1,1,1,1,1
148,0.539,2,2,2,1,1
148,0.723,0,1,0,1,0
148,0.667,1,0,1,1,0
148,0.459,1,1,1,1,1
148,0.645,2,2,2,1,1
148,0.556,2,0,2,1,0
148,0.396,2,2,2,1,1
148,0.573,2,0,2,1,0
148,0.59,1,0,1,1,0
148,0.47,1,2,1,1,0
148,0.503,2,2,2,1,1
148,0.544,1,1,1,1,1
148,0.601,0,0,2,1,1
148,0.801,2,0,2,1,0
148,0.578,1,1,1,1,1
148,0.513,1,1,1,1,1
148,0.497,1,2,1,1,0
148,0.535,1,2,1,1,0
148,0.606,0,2,0,1,0
148,0.407,0,0,0,1,1
148,0.569,0,2,0,1,0
148,0.536,2,2,2,1,1
148,0.424,2,2,2,1,1
148,0.465,1,0,1,1,0
148,0.579,2,2,2,1,1
148,0.707,0,1,0,1,0
148,0.468,1,1,1,1,1
148,0.636,0,0,0,1,1
148,0.638,0,1,0,1,0
148,0.43,0,0,0,1,1
148,0.695,0,2,0,1,0
148,0.607,1,0,1,1,0
148,0.808,2,1,2,1,0
148,0.534,0,0,0,1,1
148,0.647,0,1,0,1,0
148,0.504,0,0,0,1,1
148,0.689,1,2,1,1,0
148,0.801,0,1,1,1,0
148,0.665,2,1,2,1,0
148,0.69,0,2,0,1,0
148,0.539,0,0,0,1,1
148,0.427,1,1,1,1,1
148,0.396,1,1,1,1,1
148,0.604,0,2,0,1,0
148,0.653,2,0,2,1,0
148,0.685,0,1,0,1,0
148,0.605,0,0,0,1,1
148,0.653,2,1,2,1,0
148,0.567,0,0,0,1,1
148,0.423,0,0,0,1,1
148,0.519,1,1,1,1,1
148,0.67,2,2,2,1,1
148,0.689,1,2,1,1,0
148,0.407,2,2,2,1,1
148,0.695,2,1,2,1,0
148,0.392,2,2,2,1,1
148,0.392,2,2,2,1,1
148,0.576,0,1,0,1,0
148,0.393,0,2,0,1,0
148,0.569,1,0,1,1,0
148,0.586,2,2,2,1,1
148,0.658,1,1,1,1,1
148,0.403,0,2,0,1,0
148,0.916,0,2,0,1,0
148,0.54,0,0,0,1,1
148,0.604,2,2,2,1,1
148,0.86,2,1,2,1,0
148,0.405,0,0,0,1,1
148,0.486,1,1,1,1,1
148,0.535,1,1,1,1,1
148,0.407,2,1,2,1,0
148,0.544,0,1,1,1,0
148,0.624,1,1,1,1,1
148,0.529,2,2,2,1,1
149,1.413,1,1,1,1,1
149,1.178,2,0,2,1,0
149,0.816,2,2,2,1,1
149,1.184,2,0,2,1,0
149,0.998,1,0,1,1,0
149,0.856,1,0,1,1,0
149,0.828,1,0,1,1,0
149,0.692,2,2,2,1,1
149,1.067,2,0,2,1,0
149,0.946,2,1,2,1,0
149,1.188,0,1,0,1,0
149,1.03,0,0,0,1,1
149,1.027,0,2,0,1,0
149,0.753,0,1,0,1,0
149,1.229,2,1,2,1,0
149,1.103,0,1,0,1,0
149,0.92,1,2,1,1,0
149,1.37,0,1,0,1,0
149,0.973,1,1,1,1,1
149,0.87,0,0,0,1,1
149,0.986,2,2,2,1,1
149,1.063,2,1,2,1,0
149,0.906,1,2,1,1,0
149,0.983,0,0,0,1,1
149,1.168,2,1,2,1,0
149,0.731,2,2,2,1,1
149,0.831,1,1,1,1,1
149,1.062,0,2,0,1,0
149,1.404,1,1,1,1,1
149,1.101,1,2,1,1,0
149,0.8,1,0,1,1,0
149,0.665,1,1,1,1,1
149,0.978,0,0,0,1,1
149,0.805,1,1,1,1,1
149,0.996,2,1,2,1,0
149,1.143,0,1,0,1,0
149,0.904,1,2,1,1,0
149,1.168,1,0,1,1,0
149,0.772,0,0,0,1,1
149,0.818,2,2,2,1,1
149,1.286,0,2,0,1,0
149,1.295,2,0,2,1,0
149,0.77,0,0,0,1,1
149,1.027,0,1,0,1,0
149,0.892,2,2,2,1,1
149,0.921,0,0,0,1,1
149,1.072,1,0,1,1,0
149,0.739,1,2,1,1,0
149,0.828,0,2,0,1,0
149,0.583,0,0,0,1,1
149,0.977,1,2,1,1,0
149,1.309,2,2,2,1,1
149,0.821,2,2,2,1,1
149,1.092,0,1,0,1,0
149,1.048,2,2,2,1,1
149,0.618,1,1,1,1,1
149,1.281,2,0,2,1,0
149,0.909,0,2,0,1,0
149,0.848,0,0,0,1,1
149,0.686,1,1,1,1,1
149,0.623,1,1,1,1,1
149,0.904,0,0,0,1,1
149,0.684,1,1,1,1,1
149,0.859,2,1,2,1,0
149,0.677,1,1,1,1,1
149,0.858,1,0,1,1,0
149,1.167,2,1,2,1,0
149,0.803,2,2,2,1,1
149,0.708,2,2,2,1,1
149,0.744,1,1,1,1,1
149,0.913,0,2,0,1,0
149,1.185,2,0,2,1,0
149,0.936,1,2,1,1,0
149,0.954,0,0,0,1,1
149,0.772,0,0,0,1,1
149,0.972,2,2,2,1,1
149,0.95,1,2,1,1,0
149,0.905,2,2,2,1,1
149,1.009,2,0,2,1,0
149,0.575,2,0,2,1,0
149,0.586,2,2,2,1,1
149,1.255,0,1,0,1,0
149,1.138,1,0,1,1,0
149,0.72,1,1,1,1,1
149,1.184,0,2,0,1,0
149,0.836,0,0,0,1,1
149,0.626,1,1,1,1,1
149,0.619,1,1,1,1,1
149,1.041,0,2,0,1,0
149,0.613,0,0,0,1,1
149,0.585,0,0,0,1,1
149,1.057,1,1,1,1,1
